ISO-10303-21;
HEADER;
FILE_DESCRIPTION (( 'STEP AP214' ),
    '1' );
FILE_NAME ('N1004_base.STEP',
    '2026-01-16T02:03:13',
    ( '' ),
    ( '' ),
    'SwSTEP 2.0',
    'SolidWorks 2024',
    '' );
FILE_SCHEMA (( 'AUTOMOTIVE_DESIGN' ));
ENDSEC;

DATA;
#1 = DIRECTION ( 'NONE',  ( 1.000000000000000000, 0.000000000000000000, 0.000000000000000000 ) ) ;
#2 = ORIENTED_EDGE ( 'NONE', *, *, #2032, .T. ) ;
#3 = SPHERICAL_SURFACE ( 'NONE', #1593, 50.00000000000000711 ) ;
#4 = ADVANCED_FACE ( 'NONE', ( #2009 ), #127, .F. ) ;
#5 = FACE_OUTER_BOUND ( 'NONE', #899, .T. ) ;
#6 = CARTESIAN_POINT ( 'NONE',  ( 0.000000000000000000, 0.000000000000000000, -75.00000000000000000 ) ) ;
#7 = DIRECTION ( 'NONE',  ( 0.000000000000000000, 0.000000000000000000, -1.000000000000000000 ) ) ;
#8 = ADVANCED_FACE ( 'NONE', ( #780 ), #2216, .T. ) ;
#9 = CARTESIAN_POINT ( 'NONE',  ( -1.249999999999995559, 115.0384122306388974, 0.000000000000000000 ) ) ;
#10 = ORIENTED_EDGE ( 'NONE', *, *, #837, .T. ) ;
#11 = CARTESIAN_POINT ( 'NONE',  ( 138.7571426749364036, 49.98437255783147037, -75.00000000000000000 ) ) ;
#12 = FACE_OUTER_BOUND ( 'NONE', #2110, .T. ) ;
#13 = AXIS2_PLACEMENT_3D ( 'NONE', #523, #2597, #758 ) ;
#14 = EDGE_LOOP ( 'NONE', ( #2556, #828, #320 ) ) ;
#15 = CARTESIAN_POINT ( 'NONE',  ( 140.0071426749354657, 140.0071426749373700, -75.00000000000000000 ) ) ;
#16 = CARTESIAN_POINT ( 'NONE',  ( 24.99999999999977973, 0.000000000000000000, 0.000000000000000000 ) ) ;
#17 = AXIS2_PLACEMENT_3D ( 'NONE', #2628, #2004, #583 ) ;
#18 = EDGE_CURVE ( 'NONE', #2616, #358, #766, .T. ) ;
#19 = CYLINDRICAL_SURFACE ( 'NONE', #1599, 24.99999999999977973 ) ;
#20 = AXIS2_PLACEMENT_3D ( 'NONE', #1146, #1974, #2596 ) ;
#21 = CARTESIAN_POINT ( 'NONE',  ( -1.249999999999995559, -24.96873044429750266, 0.000000000000000000 ) ) ;
#22 = EDGE_CURVE ( 'NONE', #2277, #1457, #1887, .T. ) ;
#23 = AXIS2_PLACEMENT_3D ( 'NONE', #234, #2053, #650 ) ;
#24 = EDGE_LOOP ( 'NONE', ( #1526, #1343, #765 ) ) ;
#25 = CARTESIAN_POINT ( 'NONE',  ( 0.000000000000000000, 141.2571426749364036, -240.4646326056195562 ) ) ;
#26 = CIRCLE ( 'NONE', #979, 54.99999999999999289 ) ;
#27 = VECTOR ( 'NONE', #45, 1000.000000000000000 ) ;
#28 = DIRECTION ( 'NONE',  ( 1.000000000000000000, 0.000000000000000000, 0.000000000000000000 ) ) ;
#29 = ORIENTED_EDGE ( 'NONE', *, *, #396, .F. ) ;
#30 = ORIENTED_EDGE ( 'NONE', *, *, #1394, .T. ) ;
#31 = LINE ( 'NONE', #1282, #2532 ) ;
#32 = PLANE ( 'NONE',  #636 ) ;
#33 = CARTESIAN_POINT ( 'NONE',  ( -1.249999999999995559, 24.96873044429750266, 0.000000000000000000 ) ) ;
#34 = EDGE_CURVE ( 'NONE', #2612, #2447, #245, .T. ) ;
#35 = DIRECTION ( 'NONE',  ( -0.000000000000000000, -0.000000000000000000, 1.000000000000000000 ) ) ;
#36 = EDGE_LOOP ( 'NONE', ( #1718, #879, #1601 ) ) ;
#37 = DIRECTION ( 'NONE',  ( 1.000000000000000000, 0.000000000000000000, 0.000000000000000000 ) ) ;
#38 = EDGE_CURVE ( 'NONE', #688, #1926, #289, .T. ) ;
#39 = DIRECTION ( 'NONE',  ( 0.000000000000000000, 1.665855198053140877E-15, -1.000000000000000000 ) ) ;
#40 = ORIENTED_EDGE ( 'NONE', *, *, #787, .F. ) ;
#41 = VERTEX_POINT ( 'NONE', #936 ) ;
#42 = DIRECTION ( 'NONE',  ( 0.000000000000000000, 1.000000000000000000, -0.000000000000000000 ) ) ;
#43 = EDGE_LOOP ( 'NONE', ( #115, #481, #2602 ) ) ;
#44 = SPHERICAL_SURFACE ( 'NONE', #972, 55.00000000000000711 ) ;
#45 = DIRECTION ( 'NONE',  ( 0.000000000000000000, 0.000000000000000000, -1.000000000000000000 ) ) ;
#46 = CARTESIAN_POINT ( 'NONE',  ( 140.0071426749354657, 140.0071426749373700, -75.00000000000000000 ) ) ;
#47 = VERTEX_POINT ( 'NONE', #1579 ) ;
#48 = DIRECTION ( 'NONE',  ( -0.000000000000000000, -0.000000000000000000, 1.000000000000000000 ) ) ;
#49 = SPHERICAL_SURFACE ( 'NONE', #2495, 50.00000000000000711 ) ;
#50 = ADVANCED_FACE ( 'NONE', ( #137 ), #540, .F. ) ;
#51 = VERTEX_POINT ( 'NONE', #110 ) ;
#52 = EDGE_LOOP ( 'NONE', ( #563, #408, #617, #861 ) ) ;
#53 = FACE_OUTER_BOUND ( 'NONE', #732, .T. ) ;
#54 = EDGE_LOOP ( 'NONE', ( #1280, #736, #495, #2501 ) ) ;
#55 = VECTOR ( 'NONE', #242, 1000.000000000000000 ) ;
#56 = DIRECTION ( 'NONE',  ( 0.000000000000000000, 0.000000000000000000, 1.000000000000000000 ) ) ;
#57 = CARTESIAN_POINT ( 'NONE',  ( 189.9915152327660053, 138.7571426749373700, -75.00000000000000000 ) ) ;
#58 = VECTOR ( 'NONE', #368, 1000.000000000000000 ) ;
#59 = DIRECTION ( 'NONE',  ( 0.000000000000000000, 0.000000000000000000, -1.000000000000000000 ) ) ;
#60 = EDGE_LOOP ( 'NONE', ( #1127, #2546, #466 ) ) ;
#61 = AXIS2_PLACEMENT_3D ( 'NONE', #638, #1464, #2093 ) ;
#62 = CARTESIAN_POINT ( 'NONE',  ( 141.2571426749364036, 9.432096092759043820E-13, -232.7342928576809982 ) ) ;
#63 = CIRCLE ( 'NONE', #1501, 24.99999999999955591 ) ;
#64 = AXIS2_PLACEMENT_3D ( 'NONE', #1445, #2081, #1229 ) ;
#65 = FACE_OUTER_BOUND ( 'NONE', #2212, .T. ) ;
#66 = ORIENTED_EDGE ( 'NONE', *, *, #881, .T. ) ;
#67 = EDGE_LOOP ( 'NONE', ( #264, #1808, #708 ) ) ;
#68 = AXIS2_PLACEMENT_3D ( 'NONE', #2675, #2049, #1648 ) ;
#69 = CIRCLE ( 'NONE', #894, 49.98437255783051825 ) ;
#70 = EDGE_CURVE ( 'NONE', #1499, #2595, #63, .T. ) ;
#71 = CARTESIAN_POINT ( 'NONE',  ( 138.7571426749364036, 24.96873044429822031, -118.3012701892221941 ) ) ;
#72 = AXIS2_PLACEMENT_3D ( 'NONE', #1627, #1250, #2589 ) ;
#73 = VERTEX_POINT ( 'NONE', #975 ) ;
#74 = ADVANCED_FACE ( 'NONE', ( #2024 ), #2417, .T. ) ;
#75 = CARTESIAN_POINT ( 'NONE',  ( 140.0071426749354657, 140.0071426749373700, -75.00000000000000000 ) ) ;
#76 = CARTESIAN_POINT ( 'NONE',  ( 141.2571426749354657, 140.0071426749373700, -286.7359794649931928 ) ) ;
#77 = ORIENTED_EDGE ( 'NONE', *, *, #187, .F. ) ;
#78 = DIRECTION ( 'NONE',  ( -0.000000000000000000, -0.000000000000000000, 1.000000000000000000 ) ) ;
#79 = CARTESIAN_POINT ( 'NONE',  ( 140.0071426749364036, 9.432096092759043820E-13, 0.000000000000000000 ) ) ;
#80 = EDGE_LOOP ( 'NONE', ( #862, #2652, #2400 ) ) ;
#81 = ORIENTED_EDGE ( 'NONE', *, *, #276, .T. ) ;
#82 = DIRECTION ( 'NONE',  ( -0.000000000000000000, -0.000000000000000000, 1.000000000000000000 ) ) ;
#83 = ORIENTED_EDGE ( 'NONE', *, *, #1402, .T. ) ;
#84 = DIRECTION ( 'NONE',  ( -0.000000000000000000, 1.000000000000000000, 0.000000000000000000 ) ) ;
#85 = DIRECTION ( 'NONE',  ( -0.000000000000000000, -0.000000000000000000, 1.000000000000000000 ) ) ;
#86 = ADVANCED_FACE ( 'NONE', ( #1181 ), #2389, .F. ) ;
#87 = LINE ( 'NONE', #1346, #191 ) ;
#88 = DIRECTION ( 'NONE',  ( 0.000000000000000000, 0.000000000000000000, -1.000000000000000000 ) ) ;
#89 = ADVANCED_FACE ( 'NONE', ( #370 ), #1417, .F. ) ;
#90 = ORIENTED_EDGE ( 'NONE', *, *, #1474, .T. ) ;
#91 = CARTESIAN_POINT ( 'NONE',  ( 0.000000000000000000, 140.0071426749364036, -118.3012701892221941 ) ) ;
#92 = FACE_OUTER_BOUND ( 'NONE', #415, .T. ) ;
#93 = EDGE_LOOP ( 'NONE', ( #1862, #2252, #885, #2479 ) ) ;
#94 = VERTEX_POINT ( 'NONE', #1014 ) ;
#95 = FACE_OUTER_BOUND ( 'NONE', #1368, .T. ) ;
#96 = ORIENTED_EDGE ( 'NONE', *, *, #1607, .T. ) ;
#97 = SPHERICAL_SURFACE ( 'NONE', #1459, 50.00000000000000711 ) ;
#98 = VECTOR ( 'NONE', #615, 1000.000000000000000 ) ;
#99 = DIRECTION ( 'NONE',  ( 0.000000000000000000, 0.000000000000000000, -1.000000000000000000 ) ) ;
#100 = EDGE_CURVE ( 'NONE', #163, #844, #976, .T. ) ;
#101 = LINE ( 'NONE', #547, #105 ) ;
#102 = VECTOR ( 'NONE', #1273, 1000.000000000000000 ) ;
#103 = ORIENTED_EDGE ( 'NONE', *, *, #2064, .T. ) ;
#104 = FACE_BOUND ( 'NONE', #764, .T. ) ;
#105 = VECTOR ( 'NONE', #2396, 1000.000000000000000 ) ;
#106 = ADVANCED_FACE ( 'NONE', ( #842 ), #2453, .F. ) ;
#107 = DIRECTION ( 'NONE',  ( 0.000000000000000000, 0.000000000000000000, -1.000000000000000000 ) ) ;
#108 = COLOUR_RGB ( '',0.7921568627450980005, 0.8196078431372548767, 0.9333333333333333481 ) ;
#109 = ORIENTED_EDGE ( 'NONE', *, *, #1394, .F. ) ;
#110 = CARTESIAN_POINT ( 'NONE',  ( 140.0071426749370289, 25.00000000000094502, 0.000000000000000000 ) ) ;
#111 = AXIS2_PLACEMENT_3D ( 'NONE', #2470, #621, #835 ) ;
#112 = DIRECTION ( 'NONE',  ( 1.000000000000000000, 0.000000000000000000, 0.000000000000000000 ) ) ;
#113 = CIRCLE ( 'NONE', #1634, 49.98437255783051825 ) ;
#114 = AXIS2_PLACEMENT_3D ( 'NONE', #978, #579, #1620 ) ;
#115 = ORIENTED_EDGE ( 'NONE', *, *, #1063, .F. ) ;
#116 = CIRCLE ( 'NONE', #2671, 24.99999999999999289 ) ;
#117 = VECTOR ( 'NONE', #1447, 1000.000000000000000 ) ;
#118 = CARTESIAN_POINT ( 'NONE',  ( 200.0071426749373416, 200.0071426749373416, -442.7056274847727764 ) ) ;
#119 = DIRECTION ( 'NONE',  ( 0.000000000000000000, 1.000000000000000000, -0.000000000000000000 ) ) ;
#120 = FACE_OUTER_BOUND ( 'NONE', #785, .T. ) ;
#121 = CYLINDRICAL_SURFACE ( 'NONE', #372, 24.99999999999977263 ) ;
#122 = ORIENTED_EDGE ( 'NONE', *, *, #297, .F. ) ;
#123 = CARTESIAN_POINT ( 'NONE',  ( 50.00000000000000711, 0.000000000000000000, -75.00000000000000000 ) ) ;
#124 = ADVANCED_FACE ( 'NONE', ( #2256 ), #630, .F. ) ;
#125 = DIRECTION ( 'NONE',  ( 0.000000000000000000, 1.000000000000000000, -0.000000000000000000 ) ) ;
#126 = VERTEX_POINT ( 'NONE', #2646 ) ;
#127 = PLANE ( 'NONE',  #806 ) ;
#128 = ADVANCED_FACE ( 'NONE', ( #2283 ), #1240, .T. ) ;
#129 = FACE_OUTER_BOUND ( 'NONE', #2618, .T. ) ;
#130 = ORIENTED_EDGE ( 'NONE', *, *, #1567, .F. ) ;
#131 = FACE_OUTER_BOUND ( 'NONE', #67, .T. ) ;
#132 = DIRECTION ( 'NONE',  ( -1.776356839400250859E-15, 0.000000000000000000, -1.000000000000000000 ) ) ;
#133 = CARTESIAN_POINT ( 'NONE',  ( 0.000000000000000000, 140.0071426749364036, 0.000000000000000000 ) ) ;
#134 = ORIENTED_EDGE ( 'NONE', *, *, #18, .F. ) ;
#135 = DIRECTION ( 'NONE',  ( -0.000000000000000000, 1.000000000000000000, 0.000000000000000000 ) ) ;
#136 = VERTEX_POINT ( 'NONE', #2268 ) ;
#137 = FACE_OUTER_BOUND ( 'NONE', #1869, .T. ) ;
#138 = EDGE_CURVE ( 'NONE', #1782, #51, #401, .T. ) ;
#139 = LINE ( 'NONE', #180, #1596 ) ;
#140 = ORIENTED_EDGE ( 'NONE', *, *, #70, .F. ) ;
#141 = ADVANCED_FACE ( 'NONE', ( #1618 ), #817, .T. ) ;
#142 = LINE ( 'NONE', #1799, #1883 ) ;
#143 = CARTESIAN_POINT ( 'NONE',  ( 164.9758731192329719, 141.2571426749373700, 0.000000000000000000 ) ) ;
#144 = CARTESIAN_POINT ( 'NONE',  ( 138.7571426749354657, 90.02277011710683041, -75.00000000000000000 ) ) ;
#145 = ORIENTED_EDGE ( 'NONE', *, *, #611, .F. ) ;
#146 = DIRECTION ( 'NONE',  ( 0.000000000000000000, -0.000000000000000000, 1.000000000000000000 ) ) ;
#147 = AXIS2_PLACEMENT_3D ( 'NONE', #1304, #1694, #1038 ) ;
#148 = DIRECTION ( 'NONE',  ( 1.224646799147353207E-16, 1.000000000000000000, 0.000000000000000000 ) ) ;
#149 = VERTEX_POINT ( 'NONE', #1264 ) ;
#150 = DIRECTION ( 'NONE',  ( 0.000000000000000000, 0.000000000000000000, -1.000000000000000000 ) ) ;
#151 = AXIS2_PLACEMENT_3D ( 'NONE', #1389, #2211, #354 ) ;
#152 = CARTESIAN_POINT ( 'NONE',  ( 0.000000000000000000, 0.000000000000000000, -75.00000000000001421 ) ) ;
#153 = VERTEX_POINT ( 'NONE', #2437 ) ;
#154 = AXIS2_PLACEMENT_3D ( 'NONE', #1301, #458, #1045 ) ;
#155 = EDGE_CURVE ( 'NONE', #2422, #167, #413, .T. ) ;
#156 = AXIS2_PLACEMENT_3D ( 'NONE', #219, #2465, #1040 ) ;
#157 = FACE_OUTER_BOUND ( 'NONE', #727, .T. ) ;
#158 = ADVANCED_FACE ( 'NONE', ( #607 ), #389, .F. ) ;
#159 = AXIS2_PLACEMENT_3D ( 'NONE', #306, #2213, #2600 ) ;
#160 = CIRCLE ( 'NONE', #1108, 49.98437255783051825 ) ;
#161 = CARTESIAN_POINT ( 'NONE',  ( 3.367778697655222096E-15, 140.0071426749364036, -130.0000000000000000 ) ) ;
#162 = AXIS2_PLACEMENT_3D ( 'NONE', #2043, #1007, #1838 ) ;
#163 = VERTEX_POINT ( 'NONE', #11 ) ;
#164 = DIRECTION ( 'NONE',  ( 0.000000000000000000, 0.000000000000000000, -1.000000000000000000 ) ) ;
#165 = DIRECTION ( 'NONE',  ( 0.000000000000000000, -1.000000000000000000, 0.000000000000000000 ) ) ;
#166 = VERTEX_POINT ( 'NONE', #1860 ) ;
#167 = VERTEX_POINT ( 'NONE', #590 ) ;
#168 = CARTESIAN_POINT ( 'NONE',  ( 0.000000000000000000, 140.0071426749364036, -75.00000000000000000 ) ) ;
#169 = ORIENTED_EDGE ( 'NONE', *, *, #2679, .F. ) ;
#170 = DIRECTION ( 'NONE',  ( 1.000000000000000000, 0.000000000000000000, 0.000000000000000000 ) ) ;
#171 = DIRECTION ( 'NONE',  ( 0.000000000000000000, 1.000000000000000000, -0.000000000000000000 ) ) ;
#172 = ADVANCED_FACE ( 'NONE', ( #1213 ), #2687, .T. ) ;
#173 = PLANE ( 'NONE',  #72 ) ;
#174 = ORIENTED_EDGE ( 'NONE', *, *, #869, .F. ) ;
#175 = CARTESIAN_POINT ( 'NONE',  ( 0.000000000000000000, 24.99999999999977973, -75.00000000000000000 ) ) ;
#176 = CARTESIAN_POINT ( 'NONE',  ( 0.000000000000000000, 140.0071426749364036, -75.00000000000000000 ) ) ;
#177 = EDGE_CURVE ( 'NONE', #470, #1737, #1380, .T. ) ;
#178 = VERTEX_POINT ( 'NONE', #646 ) ;
#179 = DIRECTION ( 'NONE',  ( 0.000000000000000000, -0.000000000000000000, -1.000000000000000000 ) ) ;
#180 = CARTESIAN_POINT ( 'NONE',  ( 0.000000000000000000, 115.0071426749366452, 0.000000000000000000 ) ) ;
#181 = ORIENTED_EDGE ( 'NONE', *, *, #1182, .F. ) ;
#182 = CARTESIAN_POINT ( 'NONE',  ( 55.00000000000000711, 140.0071426749373700, -75.00000000000000000 ) ) ;
#183 = CARTESIAN_POINT ( 'NONE',  ( 140.0071426749364036, 9.432096092759043820E-13, -75.00000000000000000 ) ) ;
#184 = DIRECTION ( 'NONE',  ( 0.000000000000000000, -0.000000000000000000, -1.000000000000000000 ) ) ;
#185 = EDGE_LOOP ( 'NONE', ( #1478, #1300, #1298, #1238, #1628, #2620 ) ) ;
#186 = LINE ( 'NONE', #1400, #840 ) ;
#187 = EDGE_CURVE ( 'NONE', #2305, #688, #1470, .T. ) ;
#188 = CARTESIAN_POINT ( 'NONE',  ( 0.000000000000000000, 138.7571426749364036, -75.00000000000000000 ) ) ;
#189 = ORIENTED_EDGE ( 'NONE', *, *, #257, .T. ) ;
#190 = CARTESIAN_POINT ( 'NONE',  ( 140.0071426749364036, 9.432096092759043820E-13, -75.00000000000000000 ) ) ;
#191 = VECTOR ( 'NONE', #353, 1000.000000000000000 ) ;
#192 = ADVANCED_FACE ( 'NONE', ( #1830 ), #2656, .T. ) ;
#193 = DIRECTION ( 'NONE',  ( 0.000000000000000000, 0.000000000000000000, 1.000000000000000000 ) ) ;
#194 = CIRCLE ( 'NONE', #2054, 49.98437255783051825 ) ;
#195 = ORIENTED_EDGE ( 'NONE', *, *, #694, .T. ) ;
#196 = VECTOR ( 'NONE', #119, 1000.000000000000000 ) ;
#197 = CARTESIAN_POINT ( 'NONE',  ( 140.0071426749364036, 9.432096092759043820E-13, -75.00000000000000000 ) ) ;
#198 = VECTOR ( 'NONE', #2665, 1000.000000000000000 ) ;
#199 = VECTOR ( 'NONE', #1776, 1000.000000000000000 ) ;
#200 = DIRECTION ( 'NONE',  ( -0.000000000000000000, -0.000000000000000000, 1.000000000000000000 ) ) ;
#201 = DIRECTION ( 'NONE',  ( -0.000000000000000000, -0.000000000000000000, 1.000000000000000000 ) ) ;
#202 = AXIS2_PLACEMENT_3D ( 'NONE', #2477, #179, #1673 ) ;
#203 = ORIENTED_EDGE ( 'NONE', *, *, #222, .T. ) ;
#204 = CIRCLE ( 'NONE', #1419, 49.98437255783051825 ) ;
#205 = DIRECTION ( 'NONE',  ( -0.000000000000000000, -0.000000000000000000, 1.000000000000000000 ) ) ;
#206 = AXIS2_PLACEMENT_3D ( 'NONE', #319, #1139, #1698 ) ;
#207 = DIRECTION ( 'NONE',  ( 0.000000000000000000, 0.000000000000000000, 1.000000000000000000 ) ) ;
#208 = EDGE_CURVE ( 'NONE', #1973, #41, #2446, .T. ) ;
#209 = ORIENTED_EDGE ( 'NONE', *, *, #2147, .F. ) ;
#210 = CARTESIAN_POINT ( 'NONE',  ( -1.249999999999995559, 164.9758731192339098, 0.000000000000000000 ) ) ;
#211 = CARTESIAN_POINT ( 'NONE',  ( 164.9758731192327446, 138.7571426749373700, -118.3012701892221941 ) ) ;
#212 = EDGE_CURVE ( 'NONE', #2529, #2122, #113, .T. ) ;
#213 = VERTEX_POINT ( 'NONE', #2557 ) ;
#214 = CARTESIAN_POINT ( 'NONE',  ( -60.00000000000000000, 200.0071426749373416, -75.00000000000001421 ) ) ;
#215 = CARTESIAN_POINT ( 'NONE',  ( 115.0384122306381869, 138.7571426749373700, -118.3012701892221941 ) ) ;
#216 = CARTESIAN_POINT ( 'NONE',  ( 0.000000000000000000, 0.000000000000000000, -442.7056274847727764 ) ) ;
#217 = DIRECTION ( 'NONE',  ( 0.000000000000000000, -1.000000000000000000, 0.000000000000000000 ) ) ;
#218 = ORIENTED_EDGE ( 'NONE', *, *, #1570, .F. ) ;
#219 = CARTESIAN_POINT ( 'NONE',  ( 140.0071426749354657, 140.0071426749373700, 0.000000000000000000 ) ) ;
#220 = CARTESIAN_POINT ( 'NONE',  ( 138.7571426749364036, -24.96873044429655764, -75.00000000000000000 ) ) ;
#221 = ORIENTED_EDGE ( 'NONE', *, *, #1224, .F. ) ;
#222 = EDGE_CURVE ( 'NONE', #1266, #580, #464, .T. ) ;
#223 = CARTESIAN_POINT ( 'NONE',  ( 0.000000000000000000, 115.0071426749366452, -75.00000000000001421 ) ) ;
#224 = EDGE_CURVE ( 'NONE', #771, #1696, #1333, .T. ) ;
#225 = CARTESIAN_POINT ( 'NONE',  ( 1.250000000000004663, 140.0071426749364036, -75.00000000000000000 ) ) ;
#226 = DIRECTION ( 'NONE',  ( 0.000000000000000000, 0.000000000000000000, -1.000000000000000000 ) ) ;
#227 = DIRECTION ( 'NONE',  ( 0.000000000000000000, -0.000000000000000000, -1.000000000000000000 ) ) ;
#228 = ORIENTED_EDGE ( 'NONE', *, *, #710, .F. ) ;
#229 = DIRECTION ( 'NONE',  ( 0.000000000000000000, -1.776356839400250859E-15, -1.000000000000000000 ) ) ;
#230 = DIRECTION ( 'NONE',  ( -0.000000000000000000, -0.000000000000000000, 1.000000000000000000 ) ) ;
#231 = ORIENTED_EDGE ( 'NONE', *, *, #155, .T. ) ;
#232 = CIRCLE ( 'NONE', #1185, 25.00000000000000000 ) ;
#233 = ORIENTED_EDGE ( 'NONE', *, *, #822, .T. ) ;
#234 = CARTESIAN_POINT ( 'NONE',  ( 0.000000000000000000, 138.7571426749364036, -240.4646326056195562 ) ) ;
#235 = CIRCLE ( 'NONE', #2526, 49.98437255783051825 ) ;
#236 = ADVANCED_FACE ( 'NONE', ( #1479 ), #509, .T. ) ;
#237 = VECTOR ( 'NONE', #35, 1000.000000000000000 ) ;
#238 = CARTESIAN_POINT ( 'NONE',  ( 140.0071426749364036, 9.432096092759043820E-13, -130.0000000000000000 ) ) ;
#239 = AXIS2_PLACEMENT_3D ( 'NONE', #1823, #2650, #1207 ) ;
#240 = CARTESIAN_POINT ( 'NONE',  ( 50.00000000000000711, 0.000000000000000000, -75.00000000000000000 ) ) ;
#241 = EDGE_CURVE ( 'NONE', #1856, #1696, #937, .T. ) ;
#242 = DIRECTION ( 'NONE',  ( 0.000000000000000000, 1.000000000000000000, -0.000000000000000000 ) ) ;
#243 = AXIS2_PLACEMENT_3D ( 'NONE', #2340, #2550, #1745 ) ;
#244 = CARTESIAN_POINT ( 'NONE',  ( 140.0071426749364036, 9.432096092759043820E-13, -75.00000000000000000 ) ) ;
#245 = CIRCLE ( 'NONE', #1060, 24.99999999999977973 ) ;
#246 = ORIENTED_EDGE ( 'NONE', *, *, #2607, .F. ) ;
#247 = CARTESIAN_POINT ( 'NONE',  ( 0.000000000000000000, 0.000000000000000000, -75.00000000000001421 ) ) ;
#248 = CIRCLE ( 'NONE', #1765, 55.00000000000000711 ) ;
#249 = AXIS2_PLACEMENT_3D ( 'NONE', #538, #1156, #184 ) ;
#250 = DIRECTION ( 'NONE',  ( 1.000000000000000000, 0.000000000000000000, 0.000000000000000000 ) ) ;
#251 = ORIENTED_EDGE ( 'NONE', *, *, #2383, .F. ) ;
#252 = VERTEX_POINT ( 'NONE', #1882 ) ;
#253 = LINE ( 'NONE', #620, #2102 ) ;
#254 = ORIENTED_EDGE ( 'NONE', *, *, #38, .T. ) ;
#255 = ORIENTED_CLOSED_SHELL ( 'NONE', *, #1846, .F. );
#256 = CARTESIAN_POINT ( 'NONE',  ( 1.250000000000004663, 115.0384122306391248, -118.3012701892221941 ) ) ;
#257 = EDGE_CURVE ( 'NONE', #455, #403, #1081, .T. ) ;
#258 = DIRECTION ( 'NONE',  ( 1.000000000000000000, 0.000000000000000000, 0.000000000000000000 ) ) ;
#259 = VERTEX_POINT ( 'NONE', #2531 ) ;
#260 = DIRECTION ( 'NONE',  ( 1.000000000000000000, -6.661338147750999985E-15, 0.000000000000000000 ) ) ;
#261 = EDGE_CURVE ( 'NONE', #2587, #403, #1317, .T. ) ;
#262 = CARTESIAN_POINT ( 'NONE',  ( 0.000000000000000000, 140.0071426749364036, -75.00000000000000000 ) ) ;
#263 = ORIENTED_EDGE ( 'NONE', *, *, #1392, .T. ) ;
#264 = ORIENTED_EDGE ( 'NONE', *, *, #691, .F. ) ;
#265 = CARTESIAN_POINT ( 'NONE',  ( 24.99999999999977973, 140.0071426749373700, -75.00000000000001421 ) ) ;
#266 = ORIENTED_EDGE ( 'NONE', *, *, #1402, .F. ) ;
#267 = CARTESIAN_POINT ( 'NONE',  ( 115.0384122306388974, -1.249999999999056310, -75.00000000000000000 ) ) ;
#268 = DIRECTION ( 'NONE',  ( 0.000000000000000000, 0.000000000000000000, -1.000000000000000000 ) ) ;
#269 = CARTESIAN_POINT ( 'NONE',  ( 140.0071426749364036, -1.249999999999056755, -75.00000000000000000 ) ) ;
#270 = VERTEX_POINT ( 'NONE', #2101 ) ;
#271 = DIRECTION ( 'NONE',  ( -0.000000000000000000, -0.000000000000000000, 1.000000000000000000 ) ) ;
#272 = ADVANCED_FACE ( 'NONE', ( #1697 ), #2117, .F. ) ;
#273 = PLANE ( 'NONE',  #2583 ) ;
#274 = ORIENTED_EDGE ( 'NONE', *, *, #1307, .T. ) ;
#275 = ORIENTED_EDGE ( 'NONE', *, *, #1640, .T. ) ;
#276 = EDGE_CURVE ( 'NONE', #2559, #1457, #1505, .T. ) ;
#277 = FACE_OUTER_BOUND ( 'NONE', #14, .T. ) ;
#278 = AXIS2_PLACEMENT_3D ( 'NONE', #216, #409, #1210 ) ;
#279 = VERTEX_POINT ( 'NONE', #656 ) ;
#280 = CIRCLE ( 'NONE', #1795, 24.99999999999977973 ) ;
#281 = VECTOR ( 'NONE', #865, 1000.000000000000000 ) ;
#282 = CARTESIAN_POINT ( 'NONE',  ( 1.250000000000004663, 140.0071426749364036, -75.00000000000000000 ) ) ;
#283 = CARTESIAN_POINT ( 'NONE',  ( 1.250000000000004663, 0.000000000000000000, -75.00000000000000000 ) ) ;
#284 = CARTESIAN_POINT ( 'NONE',  ( 138.7571426749364036, 9.432096092759043820E-13, -75.00000000000000000 ) ) ;
#285 = DIRECTION ( 'NONE',  ( 1.000000000000000000, 0.000000000000000000, 0.000000000000000000 ) ) ;
#286 = ORIENTED_EDGE ( 'NONE', *, *, #1622, .T. ) ;
#287 = PRESENTATION_LAYER_ASSIGNMENT (  '', '', ( #1057 ) ) ;
#288 = CARTESIAN_POINT ( 'NONE',  ( 140.0071426749364036, -1.249999999999056755, -232.7342928576809982 ) ) ;
#289 = CIRCLE ( 'NONE', #1246, 49.98437255783051825 ) ;
#290 = CIRCLE ( 'NONE', #111, 24.99999999999955591 ) ;
#291 = ORIENTED_CLOSED_SHELL ( 'NONE', *, #597, .F. );
#292 = CARTESIAN_POINT ( 'NONE',  ( 50.00000000000000711, 0.000000000000000000, -75.00000000000000000 ) ) ;
#293 = ORIENTED_EDGE ( 'NONE', *, *, #1651, .F. ) ;
#294 = EDGE_LOOP ( 'NONE', ( #953, #275, #921 ) ) ;
#295 = VECTOR ( 'NONE', #1051, 1000.000000000000000 ) ;
#296 = VECTOR ( 'NONE', #193, 1000.000000000000000 ) ;
#297 = EDGE_CURVE ( 'NONE', #1494, #2299, #666, .T. ) ;
#298 = DIRECTION ( 'NONE',  ( 0.000000000000000000, -0.000000000000000000, 1.000000000000000000 ) ) ;
#299 = AXIS2_PLACEMENT_3D ( 'NONE', #262, #2666, #2445 ) ;
#300 = ORIENTED_EDGE ( 'NONE', *, *, #2115, .T. ) ;
#301 = DIRECTION ( 'NONE',  ( -1.000000000000000000, -0.000000000000000000, -0.000000000000000000 ) ) ;
#302 = DIRECTION ( 'NONE',  ( 1.000000000000000000, 0.000000000000000000, 0.000000000000000000 ) ) ;
#303 = DIRECTION ( 'NONE',  ( 0.000000000000000000, -0.000000000000000000, 1.000000000000000000 ) ) ;
#304 = CARTESIAN_POINT ( 'NONE',  ( 140.0071426749354657, 140.0071426749373700, 0.000000000000000000 ) ) ;
#305 = ORIENTED_EDGE ( 'NONE', *, *, #2469, .T. ) ;
#306 = CARTESIAN_POINT ( 'NONE',  ( 190.0071426749364321, 9.432096092759043820E-13, -75.00000000000000000 ) ) ;
#307 = PLANE ( 'NONE',  #1066 ) ;
#308 = ORIENTED_EDGE ( 'NONE', *, *, #658, .F. ) ;
#309 = ORIENTED_EDGE ( 'NONE', *, *, #2162, .F. ) ;
#310 = DIRECTION ( 'NONE',  ( 1.000000000000000000, 0.000000000000000000, 0.000000000000000000 ) ) ;
#311 = VERTEX_POINT ( 'NONE', #697 ) ;
#312 = EDGE_CURVE ( 'NONE', #1985, #2575, #2020, .T. ) ;
#313 = CYLINDRICAL_SURFACE ( 'NONE', #1717, 24.99999999999977263 ) ;
#314 = LINE ( 'NONE', #283, #196 ) ;
#315 = DIRECTION ( 'NONE',  ( 0.000000000000000000, -0.000000000000000000, 1.000000000000000000 ) ) ;
#316 = ADVANCED_FACE ( 'NONE', ( #868 ), #880, .F. ) ;
#317 = VERTEX_POINT ( 'NONE', #2334 ) ;
#318 = DIRECTION ( 'NONE',  ( 0.000000000000000000, 0.000000000000000000, 1.000000000000000000 ) ) ;
#319 = CARTESIAN_POINT ( 'NONE',  ( 0.000000000000000000, 0.000000000000000000, -75.00000000000000000 ) ) ;
#320 = ORIENTED_EDGE ( 'NONE', *, *, #1019, .F. ) ;
#321 = CARTESIAN_POINT ( 'NONE',  ( 0.000000000000000000, 0.000000000000000000, -75.00000000000000000 ) ) ;
#322 = DIRECTION ( 'NONE',  ( 1.000000000000000000, 0.000000000000000000, 0.000000000000000000 ) ) ;
#323 = ORIENTED_EDGE ( 'NONE', *, *, #155, .F. ) ;
#324 = CARTESIAN_POINT ( 'NONE',  ( 0.000000000000000000, 0.000000000000000000, -75.00000000000000000 ) ) ;
#325 = EDGE_CURVE ( 'NONE', #126, #990, #26, .T. ) ;
#326 = CIRCLE ( 'NONE', #1834, 24.99999999999977263 ) ;
#327 = FACE_OUTER_BOUND ( 'NONE', #2263, .T. ) ;
#328 = CARTESIAN_POINT ( 'NONE',  ( 140.0071426749364036, 9.432096092759043820E-13, -118.3012701892221941 ) ) ;
#329 = ADVANCED_FACE ( 'NONE', ( #1092 ), #1921, .T. ) ;
#330 = ORIENTED_EDGE ( 'NONE', *, *, #1030, .T. ) ;
#331 = DIRECTION ( 'NONE',  ( 1.000000000000000000, 1.348059181698181549E-14, -0.000000000000000000 ) ) ;
#332 = FACE_OUTER_BOUND ( 'NONE', #700, .T. ) ;
#333 = ORIENTED_EDGE ( 'NONE', *, *, #873, .T. ) ;
#334 = DIRECTION ( 'NONE',  ( -0.000000000000000000, -0.000000000000000000, 1.000000000000000000 ) ) ;
#335 = AXIS2_PLACEMENT_3D ( 'NONE', #2232, #2649, #793 ) ;
#336 = CARTESIAN_POINT ( 'NONE',  ( 24.99999999999977973, 140.0071426749373700, 0.000000000000000000 ) ) ;
#337 = VECTOR ( 'NONE', #1366, 1000.000000000000000 ) ;
#338 = VERTEX_POINT ( 'NONE', #491 ) ;
#339 = CIRCLE ( 'NONE', #1850, 49.98437255783051825 ) ;
#340 = AXIS2_PLACEMENT_3D ( 'NONE', #1126, #2360, #2377 ) ;
#341 = CARTESIAN_POINT ( 'NONE',  ( -49.98437255783052535, 1.250000000000000000, -75.00000000000000000 ) ) ;
#342 = DIRECTION ( 'NONE',  ( 0.000000000000000000, 1.665855198053140877E-15, -1.000000000000000000 ) ) ;
#343 = CARTESIAN_POINT ( 'NONE',  ( 25.00000000000000000, 0.000000000000000000, 0.000000000000000000 ) ) ;
#344 = FACE_OUTER_BOUND ( 'NONE', #2215, .T. ) ;
#345 = ORIENTED_EDGE ( 'NONE', *, *, #2456, .F. ) ;
#346 = CARTESIAN_POINT ( 'NONE',  ( -24.96873044429750266, 141.2571426749364036, 0.000000000000000000 ) ) ;
#347 = ADVANCED_FACE ( 'NONE', ( #749 ), #525, .T. ) ;
#348 = ORIENTED_EDGE ( 'NONE', *, *, #477, .F. ) ;
#349 = ORIENTED_EDGE ( 'NONE', *, *, #2162, .T. ) ;
#350 = DIRECTION ( 'NONE',  ( -0.000000000000000000, 1.000000000000000000, -0.000000000000000000 ) ) ;
#351 = ORIENTED_EDGE ( 'NONE', *, *, #257, .F. ) ;
#352 = DIRECTION ( 'NONE',  ( 0.000000000000000000, 0.000000000000000000, -1.000000000000000000 ) ) ;
#353 = DIRECTION ( 'NONE',  ( 1.000000000000000000, 0.000000000000000000, 0.000000000000000000 ) ) ;
#354 = DIRECTION ( 'NONE',  ( 1.000000000000000000, 0.000000000000000000, 0.000000000000000000 ) ) ;
#355 = ORIENTED_EDGE ( 'NONE', *, *, #2486, .F. ) ;
#356 = DIRECTION ( 'NONE',  ( 1.000000000000000000, 0.000000000000000000, 0.000000000000000000 ) ) ;
#357 = ADVANCED_FACE ( 'NONE', ( #2375 ), #918, .F. ) ;
#358 = VERTEX_POINT ( 'NONE', #1966 ) ;
#359 = CARTESIAN_POINT ( 'NONE',  ( 0.000000000000000000, 140.0071426749364036, 0.000000000000000000 ) ) ;
#360 = CARTESIAN_POINT ( 'NONE',  ( -24.96873044429750621, -1.250000000000000000, -75.00000000000000000 ) ) ;
#361 = EDGE_CURVE ( 'NONE', #1018, #2568, #1955, .T. ) ;
#362 = ORIENTED_EDGE ( 'NONE', *, *, #1849, .F. ) ;
#363 = CARTESIAN_POINT ( 'NONE',  ( 140.0071426749364036, 9.432096092759043820E-13, -75.00000000000000000 ) ) ;
#364 = DIRECTION ( 'NONE',  ( 1.000000000000000000, 0.000000000000000000, 0.000000000000000000 ) ) ;
#365 = VECTOR ( 'NONE', #1777, 1000.000000000000000 ) ;
#366 = ORIENTED_EDGE ( 'NONE', *, *, #592, .F. ) ;
#367 = LINE ( 'NONE', #798, #1421 ) ;
#368 = DIRECTION ( 'NONE',  ( 1.000000000000000000, 0.000000000000000000, 0.000000000000000000 ) ) ;
#369 = EDGE_LOOP ( 'NONE', ( #2544, #482, #1790, #2011 ) ) ;
#370 = FACE_OUTER_BOUND ( 'NONE', #185, .T. ) ;
#371 = ORIENTED_CLOSED_SHELL ( 'NONE', *, #1330, .F. );
#372 = AXIS2_PLACEMENT_3D ( 'NONE', #304, #2373, #1107 ) ;
#373 = CARTESIAN_POINT ( 'NONE',  ( 0.000000000000000000, 140.0071426749364036, -75.00000000000000000 ) ) ;
#374 = ORIENTED_EDGE ( 'NONE', *, *, #952, .T. ) ;
#375 = AXIS2_PLACEMENT_3D ( 'NONE', #404, #1387, #1005 ) ;
#376 = EDGE_CURVE ( 'NONE', #911, #2648, #1291, .T. ) ;
#377 = AXIS2_PLACEMENT_3D ( 'NONE', #288, #907, #2358 ) ;
#378 = CARTESIAN_POINT ( 'NONE',  ( 24.96873044429750266, 138.7571426749364036, -75.00000000000000000 ) ) ;
#379 = CIRCLE ( 'NONE', #2580, 49.98437255783051825 ) ;
#380 = AXIS2_PLACEMENT_3D ( 'NONE', #2588, #959, #2158 ) ;
#381 = VECTOR ( 'NONE', #824, 1000.000000000000000 ) ;
#382 = EDGE_CURVE ( 'NONE', #338, #614, #2626, .T. ) ;
#383 = DIRECTION ( 'NONE',  ( -0.000000000000000000, -0.000000000000000000, 1.000000000000000000 ) ) ;
#384 = FACE_OUTER_BOUND ( 'NONE', #2505, .T. ) ;
#385 = ORIENTED_EDGE ( 'NONE', *, *, #2198, .F. ) ;
#386 = PLANE ( 'NONE',  #2285 ) ;
#387 = DIRECTION ( 'NONE',  ( 1.000000000000000000, 0.000000000000000000, 0.000000000000000000 ) ) ;
#388 = EDGE_LOOP ( 'NONE', ( #1084, #203, #266, #1802 ) ) ;
#389 = PLANE ( 'NONE',  #2105 ) ;
#390 = CARTESIAN_POINT ( 'NONE',  ( 138.7571426749354657, 164.9758731192346488, -118.3012701892221941 ) ) ;
#391 = ORIENTED_EDGE ( 'NONE', *, *, #592, .T. ) ;
#392 = DIRECTION ( 'NONE',  ( 1.000000000000000000, 0.000000000000000000, 0.000000000000000000 ) ) ;
#393 = ADVANCED_FACE ( 'NONE', ( #104, #737 ), #762, .T. ) ;
#394 = DIRECTION ( 'NONE',  ( 1.000000000000000000, 0.000000000000000000, 0.000000000000000000 ) ) ;
#395 = LINE ( 'NONE', #613, #1292 ) ;
#396 = EDGE_CURVE ( 'NONE', #2344, #542, #1679, .T. ) ;
#397 = VERTEX_POINT ( 'NONE', #2632 ) ;
#398 = CARTESIAN_POINT ( 'NONE',  ( 1.250000000000004663, 140.0071426749364036, -75.00000000000000000 ) ) ;
#399 = DIRECTION ( 'NONE',  ( 0.000000000000000000, 0.000000000000000000, -1.000000000000000000 ) ) ;
#400 = ORIENTED_EDGE ( 'NONE', *, *, #261, .T. ) ;
#401 = LINE ( 'NONE', #2244, #1021 ) ;
#402 = LINE ( 'NONE', #860, #2067 ) ;
#403 = VERTEX_POINT ( 'NONE', #1982 ) ;
#404 = CARTESIAN_POINT ( 'NONE',  ( 140.0071426749364036, 1.250000000000943245, -232.7342928576809982 ) ) ;
#405 = ADVANCED_FACE ( 'NONE', ( #1563 ), #2570, .F. ) ;
#406 = DIRECTION ( 'NONE',  ( 1.000000000000000000, 0.000000000000000000, 0.000000000000000000 ) ) ;
#407 = LINE ( 'NONE', #623, #117 ) ;
#408 = ORIENTED_EDGE ( 'NONE', *, *, #1149, .T. ) ;
#409 = DIRECTION ( 'NONE',  ( 0.000000000000000000, -1.000000000000000000, 0.000000000000000000 ) ) ;
#410 = ADVANCED_FACE ( 'NONE', ( #1606 ), #777, .F. ) ;
#411 = CARTESIAN_POINT ( 'NONE',  ( 140.0071426749364036, -1.249999999999056755, -75.00000000000000000 ) ) ;
#412 = ORIENTED_EDGE ( 'NONE', *, *, #849, .T. ) ;
#413 = LINE ( 'NONE', #210, #2365 ) ;
#414 = CARTESIAN_POINT ( 'NONE',  ( 140.0071426749364036, 9.432096092759043820E-13, -75.00000000000000000 ) ) ;
#415 = EDGE_LOOP ( 'NONE', ( #228, #1393, #1997 ) ) ;
#416 = AXIS2_PLACEMENT_3D ( 'NONE', #1706, #1504, #1866 ) ;
#417 = DIRECTION ( 'NONE',  ( 1.000000000000000000, -0.000000000000000000, 0.000000000000000000 ) ) ;
#418 = VECTOR ( 'NONE', #2509, 1000.000000000000000 ) ;
#419 = CARTESIAN_POINT ( 'NONE',  ( 140.0071426749354657, 141.2571426749373700, -286.7359794649931928 ) ) ;
#420 = LINE ( 'NONE', #1564, #1111 ) ;
#421 = AXIS2_PLACEMENT_3D ( 'NONE', #1295, #2514, #1687 ) ;
#422 = CIRCLE ( 'NONE', #1935, 49.98437255783051825 ) ;
#423 = CARTESIAN_POINT ( 'NONE',  ( 1.250000000000004663, 164.9758731192337109, -118.3012701892221941 ) ) ;
#424 = AXIS2_PLACEMENT_3D ( 'NONE', #240, #2483, #1894 ) ;
#425 = CARTESIAN_POINT ( 'NONE',  ( 140.0071426749354657, 140.0071426749373700, -118.3012701892221941 ) ) ;
#426 = EDGE_LOOP ( 'NONE', ( #603, #1662, #345, #660 ) ) ;
#427 = DIRECTION ( 'NONE',  ( 0.000000000000000000, 0.000000000000000000, -1.000000000000000000 ) ) ;
#428 = EDGE_CURVE ( 'NONE', #163, #1912, #1159, .T. ) ;
#429 = DIRECTION ( 'NONE',  ( 1.000000000000000000, 0.000000000000000000, 0.000000000000000000 ) ) ;
#430 = ORIENTED_EDGE ( 'NONE', *, *, #675, .T. ) ;
#431 = ADVANCED_FACE ( 'NONE', ( #550 ), #1349, .F. ) ;
#432 = DIRECTION ( 'NONE',  ( -1.000000000000000000, 1.224646799147357151E-16, 0.000000000000000000 ) ) ;
#433 = LINE ( 'NONE', #225, #418 ) ;
#434 = CARTESIAN_POINT ( 'NONE',  ( 0.000000000000000000, 0.000000000000000000, -75.00000000000001421 ) ) ;
#435 = LINE ( 'NONE', #21, #237 ) ;
#436 = VERTEX_POINT ( 'NONE', #2203 ) ;
#437 = DIRECTION ( 'NONE',  ( 0.000000000000000000, 1.000000000000000000, -0.000000000000000000 ) ) ;
#438 = EDGE_CURVE ( 'NONE', #1973, #2648, #2423, .T. ) ;
#439 = CARTESIAN_POINT ( 'NONE',  ( 0.000000000000000000, 140.0071426749373700, -75.00000000000001421 ) ) ;
#440 = ORIENTED_EDGE ( 'NONE', *, *, #2625, .T. ) ;
#441 = ADVANCED_FACE ( 'NONE', ( #537 ), #573, .T. ) ;
#442 = CARTESIAN_POINT ( 'NONE',  ( 138.7571426749354657, 140.0071426749373700, -286.7359794649931928 ) ) ;
#443 = LINE ( 'NONE', #1271, #1672 ) ;
#444 = SPHERICAL_SURFACE ( 'NONE', #810, 50.00000000000000711 ) ;
#445 = CARTESIAN_POINT ( 'NONE',  ( -60.00000000000000000, 200.0071426749373416, -442.7056274847727764 ) ) ;
#446 = VERTEX_POINT ( 'NONE', #1138 ) ;
#447 = CARTESIAN_POINT ( 'NONE',  ( 0.000000000000000000, 0.000000000000000000, -118.3012701892221941 ) ) ;
#448 = LINE ( 'NONE', #1871, #938 ) ;
#449 = ORIENTED_EDGE ( 'NONE', *, *, #2661, .T. ) ;
#450 = CIRCLE ( 'NONE', #1581, 24.99999999999977973 ) ;
#451 = ORIENTED_EDGE ( 'NONE', *, *, #1734, .T. ) ;
#452 = AXIS2_PLACEMENT_3D ( 'NONE', #176, #575, #1001 ) ;
#453 = FACE_OUTER_BOUND ( 'NONE', #1609, .T. ) ;
#454 = AXIS2_PLACEMENT_3D ( 'NONE', #1950, #2585, #2371 ) ;
#455 = VERTEX_POINT ( 'NONE', #1780 ) ;
#456 = AXIS2_PLACEMENT_3D ( 'NONE', #2332, #915, #719 ) ;
#457 = EDGE_CURVE ( 'NONE', #1981, #2243, #1391, .T. ) ;
#458 = DIRECTION ( 'NONE',  ( -0.000000000000000000, -0.000000000000000000, 1.000000000000000000 ) ) ;
#459 = VECTOR ( 'NONE', #171, 1000.000000000000000 ) ;
#460 = CARTESIAN_POINT ( 'NONE',  ( 140.0071426749364036, 9.432096092759043820E-13, -75.00000000000000000 ) ) ;
#461 = ADVANCED_FACE ( 'NONE', ( #1817 ), #386, .T. ) ;
#462 = CIRCLE ( 'NONE', #2443, 55.00000000000000711 ) ;
#463 = CARTESIAN_POINT ( 'NONE',  ( -1.249999999999984457, 24.96873044429728239, -118.3012701892221941 ) ) ;
#464 = CIRCLE ( 'NONE', #421, 55.00000000000000711 ) ;
#465 = AXIS2_PLACEMENT_3D ( 'NONE', #689, #1914, #731 ) ;
#466 = ORIENTED_EDGE ( 'NONE', *, *, #984, .F. ) ;
#467 = DIRECTION ( 'NONE',  ( 0.000000000000000000, -0.000000000000000000, 1.000000000000000000 ) ) ;
#468 = AXIS2_PLACEMENT_3D ( 'NONE', #292, #1739, #919 ) ;
#469 = ORIENTED_EDGE ( 'NONE', *, *, #2540, .F. ) ;
#470 = VERTEX_POINT ( 'NONE', #1826 ) ;
#471 = SPHERICAL_SURFACE ( 'NONE', #1977, 55.00000000000000711 ) ;
#472 = ORIENTED_EDGE ( 'NONE', *, *, #1703, .T. ) ;
#473 = FACE_OUTER_BOUND ( 'NONE', #388, .T. ) ;
#474 = EDGE_CURVE ( 'NONE', #2422, #1441, #367, .T. ) ;
#475 = DIRECTION ( 'NONE',  ( 1.000000000000000000, 0.000000000000000000, 0.000000000000000000 ) ) ;
#476 = DIRECTION ( 'NONE',  ( 1.000000000000000000, 0.000000000000000000, 0.000000000000000000 ) ) ;
#477 = EDGE_CURVE ( 'NONE', #2258, #1614, #248, .T. ) ;
#478 = ORIENTED_EDGE ( 'NONE', *, *, #1015, .T. ) ;
#479 = CARTESIAN_POINT ( 'NONE',  ( 140.0071426749364036, 9.432096092759043820E-13, -75.00000000000000000 ) ) ;
#480 = FACE_OUTER_BOUND ( 'NONE', #813, .T. ) ;
#481 = ORIENTED_EDGE ( 'NONE', *, *, #544, .T. ) ;
#482 = ORIENTED_EDGE ( 'NONE', *, *, #428, .F. ) ;
#483 = DIRECTION ( 'NONE',  ( 0.000000000000000000, 1.665855198053140877E-15, -1.000000000000000000 ) ) ;
#484 = ORIENTED_EDGE ( 'NONE', *, *, #2395, .T. ) ;
#485 = CARTESIAN_POINT ( 'NONE',  ( 55.00000000000000711, 0.000000000000000000, -75.00000000000001421 ) ) ;
#486 = CARTESIAN_POINT ( 'NONE',  ( -60.00000000000000000, -60.00000000000000000, 0.000000000000000000 ) ) ;
#487 = LINE ( 'NONE', #284, #55 ) ;
#488 = PRODUCT_DEFINITION ( 'UNKNOWN', '', #1491, #2564 ) ;
#489 = SPHERICAL_SURFACE ( 'NONE', #1585, 50.00000000000000711 ) ;
#490 = ORIENTED_EDGE ( 'NONE', *, *, #1538, .F. ) ;
#491 = CARTESIAN_POINT ( 'NONE',  ( 49.98437255783052535, -1.250000000000000000, -75.00000000000000000 ) ) ;
#492 = EDGE_CURVE ( 'NONE', #2062, #279, #116, .T. ) ;
#493 = CARTESIAN_POINT ( 'NONE',  ( 0.000000000000000000, 0.000000000000000000, 0.000000000000000000 ) ) ;
#494 = ORIENTED_EDGE ( 'NONE', *, *, #728, .T. ) ;
#495 = ORIENTED_EDGE ( 'NONE', *, *, #22, .T. ) ;
#496 = EDGE_CURVE ( 'NONE', #2464, #2120, #1192, .T. ) ;
#497 = DIRECTION ( 'NONE',  ( -0.000000000000000000, -0.000000000000000000, 1.000000000000000000 ) ) ;
#498 = ORIENTED_EDGE ( 'NONE', *, *, #820, .F. ) ;
#499 = CIRCLE ( 'NONE', #2480, 24.99999999999954881 ) ;
#500 = AXIS2_PLACEMENT_3D ( 'NONE', #533, #2351, #502 ) ;
#501 = CARTESIAN_POINT ( 'NONE',  ( -1.249999999999995559, 189.9915152327669432, -75.00000000000000000 ) ) ;
#502 = DIRECTION ( 'NONE',  ( 1.000000000000000000, 0.000000000000000000, 0.000000000000000000 ) ) ;
#503 = CIRCLE ( 'NONE', #2188, 50.00000000000000711 ) ;
#504 = LINE ( 'NONE', #746, #2312 ) ;
#505 = VECTOR ( 'NONE', #850, 1000.000000000000000 ) ;
#506 = CARTESIAN_POINT ( 'NONE',  ( 141.2571426749364036, 9.432096092759043820E-13, -75.00000000000000000 ) ) ;
#507 = ORIENTED_EDGE ( 'NONE', *, *, #1715, .T. ) ;
#508 = CIRCLE ( 'NONE', #1415, 24.99999999999977263 ) ;
#509 = CYLINDRICAL_SURFACE ( 'NONE', #2200, 24.99999999999977973 ) ;
#510 = AXIS2_PLACEMENT_3D ( 'NONE', #2227, #1352, #2173 ) ;
#511 = VECTOR ( 'NONE', #2010, 1000.000000000000000 ) ;
#512 = PLANE ( 'NONE',  #1202 ) ;
#513 = EDGE_CURVE ( 'NONE', #1305, #446, #1638, .T. ) ;
#514 = EDGE_LOOP ( 'NONE', ( #2088, #430, #1109, #670 ) ) ;
#515 = ORIENTED_EDGE ( 'NONE', *, *, #1136, .F. ) ;
#516 = AXIS2_PLACEMENT_3D ( 'NONE', #91, #2613, #2398 ) ;
#517 = CIRCLE ( 'NONE', #1287, 50.00000000000001421 ) ;
#518 = CARTESIAN_POINT ( 'NONE',  ( -60.00000000000000000, 200.0071426749373416, -442.7056274847727764 ) ) ;
#519 = EDGE_CURVE ( 'NONE', #1305, #1825, #339, .T. ) ;
#520 = EDGE_LOOP ( 'NONE', ( #330, #2323, #1144, #66 ) ) ;
#521 = DIRECTION ( 'NONE',  ( 1.000000000000000000, 0.000000000000000000, 0.000000000000000000 ) ) ;
#522 = CARTESIAN_POINT ( 'NONE',  ( 141.2571426749364036, -24.96873044429655764, -75.00000000000000000 ) ) ;
#523 = CARTESIAN_POINT ( 'NONE',  ( 0.000000000000000000, 0.000000000000000000, 0.000000000000000000 ) ) ;
#524 = ORIENTED_EDGE ( 'NONE', *, *, #1913, .F. ) ;
#525 = PLANE ( 'NONE',  #159 ) ;
#526 = ORIENTED_EDGE ( 'NONE', *, *, #834, .F. ) ;
#527 = CARTESIAN_POINT ( 'NONE',  ( 0.000000000000000000, 1.250000000000000000, -165.1474486605139589 ) ) ;
#528 = EDGE_CURVE ( 'NONE', #566, #1494, #833, .T. ) ;
#529 = DIRECTION ( 'NONE',  ( 0.000000000000000000, 1.000000000000000000, -0.000000000000000000 ) ) ;
#530 = EDGE_LOOP ( 'NONE', ( #782, #2678, #536, #2414 ) ) ;
#531 = ADVANCED_FACE ( 'NONE', ( #1857 ), #826, .F. ) ;
#532 = CARTESIAN_POINT ( 'NONE',  ( 0.000000000000000000, 140.0071426749364036, -75.00000000000000000 ) ) ;
#533 = CARTESIAN_POINT ( 'NONE',  ( 0.000000000000000000, 0.000000000000000000, 0.000000000000000000 ) ) ;
#534 = DIRECTION ( 'NONE',  ( 1.000000000000000000, 0.000000000000000000, 0.000000000000000000 ) ) ;
#535 = SURFACE_STYLE_USAGE ( .BOTH. , #2554 ) ;
#536 = ORIENTED_EDGE ( 'NONE', *, *, #1063, .T. ) ;
#537 = FACE_OUTER_BOUND ( 'NONE', #872, .T. ) ;
#538 = CARTESIAN_POINT ( 'NONE',  ( 0.000000000000000000, 1.250000000000000000, -165.1474486605139589 ) ) ;
#539 = ORIENTED_EDGE ( 'NONE', *, *, #2041, .F. ) ;
#540 = PLANE ( 'NONE',  #2667 ) ;
#541 = PLANE ( 'NONE',  #980 ) ;
#542 = VERTEX_POINT ( 'NONE', #423 ) ;
#543 = CARTESIAN_POINT ( 'NONE',  ( -1.249999999999995559, -24.96873044429750266, -75.00000000000000000 ) ) ;
#544 = EDGE_CURVE ( 'NONE', #2164, #726, #2045, .T. ) ;
#545 = CIRCLE ( 'NONE', #757, 49.98437255783051825 ) ;
#546 = FACE_OUTER_BOUND ( 'NONE', #2255, .T. ) ;
#547 = CARTESIAN_POINT ( 'NONE',  ( 0.000000000000000000, 140.0071426749373700, -75.00000000000001421 ) ) ;
#548 = ORIENTED_EDGE ( 'NONE', *, *, #1484, .T. ) ;
#549 = AXIS2_PLACEMENT_3D ( 'NONE', #1163, #85, #302 ) ;
#550 = FACE_OUTER_BOUND ( 'NONE', #594, .T. ) ;
#551 = DIRECTION ( 'NONE',  ( -0.000000000000000000, 1.000000000000000000, 0.000000000000000000 ) ) ;
#552 = AXIS2_PLACEMENT_3D ( 'NONE', #811, #1642, #2681 ) ;
#553 = ORIENTED_EDGE ( 'NONE', *, *, #474, .T. ) ;
#554 = CARTESIAN_POINT ( 'NONE',  ( -1.249999999999995559, 0.000000000000000000, -165.1474486605139589 ) ) ;
#555 = AXIS2_PLACEMENT_3D ( 'NONE', #1961, #912, #1732 ) ;
#556 = LINE ( 'NONE', #2438, #2065 ) ;
#557 = CIRCLE ( 'NONE', #1635, 50.00000000000000711 ) ;
#558 = ORIENTED_EDGE ( 'NONE', *, *, #1318, .T. ) ;
#559 = CARTESIAN_POINT ( 'NONE',  ( 0.000000000000000000, 0.000000000000000000, -75.00000000000000000 ) ) ;
#560 = DIRECTION ( 'NONE',  ( 1.000000000000000000, 0.000000000000000000, 0.000000000000000000 ) ) ;
#561 = EDGE_CURVE ( 'NONE', #1257, #1614, #1232, .T. ) ;
#562 = DIRECTION ( 'NONE',  ( 0.000000000000000000, 0.000000000000000000, -1.000000000000000000 ) ) ;
#563 = ORIENTED_EDGE ( 'NONE', *, *, #361, .T. ) ;
#564 = DIRECTION ( 'NONE',  ( -1.348059181698181549E-14, 1.000000000000000000, 0.000000000000000000 ) ) ;
#565 = EDGE_CURVE ( 'NONE', #2305, #1926, #186, .T. ) ;
#566 = VERTEX_POINT ( 'NONE', #988 ) ;
#567 = ORIENTED_EDGE ( 'NONE', *, *, #1033, .F. ) ;
#568 = DIRECTION ( 'NONE',  ( 1.000000000000000000, 0.000000000000000000, 0.000000000000000000 ) ) ;
#569 = ORIENTED_EDGE ( 'NONE', *, *, #2012, .F. ) ;
#570 = CARTESIAN_POINT ( 'NONE',  ( -24.96873044429750266, 138.7571426749364036, 0.000000000000000000 ) ) ;
#571 = CARTESIAN_POINT ( 'NONE',  ( 0.000000000000000000, 141.2571426749364036, -75.00000000000000000 ) ) ;
#572 = ORIENTED_EDGE ( 'NONE', *, *, #1827, .T. ) ;
#573 = PLANE ( 'NONE',  #2582 ) ;
#574 = ORIENTED_CLOSED_SHELL ( 'NONE', *, #2196, .F. );
#575 = DIRECTION ( 'NONE',  ( -0.000000000000000000, -0.000000000000000000, 1.000000000000000000 ) ) ;
#576 = EDGE_LOOP ( 'NONE', ( #2674, #308, #2282, #122, #2333, #2547, #981, #1085 ) ) ;
#577 = CARTESIAN_POINT ( 'NONE',  ( 0.000000000000000000, 140.0071426749364036, -75.00000000000000000 ) ) ;
#578 = EDGE_CURVE ( 'NONE', #94, #2267, #2565, .T. ) ;
#579 = DIRECTION ( 'NONE',  ( -0.000000000000000000, -0.000000000000000000, 1.000000000000000000 ) ) ;
#580 = VERTEX_POINT ( 'NONE', #2433 ) ;
#581 = ADVANCED_FACE ( 'NONE', ( #2670 ), #2034, .F. ) ;
#582 = PLANE ( 'NONE',  #335 ) ;
#583 = DIRECTION ( 'NONE',  ( 1.000000000000000000, 0.000000000000000000, 0.000000000000000000 ) ) ;
#584 = VERTEX_POINT ( 'NONE', #175 ) ;
#585 = DIRECTION ( 'NONE',  ( 0.000000000000000000, -1.000000000000000000, 0.000000000000000000 ) ) ;
#586 = VECTOR ( 'NONE', #2654, 1000.000000000000000 ) ;
#587 = CARTESIAN_POINT ( 'NONE',  ( 0.000000000000000000, 0.000000000000000000, 0.000000000000000000 ) ) ;
#588 = ORIENTED_EDGE ( 'NONE', *, *, #1800, .T. ) ;
#589 = CIRCLE ( 'NONE', #1878, 54.99999999999999289 ) ;
#590 = CARTESIAN_POINT ( 'NONE',  ( -1.249999999999995559, 164.9758731192337109, -118.3012701892221941 ) ) ;
#591 = MECHANICAL_DESIGN_GEOMETRIC_PRESENTATION_REPRESENTATION (  '', ( #1057 ), #1193 ) ;
#592 = EDGE_CURVE ( 'NONE', #883, #1676, #1008, .T. ) ;
#593 = CARTESIAN_POINT ( 'NONE',  ( 115.0071426749354799, 140.0071426749373700, 0.000000000000000000 ) ) ;
#594 = EDGE_LOOP ( 'NONE', ( #2388, #10, #2631, #1130 ) ) ;
#595 = AXIS2_PLACEMENT_3D ( 'NONE', #704, #716, #2153 ) ;
#596 = ADVANCED_FACE ( 'NONE', ( #838 ), #1668, .T. ) ;
#597 = CLOSED_SHELL ( 'NONE', ( #2247, #1557, #1290, #2182, #2279 ) ) ;
#598 = DIRECTION ( 'NONE',  ( -0.000000000000000000, -0.000000000000000000, 1.000000000000000000 ) ) ;
#599 = AXIS2_PLACEMENT_3D ( 'NONE', #1496, #2070, #1873 ) ;
#600 = VECTOR ( 'NONE', #2484, 1000.000000000000000 ) ;
#601 = CIRCLE ( 'NONE', #299, 24.99999999999977973 ) ;
#602 = PLANE ( 'NONE',  #1374 ) ;
#603 = ORIENTED_EDGE ( 'NONE', *, *, #849, .F. ) ;
#604 = DIRECTION ( 'NONE',  ( -0.000000000000000000, -0.000000000000000000, 1.000000000000000000 ) ) ;
#605 = DIRECTION ( 'NONE',  ( 0.000000000000000000, 0.000000000000000000, -1.000000000000000000 ) ) ;
#606 = ORIENTED_EDGE ( 'NONE', *, *, #800, .F. ) ;
#607 = FACE_OUTER_BOUND ( 'NONE', #1844, .T. ) ;
#608 = ORIENTED_EDGE ( 'NONE', *, *, #2679, .T. ) ;
#609 = EDGE_CURVE ( 'NONE', #1386, #1696, #814, .T. ) ;
#610 = FACE_OUTER_BOUND ( 'NONE', #2506, .T. ) ;
#611 = EDGE_CURVE ( 'NONE', #883, #2150, #487, .T. ) ;
#612 = CARTESIAN_POINT ( 'NONE',  ( 138.7571426749354657, 140.0071426749373700, -75.00000000000000000 ) ) ;
#613 = CARTESIAN_POINT ( 'NONE',  ( 1.250000000000004663, -24.96873044429750266, 0.000000000000000000 ) ) ;
#614 = VERTEX_POINT ( 'NONE', #1939 ) ;
#615 = DIRECTION ( 'NONE',  ( 0.000000000000000000, 0.000000000000000000, -1.000000000000000000 ) ) ;
#616 = DIRECTION ( 'NONE',  ( 0.000000000000000000, -0.000000000000000000, -1.000000000000000000 ) ) ;
#617 = ORIENTED_EDGE ( 'NONE', *, *, #1423, .T. ) ;
#618 = DIRECTION ( 'NONE',  ( -0.000000000000000000, 1.000000000000000000, 0.000000000000000000 ) ) ;
#619 = ORIENTED_EDGE ( 'NONE', *, *, #1033, .T. ) ;
#620 = CARTESIAN_POINT ( 'NONE',  ( 164.9758731192339098, -1.249999999999056755, 0.000000000000000000 ) ) ;
#621 = DIRECTION ( 'NONE',  ( -0.000000000000000000, -0.000000000000000000, 1.000000000000000000 ) ) ;
#622 = EDGE_CURVE ( 'NONE', #1266, #911, #2352, .T. ) ;
#623 = CARTESIAN_POINT ( 'NONE',  ( 140.0071426749364036, -1.249999999999056755, -75.00000000000000000 ) ) ;
#624 = ORIENTED_EDGE ( 'NONE', *, *, #913, .T. ) ;
#625 = CARTESIAN_POINT ( 'NONE',  ( 200.0071426749373416, -60.00000000000000000, -75.00000000000001421 ) ) ;
#626 = CARTESIAN_POINT ( 'NONE',  ( -60.00000000000000000, -60.00000000000000000, -75.00000000000001421 ) ) ;
#627 = AXIS2_PLACEMENT_3D ( 'NONE', #1134, #1976, #99 ) ;
#628 = EDGE_CURVE ( 'NONE', #720, #1796, #232, .T. ) ;
#629 = ORIENTED_EDGE ( 'NONE', *, *, #2298, .F. ) ;
#630 = PLANE ( 'NONE',  #2488 ) ;
#631 = AXIS2_PLACEMENT_3D ( 'NONE', #856, #1067, #653 ) ;
#632 = CARTESIAN_POINT ( 'NONE',  ( 115.0384122306391248, 1.250000000000943023, -118.3012701892221941 ) ) ;
#633 = AXIS2_PLACEMENT_3D ( 'NONE', #1252, #2074, #1879 ) ;
#634 = EDGE_LOOP ( 'NONE', ( #1536, #1448, #1554, #1816, #2085, #1743 ) ) ;
#635 = CARTESIAN_POINT ( 'NONE',  ( 164.9758731192329719, 138.7571426749373700, 0.000000000000000000 ) ) ;
#636 = AXIS2_PLACEMENT_3D ( 'NONE', #419, #2523, #1476 ) ;
#637 = CIRCLE ( 'NONE', #595, 49.98437255783051825 ) ;
#638 = CARTESIAN_POINT ( 'NONE',  ( 0.000000000000000000, 141.2571426749364036, -75.00000000000000000 ) ) ;
#639 = CARTESIAN_POINT ( 'NONE',  ( 1.250000000000004663, 164.9758731192339098, 0.000000000000000000 ) ) ;
#640 = AXIS2_PLACEMENT_3D ( 'NONE', #1898, #48, #37 ) ;
#641 = AXIS2_PLACEMENT_3D ( 'NONE', #414, #1861, #1071 ) ;
#642 = ADVANCED_FACE ( 'NONE', ( #2210 ), #956, .T. ) ;
#643 = AXIS2_PLACEMENT_3D ( 'NONE', #2185, #1577, #1208 ) ;
#644 = CARTESIAN_POINT ( 'NONE',  ( -60.00000000000000000, 200.0071426749373416, 0.000000000000000000 ) ) ;
#645 = EDGE_LOOP ( 'NONE', ( #970, #2327, #567, #1184 ) ) ;
#646 = CARTESIAN_POINT ( 'NONE',  ( 189.9915152327669432, -1.249999999999056755, -75.00000000000000000 ) ) ;
#647 = EDGE_CURVE ( 'NONE', #2422, #2243, #450, .T. ) ;
#648 = DIRECTION ( 'NONE',  ( 1.000000000000000000, 0.000000000000000000, 0.000000000000000000 ) ) ;
#649 = VERTEX_POINT ( 'NONE', #1587 ) ;
#650 = DIRECTION ( 'NONE',  ( 0.000000000000000000, -0.000000000000000000, -1.000000000000000000 ) ) ;
#651 = FACE_OUTER_BOUND ( 'NONE', #1073, .T. ) ;
#652 = FACE_OUTER_BOUND ( 'NONE', #2157, .T. ) ;
#653 = DIRECTION ( 'NONE',  ( 0.000000000000000000, 0.000000000000000000, -1.000000000000000000 ) ) ;
#654 = ADVANCED_FACE ( 'NONE', ( #327 ), #1164, .F. ) ;
#655 = ORIENTED_EDGE ( 'NONE', *, *, #1406, .F. ) ;
#656 = CARTESIAN_POINT ( 'NONE',  ( 140.0071426749358068, 115.0071426749373558, 0.000000000000000000 ) ) ;
#657 = CARTESIAN_POINT ( 'NONE',  ( 1.250000000000004663, 140.0071426749364036, -240.4646326056195562 ) ) ;
#658 = EDGE_CURVE ( 'NONE', #2246, #1177, #87, .T. ) ;
#659 = EDGE_LOOP ( 'NONE', ( #323, #553, #1032 ) ) ;
#660 = ORIENTED_EDGE ( 'NONE', *, *, #1843, .T. ) ;
#661 = EDGE_CURVE ( 'NONE', #1985, #397, #545, .T. ) ;
#662 = CARTESIAN_POINT ( 'NONE',  ( 140.0071426749354657, 140.0071426749373700, -75.00000000000000000 ) ) ;
#663 = DIRECTION ( 'NONE',  ( 0.000000000000000000, 0.000000000000000000, -1.000000000000000000 ) ) ;
#664 = FACE_OUTER_BOUND ( 'NONE', #1432, .T. ) ;
#665 = ORIENTED_EDGE ( 'NONE', *, *, #647, .T. ) ;
#666 = LINE ( 'NONE', #247, #809 ) ;
#667 = SPHERICAL_SURFACE ( 'NONE', #897, 50.00000000000000711 ) ;
#668 = ORIENTED_EDGE ( 'NONE', *, *, #658, .T. ) ;
#669 = CIRCLE ( 'NONE', #2522, 55.00000000000000711 ) ;
#670 = ORIENTED_EDGE ( 'NONE', *, *, #804, .T. ) ;
#671 = ADVANCED_FACE ( 'NONE', ( #1122 ), #1529, .T. ) ;
#672 = AXIS2_PLACEMENT_3D ( 'NONE', #411, #1194, #605 ) ;
#673 = CARTESIAN_POINT ( 'NONE',  ( 140.0071426749370289, 25.00000000000072475, -75.00000000000001421 ) ) ;
#674 = ORIENTED_EDGE ( 'NONE', *, *, #2029, .T. ) ;
#675 = EDGE_CURVE ( 'NONE', #1758, #2464, #2195, .T. ) ;
#676 = CARTESIAN_POINT ( 'NONE',  ( 1.250000000000004663, 24.96873044429750266, -75.00000000000000000 ) ) ;
#677 = CIRCLE ( 'NONE', #1413, 24.99999999999954881 ) ;
#678 = DIRECTION ( 'NONE',  ( -0.000000000000000000, -0.000000000000000000, 1.000000000000000000 ) ) ;
#679 = AXIS2_PLACEMENT_3D ( 'NONE', #2108, #1269, #432 ) ;
#680 = DIRECTION ( 'NONE',  ( 1.000000000000000000, 0.000000000000000000, 0.000000000000000000 ) ) ;
#681 = CLOSED_SHELL ( 'NONE', ( #2217, #2179, #1044, #2261, #1000 ) ) ;
#682 = AXIS2_PLACEMENT_3D ( 'NONE', #168, #2636, #781 ) ;
#683 = ORIENTED_EDGE ( 'NONE', *, *, #1030, .F. ) ;
#684 = CARTESIAN_POINT ( 'NONE',  ( 115.0384122306379595, 138.7571426749373700, 0.000000000000000000 ) ) ;
#685 = CIRCLE ( 'NONE', #1723, 49.98437255783051825 ) ;
#686 = CARTESIAN_POINT ( 'NONE',  ( 141.2571426749364036, 9.432096092759043820E-13, -232.7342928576809982 ) ) ;
#687 = ORIENTED_EDGE ( 'NONE', *, *, #528, .T. ) ;
#688 = VERTEX_POINT ( 'NONE', #2180 ) ;
#689 = CARTESIAN_POINT ( 'NONE',  ( 141.2571426749364036, 9.432096092759043820E-13, -75.00000000000000000 ) ) ;
#690 = ORIENTED_EDGE ( 'NONE', *, *, #1406, .T. ) ;
#691 = EDGE_CURVE ( 'NONE', #153, #1354, #1388, .T. ) ;
#692 = LINE ( 'NONE', #118, #1106 ) ;
#693 = LINE ( 'NONE', #33, #1810 ) ;
#694 = EDGE_CURVE ( 'NONE', #1945, #2529, #2566, .T. ) ;
#695 = DIRECTION ( 'NONE',  ( -0.000000000000000000, -0.000000000000000000, 1.000000000000000000 ) ) ;
#696 = ORIENTED_EDGE ( 'NONE', *, *, #100, .F. ) ;
#697 = CARTESIAN_POINT ( 'NONE',  ( 1.250000000000004663, -49.98437255783052535, -75.00000000000000000 ) ) ;
#698 = FACE_OUTER_BOUND ( 'NONE', #1812, .T. ) ;
#699 = APPLICATION_CONTEXT ( 'automotive_design' ) ;
#700 = EDGE_LOOP ( 'NONE', ( #1819, #668, #1404 ) ) ;
#701 = EDGE_LOOP ( 'NONE', ( #1617, #960, #1209 ) ) ;
#702 = DIRECTION ( 'NONE',  ( 0.000000000000000000, 0.000000000000000000, -1.000000000000000000 ) ) ;
#703 = EDGE_LOOP ( 'NONE', ( #1196, #2599, #624, #1512 ) ) ;
#704 = CARTESIAN_POINT ( 'NONE',  ( -1.249999999999995559, 0.000000000000000000, -75.00000000000000000 ) ) ;
#705 = DIRECTION ( 'NONE',  ( -0.000000000000000000, 1.000000000000000000, -0.000000000000000000 ) ) ;
#706 = PLANE ( 'NONE',  #2611 ) ;
#707 = ADVANCED_FACE ( 'NONE', ( #1788 ), #706, .T. ) ;
#708 = ORIENTED_EDGE ( 'NONE', *, *, #1636, .T. ) ;
#709 = DIRECTION ( 'NONE',  ( 0.000000000000000000, -0.000000000000000000, -1.000000000000000000 ) ) ;
#710 = EDGE_CURVE ( 'NONE', #1925, #397, #504, .T. ) ;
#711 = DIRECTION ( 'NONE',  ( 1.000000000000000000, 0.000000000000000000, 0.000000000000000000 ) ) ;
#712 = EDGE_LOOP ( 'NONE', ( #1042, #494, #751, #1233, #900, #2429, #2205, #2131 ) ) ;
#713 = ORIENTED_EDGE ( 'NONE', *, *, #2594, .F. ) ;
#714 = CARTESIAN_POINT ( 'NONE',  ( -55.00000000000000711, 140.0071426749364036, -75.00000000000000000 ) ) ;
#715 = ORIENTED_EDGE ( 'NONE', *, *, #2077, .T. ) ;
#716 = DIRECTION ( 'NONE',  ( -1.000000000000000000, 0.000000000000000000, -0.000000000000000000 ) ) ;
#717 = CARTESIAN_POINT ( 'NONE',  ( 140.0071426749354657, 138.7571426749373700, -75.00000000000000000 ) ) ;
#718 = AXIS2_PLACEMENT_3D ( 'NONE', #1035, #1682, #823 ) ;
#719 = DIRECTION ( 'NONE',  ( 1.000000000000000000, 0.000000000000000000, 0.000000000000000000 ) ) ;
#720 = VERTEX_POINT ( 'NONE', #343 ) ;
#721 = AXIS2_PLACEMENT_3D ( 'NONE', #363, #1835, #170 ) ;
#722 = CARTESIAN_POINT ( 'NONE',  ( 140.0071426749373700, 0.000000000000000000, -75.00000000000001421 ) ) ;
#723 = ADVANCED_FACE ( 'NONE', ( #120 ), #1147, .T. ) ;
#724 = VECTOR ( 'NONE', #1774, 1000.000000000000000 ) ;
#725 = FACE_OUTER_BOUND ( 'NONE', #24, .T. ) ;
#726 = VERTEX_POINT ( 'NONE', #1545 ) ;
#727 = EDGE_LOOP ( 'NONE', ( #2079, #1829, #1597, #572 ) ) ;
#728 = EDGE_CURVE ( 'NONE', #2455, #1912, #2372, .T. ) ;
#729 = AXIS2_PLACEMENT_3D ( 'NONE', #1152, #1995, #930 ) ;
#730 = CIRCLE ( 'NONE', #1369, 49.98437255783051825 ) ;
#731 = DIRECTION ( 'NONE',  ( 0.000000000000000000, 0.000000000000000000, -1.000000000000000000 ) ) ;
#732 = EDGE_LOOP ( 'NONE', ( #743, #374, #2289, #2645 ) ) ;
#733 = DIRECTION ( 'NONE',  ( 1.000000000000000000, 0.000000000000000000, 0.000000000000000000 ) ) ;
#734 = DIRECTION ( 'NONE',  ( -0.000000000000000000, 1.000000000000000000, -0.000000000000000000 ) ) ;
#735 = DIRECTION ( 'NONE',  ( 0.000000000000000000, 1.000000000000000000, -0.000000000000000000 ) ) ;
#736 = ORIENTED_EDGE ( 'NONE', *, *, #1533, .F. ) ;
#737 = FACE_OUTER_BOUND ( 'NONE', #52, .T. ) ;
#738 = CARTESIAN_POINT ( 'NONE',  ( 140.0071426749364036, 9.432096092759043820E-13, 0.000000000000000000 ) ) ;
#739 = ORIENTED_EDGE ( 'NONE', *, *, #2515, .T. ) ;
#740 = DIRECTION ( 'NONE',  ( 0.000000000000000000, 0.000000000000000000, -1.000000000000000000 ) ) ;
#741 = ADVANCED_FACE ( 'NONE', ( #546 ), #1762, .T. ) ;
#742 = LINE ( 'NONE', #2163, #2669 ) ;
#743 = ORIENTED_EDGE ( 'NONE', *, *, #675, .F. ) ;
#744 = DIRECTION ( 'NONE',  ( 1.224646799147353207E-16, 1.000000000000000000, 0.000000000000000000 ) ) ;
#745 = FACE_OUTER_BOUND ( 'NONE', #1809, .T. ) ;
#746 = CARTESIAN_POINT ( 'NONE',  ( 164.9758731192339098, 1.250000000000943245, 0.000000000000000000 ) ) ;
#747 = CARTESIAN_POINT ( 'NONE',  ( 138.7571426749354657, 164.9758731192348762, 0.000000000000000000 ) ) ;
#748 = EDGE_LOOP ( 'NONE', ( #1203, #391, #2634, #526 ) ) ;
#749 = FACE_OUTER_BOUND ( 'NONE', #1069, .T. ) ;
#750 = DIRECTION ( 'NONE',  ( 1.000000000000000000, 0.000000000000000000, 0.000000000000000000 ) ) ;
#751 = ORIENTED_EDGE ( 'NONE', *, *, #1219, .T. ) ;
#752 = CARTESIAN_POINT ( 'NONE',  ( 141.2571426749354657, 140.0071426749373700, -75.00000000000000000 ) ) ;
#753 = DIRECTION ( 'NONE',  ( 0.000000000000000000, 1.000000000000000000, 0.000000000000000000 ) ) ;
#754 = ORIENTED_EDGE ( 'NONE', *, *, #1688, .T. ) ;
#755 = EDGE_CURVE ( 'NONE', #136, #566, #1143, .T. ) ;
#756 = DIRECTION ( 'NONE',  ( 0.000000000000000000, -0.000000000000000000, -1.000000000000000000 ) ) ;
#757 = AXIS2_PLACEMENT_3D ( 'NONE', #2155, #734, #1175 ) ;
#758 = DIRECTION ( 'NONE',  ( 1.000000000000000000, 0.000000000000000000, 0.000000000000000000 ) ) ;
#759 = ADVANCED_FACE ( 'NONE', ( #2685 ), #1453, .T. ) ;
#760 = FACE_OUTER_BOUND ( 'NONE', #703, .T. ) ;
#761 = ORIENTED_EDGE ( 'NONE', *, *, #886, .T. ) ;
#762 = PLANE ( 'NONE',  #729 ) ;
#763 = CIRCLE ( 'NONE', #633, 24.99999999999977263 ) ;
#764 = EDGE_LOOP ( 'NONE', ( #1114, #2561, #498, #2309, #2473, #1941, #606, #1157 ) ) ;
#765 = ORIENTED_EDGE ( 'NONE', *, *, #528, .F. ) ;
#766 = CIRCLE ( 'NONE', #1105, 49.98437255783051825 ) ;
#767 = AXIS2_PLACEMENT_3D ( 'NONE', #1043, #863, #2519 ) ;
#768 = DIRECTION ( 'NONE',  ( 1.000000000000000000, 0.000000000000000000, 0.000000000000000000 ) ) ;
#769 = AXIS2_PLACEMENT_3D ( 'NONE', #1125, #2006, #2386 ) ;
#770 = CIRCLE ( 'NONE', #2286, 24.99999999999977263 ) ;
#771 = VERTEX_POINT ( 'NONE', #1179 ) ;
#772 = VECTOR ( 'NONE', #851, 1000.000000000000000 ) ;
#773 = DIRECTION ( 'NONE',  ( 1.000000000000000000, 0.000000000000000000, 0.000000000000000000 ) ) ;
#774 = LINE ( 'NONE', #1604, #1541 ) ;
#775 = EDGE_CURVE ( 'NONE', #213, #1508, #326, .T. ) ;
#776 = ORIENTED_EDGE ( 'NONE', *, *, #1235, .F. ) ;
#777 = PLANE ( 'NONE',  #1460 ) ;
#778 = LINE ( 'NONE', #2047, #1052 ) ;
#779 = ORIENTED_EDGE ( 'NONE', *, *, #2077, .F. ) ;
#780 = FACE_OUTER_BOUND ( 'NONE', #917, .T. ) ;
#781 = DIRECTION ( 'NONE',  ( 1.000000000000000000, 0.000000000000000000, 0.000000000000000000 ) ) ;
#782 = ORIENTED_EDGE ( 'NONE', *, *, #1962, .F. ) ;
#783 = CARTESIAN_POINT ( 'NONE',  ( 0.000000000000000000, -1.250000000000000000, -165.1474486605139589 ) ) ;
#784 = CARTESIAN_POINT ( 'NONE',  ( 140.0071426749364036, 9.432096092759043820E-13, -118.3012701892221941 ) ) ;
#785 = EDGE_LOOP ( 'NONE', ( #77, #1514, #1096 ) ) ;
#786 = CARTESIAN_POINT ( 'NONE',  ( 0.000000000000000000, 140.0071426749364036, -75.00000000000000000 ) ) ;
#787 = EDGE_CURVE ( 'NONE', #1494, #1569, #669, .T. ) ;
#788 = CARTESIAN_POINT ( 'NONE',  ( 90.02277011710587828, 1.250000000000943245, -75.00000000000000000 ) ) ;
#789 = DIRECTION ( 'NONE',  ( -0.000000000000000000, -0.000000000000000000, 1.000000000000000000 ) ) ;
#790 = ADVANCED_FACE ( 'NONE', ( #1608 ), #2035, .T. ) ;
#791 = CARTESIAN_POINT ( 'NONE',  ( 0.000000000000000000, 0.000000000000000000, -75.00000000000000000 ) ) ;
#792 = ORIENTED_EDGE ( 'NONE', *, *, #224, .F. ) ;
#793 = DIRECTION ( 'NONE',  ( 0.000000000000000000, -0.000000000000000000, -1.000000000000000000 ) ) ;
#794 = CARTESIAN_POINT ( 'NONE',  ( 140.0071426749354657, 140.0071426749373700, -130.0000000000000000 ) ) ;
#795 = CARTESIAN_POINT ( 'NONE',  ( 24.96873044429728594, 141.2571426749364036, -118.3012701892221941 ) ) ;
#796 = VECTOR ( 'NONE', #534, 1000.000000000000000 ) ;
#797 = EDGE_LOOP ( 'NONE', ( #451, #1407, #964, #739, #920, #1592 ) ) ;
#798 = CARTESIAN_POINT ( 'NONE',  ( -1.249999999999995559, 140.0071426749364036, -75.00000000000000000 ) ) ;
#799 = CARTESIAN_POINT ( 'NONE',  ( 140.0071426749354657, 140.0071426749373700, -75.00000000000000000 ) ) ;
#800 = EDGE_CURVE ( 'NONE', #2356, #1796, #2434, .T. ) ;
#801 = ORIENTED_EDGE ( 'NONE', *, *, #1567, .T. ) ;
#802 = CARTESIAN_POINT ( 'NONE',  ( 138.7571426749364036, 9.432096092759043820E-13, -232.7342928576809982 ) ) ;
#803 = CARTESIAN_POINT ( 'NONE',  ( 0.000000000000000000, 140.0071426749364036, -75.00000000000000000 ) ) ;
#804 = EDGE_CURVE ( 'NONE', #2120, #73, #2007, .T. ) ;
#805 = EDGE_LOOP ( 'NONE', ( #1701, #2513, #1779 ) ) ;
#806 = AXIS2_PLACEMENT_3D ( 'NONE', #527, #1170, #2635 ) ;
#807 = DIRECTION ( 'NONE',  ( 0.000000000000000000, -0.000000000000000000, 1.000000000000000000 ) ) ;
#808 = VECTOR ( 'NONE', #1475, 1000.000000000000000 ) ;
#809 = VECTOR ( 'NONE', #1070, 1000.000000000000000 ) ;
#810 = AXIS2_PLACEMENT_3D ( 'NONE', #460, #836, #2341 ) ;
#811 = CARTESIAN_POINT ( 'NONE',  ( -1.249999999999995559, 0.000000000000000000, -75.00000000000000000 ) ) ;
#812 = DIRECTION ( 'NONE',  ( 0.000000000000000000, 0.000000000000000000, -1.000000000000000000 ) ) ;
#813 = EDGE_LOOP ( 'NONE', ( #1055, #362, #1728, #1700 ) ) ;
#814 = LINE ( 'NONE', #1645, #98 ) ;
#815 = DIRECTION ( 'NONE',  ( 1.000000000000000000, 0.000000000000000000, 0.000000000000000000 ) ) ;
#816 = ORIENTED_EDGE ( 'NONE', *, *, #691, .T. ) ;
#817 = CYLINDRICAL_SURFACE ( 'NONE', #156, 24.99999999999977263 ) ;
#818 = DIRECTION ( 'NONE',  ( 0.000000000000000000, 0.000000000000000000, -1.000000000000000000 ) ) ;
#819 = ORIENTED_EDGE ( 'NONE', *, *, #1307, .F. ) ;
#820 = EDGE_CURVE ( 'NONE', #51, #279, #778, .T. ) ;
#821 = CARTESIAN_POINT ( 'NONE',  ( 141.2571426749364036, -24.96873044429655764, 0.000000000000000000 ) ) ;
#822 = EDGE_CURVE ( 'NONE', #2616, #1508, #2644, .T. ) ;
#823 = DIRECTION ( 'NONE',  ( 0.000000000000000000, 0.000000000000000000, -1.000000000000000000 ) ) ;
#824 = DIRECTION ( 'NONE',  ( -0.000000000000000000, -0.000000000000000000, 1.000000000000000000 ) ) ;
#825 = ORIENTED_EDGE ( 'NONE', *, *, #1773, .F. ) ;
#826 = PLANE ( 'NONE',  #278 ) ;
#827 = DIRECTION ( 'NONE',  ( -1.348059181698181549E-14, 1.000000000000000000, 0.000000000000000000 ) ) ;
#828 = ORIENTED_EDGE ( 'NONE', *, *, #622, .T. ) ;
#829 = CARTESIAN_POINT ( 'NONE',  ( 140.0071426749354657, 138.7571426749373700, -286.7359794649931928 ) ) ;
#830 = CARTESIAN_POINT ( 'NONE',  ( 140.0071426749354657, 140.0071426749373700, -75.00000000000000000 ) ) ;
#831 = VERTEX_POINT ( 'NONE', #2425 ) ;
#832 = CARTESIAN_POINT ( 'NONE',  ( 1.250000000000004663, 90.02277011710587828, -75.00000000000000000 ) ) ;
#833 = CIRCLE ( 'NONE', #2520, 55.00000000000000711 ) ;
#834 = EDGE_CURVE ( 'NONE', #1473, #1310, #1836, .T. ) ;
#835 = DIRECTION ( 'NONE',  ( 1.000000000000000000, 0.000000000000000000, 0.000000000000000000 ) ) ;
#836 = DIRECTION ( 'NONE',  ( -0.000000000000000000, 1.000000000000000000, 0.000000000000000000 ) ) ;
#837 = EDGE_CURVE ( 'NONE', #1825, #1944, #2525, .T. ) ;
#838 = FACE_OUTER_BOUND ( 'NONE', #1390, .T. ) ;
#839 = DIRECTION ( 'NONE',  ( 0.000000000000000000, -0.000000000000000000, 1.000000000000000000 ) ) ;
#840 = VECTOR ( 'NONE', #999, 1000.000000000000000 ) ;
#841 = ORIENTED_EDGE ( 'NONE', *, *, #212, .F. ) ;
#842 = FACE_OUTER_BOUND ( 'NONE', #1072, .T. ) ;
#843 = VECTOR ( 'NONE', #207, 1000.000000000000000 ) ;
#844 = VERTEX_POINT ( 'NONE', #788 ) ;
#845 = SPHERICAL_SURFACE ( 'NONE', #2281, 55.00000000000000711 ) ;
#846 = CIRCLE ( 'NONE', #2624, 24.99999999999954881 ) ;
#847 = AXIS2_PLACEMENT_3D ( 'NONE', #577, #1141, #1998 ) ;
#848 = VECTOR ( 'NONE', #702, 1000.000000000000000 ) ;
#849 = EDGE_CURVE ( 'NONE', #2612, #614, #973, .T. ) ;
#850 = DIRECTION ( 'NONE',  ( 0.000000000000000000, 0.000000000000000000, -1.000000000000000000 ) ) ;
#851 = DIRECTION ( 'NONE',  ( -0.000000000000000000, -0.000000000000000000, 1.000000000000000000 ) ) ;
#852 = AXIS2_PLACEMENT_3D ( 'NONE', #971, #1551, #1576 ) ;
#853 = VECTOR ( 'NONE', #2276, 1000.000000000000000 ) ;
#854 = EDGE_CURVE ( 'NONE', #1310, #1676, #499, .T. ) ;
#855 = AXIS2_PLACEMENT_3D ( 'NONE', #1017, #1675, #250 ) ;
#856 = CARTESIAN_POINT ( 'NONE',  ( -1.249999999999995559, 0.000000000000000000, -165.1474486605139589 ) ) ;
#857 = ORIENTED_EDGE ( 'NONE', *, *, #513, .T. ) ;
#858 = DIRECTION ( 'NONE',  ( -0.000000000000000000, -0.000000000000000000, 1.000000000000000000 ) ) ;
#859 = EDGE_CURVE ( 'NONE', #844, #1335, #1401, .T. ) ;
#860 = CARTESIAN_POINT ( 'NONE',  ( 140.0071426749373700, 0.000000000000000000, -75.00000000000001421 ) ) ;
#861 = ORIENTED_EDGE ( 'NONE', *, *, #2080, .T. ) ;
#862 = ORIENTED_EDGE ( 'NONE', *, *, #2518, .F. ) ;
#863 = DIRECTION ( 'NONE',  ( -0.000000000000000000, -0.000000000000000000, 1.000000000000000000 ) ) ;
#864 = DIRECTION ( 'NONE',  ( 1.000000000000000000, 0.000000000000000000, 0.000000000000000000 ) ) ;
#865 = DIRECTION ( 'NONE',  ( 0.000000000000000000, 1.000000000000000000, -0.000000000000000000 ) ) ;
#866 = DIRECTION ( 'NONE',  ( -0.000000000000000000, -0.000000000000000000, 1.000000000000000000 ) ) ;
#867 = ORIENTED_EDGE ( 'NONE', *, *, #224, .T. ) ;
#868 = FACE_OUTER_BOUND ( 'NONE', #2367, .T. ) ;
#869 = EDGE_CURVE ( 'NONE', #2267, #1523, #2022, .T. ) ;
#870 = DIRECTION ( 'NONE',  ( 1.000000000000000000, 0.000000000000000000, 0.000000000000000000 ) ) ;
#871 = ORIENTED_EDGE ( 'NONE', *, *, #2515, .F. ) ;
#872 = EDGE_LOOP ( 'NONE', ( #524, #2183, #1493, #1531 ) ) ;
#873 = EDGE_CURVE ( 'NONE', #94, #1499, #194, .T. ) ;
#874 = CARTESIAN_POINT ( 'NONE',  ( 141.2571426749364036, 9.432096092759043820E-13, -75.00000000000000000 ) ) ;
#875 = ORIENTED_EDGE ( 'NONE', *, *, #1952, .T. ) ;
#876 = DIRECTION ( 'NONE',  ( -0.000000000000000000, 1.000000000000000000, 0.000000000000000000 ) ) ;
#877 = FACE_OUTER_BOUND ( 'NONE', #514, .T. ) ;
#878 = DIRECTION ( 'NONE',  ( -0.000000000000000000, -0.000000000000000000, 1.000000000000000000 ) ) ;
#879 = ORIENTED_EDGE ( 'NONE', *, *, #1171, .T. ) ;
#880 = PLANE ( 'NONE',  #2151 ) ;
#881 = EDGE_CURVE ( 'NONE', #2144, #1989, #1710, .T. ) ;
#882 = FACE_OUTER_BOUND ( 'NONE', #54, .T. ) ;
#883 = VERTEX_POINT ( 'NONE', #1658 ) ;
#884 = AXIS2_PLACEMENT_3D ( 'NONE', #1026, #1867, #1010 ) ;
#885 = ORIENTED_EDGE ( 'NONE', *, *, #2424, .F. ) ;
#886 = EDGE_CURVE ( 'NONE', #2120, #831, #1646, .T. ) ;
#887 = DIRECTION ( 'NONE',  ( 0.000000000000000000, 1.000000000000000000, 0.000000000000000000 ) ) ;
#888 = ORIENTED_EDGE ( 'NONE', *, *, #2032, .F. ) ;
#889 = LINE ( 'NONE', #282, #199 ) ;
#890 = VECTOR ( 'NONE', #285, 1000.000000000000000 ) ;
#891 = CARTESIAN_POINT ( 'NONE',  ( 115.0071426749356931, 140.0071426749373700, 0.000000000000000000 ) ) ;
#892 = AXIS2_PLACEMENT_3D ( 'NONE', #2638, #807, #1787 ) ;
#893 = CARTESIAN_POINT ( 'NONE',  ( 0.000000000000000000, 0.000000000000000000, -75.00000000000000000 ) ) ;
#894 = AXIS2_PLACEMENT_3D ( 'NONE', #1214, #350, #1610 ) ;
#895 = ORIENTED_EDGE ( 'NONE', *, *, #1376, .F. ) ;
#896 = DIRECTION ( 'NONE',  ( 1.000000000000000000, -0.000000000000000000, 0.000000000000000000 ) ) ;
#897 = AXIS2_PLACEMENT_3D ( 'NONE', #2159, #1727, #711 ) ;
#898 = CARTESIAN_POINT ( 'NONE',  ( -1.249999999999994227, 90.02277011710587828, -75.00000000000000000 ) ) ;
#899 = EDGE_LOOP ( 'NONE', ( #1197, #134, #233 ) ) ;
#900 = ORIENTED_EDGE ( 'NONE', *, *, #1206, .F. ) ;
#901 = LINE ( 'NONE', #2560, #848 ) ;
#902 = EDGE_LOOP ( 'NONE', ( #490, #548, #2361, #629 ) ) ;
#903 = ADVANCED_FACE ( 'NONE', ( #1027 ), #2475, .F. ) ;
#904 = EDGE_CURVE ( 'NONE', #1321, #990, #1451, .T. ) ;
#905 = FILL_AREA_STYLE ('',( #1778 ) ) ;
#906 = EDGE_LOOP ( 'NONE', ( #2175, #1540, #935 ) ) ;
#907 = DIRECTION ( 'NONE',  ( 0.000000000000000000, -1.000000000000000000, 0.000000000000000000 ) ) ;
#908 = DIRECTION ( 'NONE',  ( 1.000000000000000000, 0.000000000000000000, 0.000000000000000000 ) ) ;
#909 = ORIENTED_EDGE ( 'NONE', *, *, #396, .T. ) ;
#910 = LINE ( 'NONE', #1353, #1678 ) ;
#911 = VERTEX_POINT ( 'NONE', #2500 ) ;
#912 = DIRECTION ( 'NONE',  ( -0.000000000000000000, 1.000000000000000000, 0.000000000000000000 ) ) ;
#913 = EDGE_CURVE ( 'NONE', #2036, #358, #923, .T. ) ;
#914 = CARTESIAN_POINT ( 'NONE',  ( 50.00000000000000711, 0.000000000000000000, -75.00000000000000000 ) ) ;
#915 = DIRECTION ( 'NONE',  ( -0.000000000000000000, -0.000000000000000000, 1.000000000000000000 ) ) ;
#916 = EDGE_CURVE ( 'NONE', #2246, #2299, #280, .T. ) ;
#917 = EDGE_LOOP ( 'NONE', ( #130, #1221, #348, #2317 ) ) ;
#918 = PLANE ( 'NONE',  #2492 ) ;
#919 = DIRECTION ( 'NONE',  ( 1.000000000000000000, 0.000000000000000000, 0.000000000000000000 ) ) ;
#920 = ORIENTED_EDGE ( 'NONE', *, *, #297, .T. ) ;
#921 = ORIENTED_EDGE ( 'NONE', *, *, #1474, .F. ) ;
#922 = ORIENTED_EDGE ( 'NONE', *, *, #1423, .F. ) ;
#923 = CIRCLE ( 'NONE', #1583, 24.99999999999954881 ) ;
#924 = CARTESIAN_POINT ( 'NONE',  ( 115.0384122306379595, 141.2571426749373700, -75.00000000000000000 ) ) ;
#925 = CARTESIAN_POINT ( 'NONE',  ( 24.96873044429750266, 1.250000000000000000, 0.000000000000000000 ) ) ;
#926 = DIRECTION ( 'NONE',  ( -1.000000000000000000, 0.000000000000000000, 0.000000000000000000 ) ) ;
#927 = VECTOR ( 'NONE', #200, 1000.000000000000000 ) ;
#928 = ORIENTED_EDGE ( 'NONE', *, *, #1371, .T. ) ;
#929 = AXIS2_PLACEMENT_3D ( 'NONE', #2350, #1949, #1370 ) ;
#930 = DIRECTION ( 'NONE',  ( 1.000000000000000000, 0.000000000000000000, 0.000000000000000000 ) ) ;
#931 = ADVANCED_FACE ( 'NONE', ( #664 ), #2098, .F. ) ;
#932 = AXIS2_PLACEMENT_3D ( 'NONE', #829, #1660, #2037 ) ;
#933 = AXIS2_PLACEMENT_3D ( 'NONE', #518, #2348, #298 ) ;
#934 = CARTESIAN_POINT ( 'NONE',  ( 138.7571426749354657, 140.0071426749373700, -75.00000000000000000 ) ) ;
#935 = ORIENTED_EDGE ( 'NONE', *, *, #2115, .F. ) ;
#936 = CARTESIAN_POINT ( 'NONE',  ( 138.7571426749354657, 115.0384122306398496, -75.00000000000000000 ) ) ;
#937 = CIRCLE ( 'NONE', #1889, 49.98437255783051825 ) ;
#938 = VECTOR ( 'NONE', #2466, 1000.000000000000000 ) ;
#939 = EDGE_CURVE ( 'NONE', #2455, #1782, #1320, .T. ) ;
#940 = DIRECTION ( 'NONE',  ( -0.000000000000000000, 1.000000000000000000, 0.000000000000000000 ) ) ;
#941 = EDGE_LOOP ( 'NONE', ( #895, #1117, #2379, #558 ) ) ;
#942 = DIRECTION ( 'NONE',  ( 1.000000000000000000, 0.000000000000000000, 0.000000000000000000 ) ) ;
#943 = CARTESIAN_POINT ( 'NONE',  ( -60.00000000000000000, 200.0071426749373416, -75.00000000000001421 ) ) ;
#944 = DIRECTION ( 'NONE',  ( 0.000000000000000000, 0.000000000000000000, -1.000000000000000000 ) ) ;
#945 = ORIENTED_EDGE ( 'NONE', *, *, #212, .T. ) ;
#946 = CARTESIAN_POINT ( 'NONE',  ( 0.000000000000000000, 140.0071426749364036, -75.00000000000000000 ) ) ;
#947 = CARTESIAN_POINT ( 'NONE',  ( 140.0071426749364036, 9.432096092759043820E-13, -75.00000000000000000 ) ) ;
#948 = EDGE_CURVE ( 'NONE', #2595, #1523, #2512, .T. ) ;
#949 = EDGE_LOOP ( 'NONE', ( #1872, #1792, #286, #2641, #1839, #90, #2308, #2005 ) ) ;
#950 = ORIENTED_EDGE ( 'NONE', *, *, #2000, .T. ) ;
#951 = CARTESIAN_POINT ( 'NONE',  ( -1.249999999999984457, -24.96873044429728239, -118.3012701892221941 ) ) ;
#952 = EDGE_CURVE ( 'NONE', #1758, #1018, #2126, .T. ) ;
#953 = ORIENTED_EDGE ( 'NONE', *, *, #519, .F. ) ;
#954 = DIRECTION ( 'NONE',  ( -0.000000000000000000, -0.000000000000000000, 1.000000000000000000 ) ) ;
#955 =( NAMED_UNIT ( * ) PLANE_ANGLE_UNIT ( ) SI_UNIT ( $, .RADIAN. ) );
#956 = CYLINDRICAL_SURFACE ( 'NONE', #13, 24.99999999999977973 ) ;
#957 = LINE ( 'NONE', #1547, #890 ) ;
#958 = ORIENTED_EDGE ( 'NONE', *, *, #2012, .T. ) ;
#959 = DIRECTION ( 'NONE',  ( -0.000000000000000000, 1.000000000000000000, -0.000000000000000000 ) ) ;
#960 = ORIENTED_EDGE ( 'NONE', *, *, #2456, .T. ) ;
#961 = CARTESIAN_POINT ( 'NONE',  ( 0.000000000000000000, 140.0071426749364036, -118.3012701892221941 ) ) ;
#962 = ORIENTED_CLOSED_SHELL ( 'NONE', *, #2236, .F. );
#963 = LINE ( 'NONE', #1580, #1847 ) ;
#964 = ORIENTED_EDGE ( 'NONE', *, *, #986, .T. ) ;
#965 = EDGE_CURVE ( 'NONE', #990, #2337, #1277, .T. ) ;
#966 = AXIS2_PLACEMENT_3D ( 'NONE', #1858, #165, #616 ) ;
#967 = LINE ( 'NONE', #2457, #1059 ) ;
#968 = DIRECTION ( 'NONE',  ( -0.000000000000000000, -0.000000000000000000, 1.000000000000000000 ) ) ;
#969 = CARTESIAN_POINT ( 'NONE',  ( -49.98437255783052535, 141.2571426749364036, -75.00000000000000000 ) ) ;
#970 = ORIENTED_EDGE ( 'NONE', *, *, #2342, .T. ) ;
#971 = CARTESIAN_POINT ( 'NONE',  ( 140.0071426749354657, 140.0071426749373700, -75.00000000000000000 ) ) ;
#972 = AXIS2_PLACEMENT_3D ( 'NONE', #1088, #876, #864 ) ;
#973 = LINE ( 'NONE', #1429, #1755 ) ;
#974 = ORIENTED_EDGE ( 'NONE', *, *, #2125, .T. ) ;
#975 = CARTESIAN_POINT ( 'NONE',  ( -60.00000000000000000, -60.00000000000000000, -75.00000000000001421 ) ) ;
#976 = CIRCLE ( 'NONE', #1418, 50.00000000000001421 ) ;
#977 = AXIS2_PLACEMENT_3D ( 'NONE', #2420, #2623, #2430 ) ;
#978 = CARTESIAN_POINT ( 'NONE',  ( 140.0071426749354657, 140.0071426749373700, -75.00000000000000000 ) ) ;
#979 = AXIS2_PLACEMENT_3D ( 'NONE', #479, #1726, #2128 ) ;
#980 = AXIS2_PLACEMENT_3D ( 'NONE', #1794, #2619, #2418 ) ;
#981 = ORIENTED_EDGE ( 'NONE', *, *, #2458, .T. ) ;
#982 = AXIS2_PLACEMENT_3D ( 'NONE', #493, #1319, #2140 ) ;
#983 = CARTESIAN_POINT ( 'NONE',  ( 50.00000000000000711, 0.000000000000000000, -75.00000000000000000 ) ) ;
#984 = EDGE_CURVE ( 'NONE', #178, #1158, #1667, .T. ) ;
#985 = LINE ( 'NONE', #1854, #2530 ) ;
#986 = EDGE_CURVE ( 'NONE', #1575, #126, #1488, .T. ) ;
#987 = EDGE_LOOP ( 'NONE', ( #655, #2416, #2099, #254 ) ) ;
#988 = CARTESIAN_POINT ( 'NONE',  ( -55.00000000000000711, 6.735557395310444981E-15, -75.00000000000000000 ) ) ;
#989 = DIRECTION ( 'NONE',  ( 0.000000000000000000, -0.000000000000000000, 1.000000000000000000 ) ) ;
#990 = VERTEX_POINT ( 'NONE', #1518 ) ;
#991 = DIRECTION ( 'NONE',  ( -0.000000000000000000, -0.000000000000000000, 1.000000000000000000 ) ) ;
#992 = DIRECTION ( 'NONE',  ( -0.000000000000000000, 1.000000000000000000, -0.000000000000000000 ) ) ;
#993 = ORIENTED_EDGE ( 'NONE', *, *, #822, .F. ) ;
#994 = FACE_OUTER_BOUND ( 'NONE', #1885, .T. ) ;
#995 = EDGE_CURVE ( 'NONE', #317, #1725, #503, .T. ) ;
#996 = CARTESIAN_POINT ( 'NONE',  ( 1.249999999999993561, -24.96873044429728594, -118.3012701892221941 ) ) ;
#997 = DIRECTION ( 'NONE',  ( 1.000000000000000000, -0.000000000000000000, 0.000000000000000000 ) ) ;
#998 = VERTEX_POINT ( 'NONE', #463 ) ;
#999 = DIRECTION ( 'NONE',  ( 0.000000000000000000, 0.000000000000000000, -1.000000000000000000 ) ) ;
#1000 = ADVANCED_FACE ( 'NONE', ( #1724 ), #1685, .F. ) ;
#1001 = DIRECTION ( 'NONE',  ( 1.000000000000000000, 0.000000000000000000, 0.000000000000000000 ) ) ;
#1002 = ORIENTED_EDGE ( 'NONE', *, *, #1500, .T. ) ;
#1003 = DIRECTION ( 'NONE',  ( -0.000000000000000000, -0.000000000000000000, 1.000000000000000000 ) ) ;
#1004 = ORIENTED_EDGE ( 'NONE', *, *, #261, .F. ) ;
#1005 = DIRECTION ( 'NONE',  ( 0.000000000000000000, -0.000000000000000000, -1.000000000000000000 ) ) ;
#1006 = LINE ( 'NONE', #1837, #198 ) ;
#1007 = DIRECTION ( 'NONE',  ( 0.000000000000000000, -0.000000000000000000, -1.000000000000000000 ) ) ;
#1008 = CIRCLE ( 'NONE', #1919, 49.98437255783051825 ) ;
#1009 = VERTEX_POINT ( 'NONE', #1896 ) ;
#1010 = DIRECTION ( 'NONE',  ( 0.000000000000000000, 0.000000000000000000, -1.000000000000000000 ) ) ;
#1011 = CARTESIAN_POINT ( 'NONE',  ( 190.0071426749354941, 140.0071426749373700, -75.00000000000000000 ) ) ;
#1012 = CIRCLE ( 'NONE', #2569, 55.00000000000000711 ) ;
#1013 = VERTEX_POINT ( 'NONE', #1048 ) ;
#1014 = CARTESIAN_POINT ( 'NONE',  ( -49.98437255783052535, 138.7571426749364036, -75.00000000000000000 ) ) ;
#1015 = EDGE_CURVE ( 'NONE', #2637, #2027, #763, .T. ) ;
#1016 = AXIS2_PLACEMENT_3D ( 'NONE', #76, #2354, #944 ) ;
#1017 = CARTESIAN_POINT ( 'NONE',  ( 140.0071426749354657, 140.0071426749373700, 0.000000000000000000 ) ) ;
#1018 = VERTEX_POINT ( 'NONE', #644 ) ;
#1019 = EDGE_CURVE ( 'NONE', #580, #911, #589, .T. ) ;
#1020 = VECTOR ( 'NONE', #2123, 1000.000000000000000 ) ;
#1021 = VECTOR ( 'NONE', #789, 1000.000000000000000 ) ;
#1022 = AXIS2_PLACEMENT_3D ( 'NONE', #373, #1600, #1811 ) ;
#1023 = LINE ( 'NONE', #571, #1881 ) ;
#1024 = CARTESIAN_POINT ( 'NONE',  ( 200.0071426749373416, 200.0071426749373416, -75.00000000000001421 ) ) ;
#1025 = ORIENTED_EDGE ( 'NONE', *, *, #1270, .F. ) ;
#1026 = CARTESIAN_POINT ( 'NONE',  ( -1.249999999999995559, 140.0071426749364036, -240.4646326056195562 ) ) ;
#1027 = FACE_OUTER_BOUND ( 'NONE', #1833, .T. ) ;
#1028 = EDGE_LOOP ( 'NONE', ( #776, #81, #1137 ) ) ;
#1029 = DIRECTION ( 'NONE',  ( 1.000000000000000000, -0.000000000000000000, 0.000000000000000000 ) ) ;
#1030 = EDGE_CURVE ( 'NONE', #1989, #1469, #435, .T. ) ;
#1031 = CARTESIAN_POINT ( 'NONE',  ( -24.96873044429728594, -1.249999999999988898, -118.3012701892221941 ) ) ;
#1032 = ORIENTED_EDGE ( 'NONE', *, *, #2643, .T. ) ;
#1033 = EDGE_CURVE ( 'NONE', #2587, #166, #2097, .T. ) ;
#1034 = DIRECTION ( 'NONE',  ( -0.000000000000000000, -0.000000000000000000, 1.000000000000000000 ) ) ;
#1035 = CARTESIAN_POINT ( 'NONE',  ( 141.2571426749354657, 140.0071426749373700, -75.00000000000000000 ) ) ;
#1036 = DIRECTION ( 'NONE',  ( 0.000000000000000000, -1.000000000000000000, 0.000000000000000000 ) ) ;
#1037 = DIRECTION ( 'NONE',  ( -0.000000000000000000, -0.000000000000000000, 1.000000000000000000 ) ) ;
#1038 = DIRECTION ( 'NONE',  ( 1.000000000000000000, -2.042810365310288981E-14, 0.000000000000000000 ) ) ;
#1039 = EDGE_LOOP ( 'NONE', ( #2336, #1284, #1075 ) ) ;
#1040 = DIRECTION ( 'NONE',  ( 1.000000000000000000, 0.000000000000000000, 0.000000000000000000 ) ) ;
#1041 = PLANE ( 'NONE',  #1506 ) ;
#1042 = ORIENTED_EDGE ( 'NONE', *, *, #939, .F. ) ;
#1043 = CARTESIAN_POINT ( 'NONE',  ( 0.000000000000000000, 0.000000000000000000, 0.000000000000000000 ) ) ;
#1044 = ADVANCED_FACE ( 'NONE', ( #1079 ), #1906, .T. ) ;
#1045 = DIRECTION ( 'NONE',  ( 1.000000000000000000, 0.000000000000000000, 0.000000000000000000 ) ) ;
#1046 = LINE ( 'NONE', #639, #1938 ) ;
#1047 = EDGE_CURVE ( 'NONE', #1957, #1614, #101, .T. ) ;
#1048 = CARTESIAN_POINT ( 'NONE',  ( 115.0071426749364178, 0.000000000000000000, 0.000000000000000000 ) ) ;
#1049 = AXIS2_PLACEMENT_3D ( 'NONE', #786, #1037, #1615 ) ;
#1050 = ORIENTED_EDGE ( 'NONE', *, *, #1235, .T. ) ;
#1051 = DIRECTION ( 'NONE',  ( 1.000000000000000000, 0.000000000000000000, 0.000000000000000000 ) ) ;
#1052 = VECTOR ( 'NONE', #827, 1000.000000000000000 ) ;
#1053 = AXIS2_PLACEMENT_3D ( 'NONE', #1761, #1372, #342 ) ;
#1054 = DIRECTION ( 'NONE',  ( 1.000000000000000000, 0.000000000000000000, 0.000000000000000000 ) ) ;
#1055 = ORIENTED_EDGE ( 'NONE', *, *, #913, .F. ) ;
#1056 = VERTEX_POINT ( 'NONE', #1375 ) ;
#1057 = STYLED_ITEM ( 'NONE', ( #1332 ), #1120 ) ;
#1058 = CARTESIAN_POINT ( 'NONE',  ( 0.000000000000000000, 140.0071426749364036, -75.00000000000000000 ) ) ;
#1059 = VECTOR ( 'NONE', #392, 1000.000000000000000 ) ;
#1060 = AXIS2_PLACEMENT_3D ( 'NONE', #321, #150, #1970 ) ;
#1061 = CIRCLE ( 'NONE', #599, 24.99999999999977263 ) ;
#1062 = LINE ( 'NONE', #1664, #2485 ) ;
#1063 = EDGE_CURVE ( 'NONE', #2164, #2575, #2199, .T. ) ;
#1064 = CARTESIAN_POINT ( 'NONE',  ( 0.000000000000000000, 138.7571426749364036, -75.00000000000000000 ) ) ;
#1065 = VECTOR ( 'NONE', #1594, 1000.000000000000000 ) ;
#1066 = AXIS2_PLACEMENT_3D ( 'NONE', #1308, #1093, #2346 ) ;
#1067 = DIRECTION ( 'NONE',  ( 1.000000000000000000, -0.000000000000000000, 0.000000000000000000 ) ) ;
#1068 = ADVANCED_FACE ( 'NONE', ( #344 ), #489, .F. ) ;
#1069 = EDGE_LOOP ( 'NONE', ( #2104, #1422, #1454, #2382, #696, #2143, #1095, #385 ) ) ;
#1070 = DIRECTION ( 'NONE',  ( -1.000000000000000000, 0.000000000000000000, -0.000000000000000000 ) ) ;
#1071 = DIRECTION ( 'NONE',  ( 1.000000000000000000, 0.000000000000000000, 0.000000000000000000 ) ) ;
#1072 = EDGE_LOOP ( 'NONE', ( #1771, #665, #1244, #1377 ) ) ;
#1073 = EDGE_LOOP ( 'NONE', ( #2023, #2432, #1562 ) ) ;
#1074 = DIRECTION ( 'NONE',  ( 1.000000000000000000, 0.000000000000000000, 0.000000000000000000 ) ) ;
#1075 = ORIENTED_EDGE ( 'NONE', *, *, #1168, .T. ) ;
#1076 = PLANE ( 'NONE',  #1588 ) ;
#1077 = CARTESIAN_POINT ( 'NONE',  ( 0.000000000000000000, 0.000000000000000000, -75.00000000000000000 ) ) ;
#1078 = EDGE_CURVE ( 'NONE', #1310, #1297, #2137, .T. ) ;
#1079 = FACE_OUTER_BOUND ( 'NONE', #1958, .T. ) ;
#1080 = ORIENTED_EDGE ( 'NONE', *, *, #1371, .F. ) ;
#1081 = LINE ( 'NONE', #1490, #295 ) ;
#1082 = ADVANCED_FACE ( 'NONE', ( #1150 ), #1749, .T. ) ;
#1083 = CARTESIAN_POINT ( 'NONE',  ( 50.00000000000000711, 0.000000000000000000, -75.00000000000000000 ) ) ;
#1084 = ORIENTED_EDGE ( 'NONE', *, *, #622, .F. ) ;
#1085 = ORIENTED_EDGE ( 'NONE', *, *, #2676, .T. ) ;
#1086 = PLANE ( 'NONE',  #1248 ) ;
#1087 = ORIENTED_EDGE ( 'NONE', *, *, #1607, .F. ) ;
#1088 = CARTESIAN_POINT ( 'NONE',  ( 140.0071426749354657, 140.0071426749373700, -75.00000000000000000 ) ) ;
#1089 = FACE_OUTER_BOUND ( 'NONE', #1565, .T. ) ;
#1090 = DIRECTION ( 'NONE',  ( 1.000000000000000000, 0.000000000000000000, 0.000000000000000000 ) ) ;
#1091 = ORIENTED_EDGE ( 'NONE', *, *, #1849, .T. ) ;
#1092 = FACE_OUTER_BOUND ( 'NONE', #1324, .T. ) ;
#1093 = DIRECTION ( 'NONE',  ( 0.000000000000000000, -1.000000000000000000, 0.000000000000000000 ) ) ;
#1094 = EDGE_CURVE ( 'NONE', #213, #2036, #2156, .T. ) ;
#1095 = ORIENTED_EDGE ( 'NONE', *, *, #939, .T. ) ;
#1096 = ORIENTED_EDGE ( 'NONE', *, *, #38, .F. ) ;
#1097 = CIRCLE ( 'NONE', #549, 24.99999999999954881 ) ;
#1098 = DIRECTION ( 'NONE',  ( 0.000000000000000000, -1.000000000000000000, 0.000000000000000000 ) ) ;
#1099 = EDGE_CURVE ( 'NONE', #2612, #338, #957, .T. ) ;
#1100 = VECTOR ( 'NONE', #2563, 1000.000000000000000 ) ;
#1101 = ORIENTED_EDGE ( 'NONE', *, *, #1153, .F. ) ;
#1102 = DIRECTION ( 'NONE',  ( 1.000000000000000000, 0.000000000000000000, 0.000000000000000000 ) ) ;
#1103 = CIRCLE ( 'NONE', #1281, 49.98437255783051825 ) ;
#1104 = CARTESIAN_POINT ( 'NONE',  ( 140.0071426749364036, 9.432096092759043820E-13, 0.000000000000000000 ) ) ;
#1105 = AXIS2_PLACEMENT_3D ( 'NONE', #1793, #1783, #740 ) ;
#1106 = VECTOR ( 'NONE', #56, 1000.000000000000000 ) ;
#1107 = DIRECTION ( 'NONE',  ( 1.000000000000000000, 0.000000000000000000, 0.000000000000000000 ) ) ;
#1108 = AXIS2_PLACEMENT_3D ( 'NONE', #2269, #1481, #1649 ) ;
#1109 = ORIENTED_EDGE ( 'NONE', *, *, #496, .T. ) ;
#1110 = CARTESIAN_POINT ( 'NONE',  ( 140.0071426749354657, 138.7571426749373700, -75.00000000000000000 ) ) ;
#1111 = VECTOR ( 'NONE', #125, 1000.000000000000000 ) ;
#1112 = DIRECTION ( 'NONE',  ( 1.000000000000000000, 0.000000000000000000, 0.000000000000000000 ) ) ;
#1113 = ORIENTED_EDGE ( 'NONE', *, *, #1590, .F. ) ;
#1114 = ORIENTED_EDGE ( 'NONE', *, *, #1500, .F. ) ;
#1115 = ADVANCED_FACE ( 'NONE', ( #760 ), #121, .T. ) ;
#1116 = CARTESIAN_POINT ( 'NONE',  ( 49.98437255783052535, 138.7571426749364036, -75.00000000000000000 ) ) ;
#1117 = ORIENTED_EDGE ( 'NONE', *, *, #2643, .F. ) ;
#1118 = ADVANCED_FACE ( 'NONE', ( #1953 ), #1123, .T. ) ;
#1119 = DIRECTION ( 'NONE',  ( 1.000000000000000000, 0.000000000000000000, 0.000000000000000000 ) ) ;
#1120 = BREP_WITH_VOIDS ( 'NONE', #2409, ( #1892, #2294, #1695, #255, #1217, #2176, #1923, #291, #371, #574, #2214, #962 ) );
#1121 = DIRECTION ( 'NONE',  ( 1.000000000000000000, 0.000000000000000000, 0.000000000000000000 ) ) ;
#1122 = FACE_OUTER_BOUND ( 'NONE', #1212, .T. ) ;
#1123 = PLANE ( 'NONE',  #1016 ) ;
#1124 = ORIENTED_EDGE ( 'NONE', *, *, #1133, .F. ) ;
#1125 = CARTESIAN_POINT ( 'NONE',  ( 138.7571426749364036, 9.432096092759043820E-13, -75.00000000000000000 ) ) ;
#1126 = CARTESIAN_POINT ( 'NONE',  ( 0.000000000000000000, 140.0071426749364036, -75.00000000000000000 ) ) ;
#1127 = ORIENTED_EDGE ( 'NONE', *, *, #2000, .F. ) ;
#1128 = ORIENTED_EDGE ( 'NONE', *, *, #2540, .T. ) ;
#1129 = FACE_OUTER_BOUND ( 'NONE', #1740, .T. ) ;
#1130 = ORIENTED_EDGE ( 'NONE', *, *, #513, .F. ) ;
#1131 = SPHERICAL_SURFACE ( 'NONE', #555, 55.00000000000000711 ) ;
#1132 = DIRECTION ( 'NONE',  ( 1.000000000000000000, -0.000000000000000000, 0.000000000000000000 ) ) ;
#1133 = EDGE_CURVE ( 'NONE', #2595, #2267, #1103, .T. ) ;
#1134 = CARTESIAN_POINT ( 'NONE',  ( 141.2571426749354657, 140.0071426749373700, -286.7359794649931928 ) ) ;
#1135 =( NAMED_UNIT ( * ) PLANE_ANGLE_UNIT ( ) SI_UNIT ( $, .RADIAN. ) );
#1136 = EDGE_CURVE ( 'NONE', #270, #1158, #677, .T. ) ;
#1137 = ORIENTED_EDGE ( 'NONE', *, *, #2228, .T. ) ;
#1138 = CARTESIAN_POINT ( 'NONE',  ( 24.96873044429728594, 138.7571426749364036, -118.3012701892221941 ) ) ;
#1139 = DIRECTION ( 'NONE',  ( -0.000000000000000000, 1.000000000000000000, 0.000000000000000000 ) ) ;
#1140 = ORIENTED_EDGE ( 'NONE', *, *, #2576, .T. ) ;
#1141 = DIRECTION ( 'NONE',  ( -0.000000000000000000, 1.000000000000000000, 0.000000000000000000 ) ) ;
#1142 = DIRECTION ( 'NONE',  ( 0.000000000000000000, 0.000000000000000000, -1.000000000000000000 ) ) ;
#1143 = CIRCLE ( 'NONE', #2658, 55.00000000000000711 ) ;
#1144 = ORIENTED_EDGE ( 'NONE', *, *, #1688, .F. ) ;
#1145 = AXIS2_PLACEMENT_3D ( 'NONE', #1077, #1666, #2124 ) ;
#1146 = CARTESIAN_POINT ( 'NONE',  ( 140.0071426749364036, 9.432096092759043820E-13, -75.00000000000000000 ) ) ;
#1147 = PLANE ( 'NONE',  #627 ) ;
#1148 = CIRCLE ( 'NONE', #2318, 50.00000000000001421 ) ;
#1149 = EDGE_CURVE ( 'NONE', #2568, #831, #1574, .T. ) ;
#1150 = FACE_OUTER_BOUND ( 'NONE', #1173, .T. ) ;
#1151 = VERTEX_POINT ( 'NONE', #144 ) ;
#1152 = CARTESIAN_POINT ( 'NONE',  ( 0.000000000000000000, 0.000000000000000000, 0.000000000000000000 ) ) ;
#1153 = EDGE_CURVE ( 'NONE', #1056, #47, #2405, .T. ) ;
#1154 = CLOSED_SHELL ( 'NONE', ( #723, #2204, #141, #410, #1684 ) ) ;
#1155 = CIRCLE ( 'NONE', #2018, 24.99999999999955591 ) ;
#1156 = DIRECTION ( 'NONE',  ( 0.000000000000000000, -1.000000000000000000, 0.000000000000000000 ) ) ;
#1157 = ORIENTED_EDGE ( 'NONE', *, *, #2594, .T. ) ;
#1158 = VERTEX_POINT ( 'NONE', #1176 ) ;
#1159 = CIRCLE ( 'NONE', #769, 49.98437255783051825 ) ;
#1160 = CARTESIAN_POINT ( 'NONE',  ( 0.000000000000000000, 138.7571426749364036, -75.00000000000000000 ) ) ;
#1161 = ORIENTED_EDGE ( 'NONE', *, *, #904, .F. ) ;
#1162 = DIRECTION ( 'NONE',  ( 0.000000000000000000, 0.000000000000000000, -1.000000000000000000 ) ) ;
#1163 = CARTESIAN_POINT ( 'NONE',  ( 140.0071426749354657, 140.0071426749373700, -118.3012701892221941 ) ) ;
#1164 = PLANE ( 'NONE',  #1534 ) ;
#1165 = CARTESIAN_POINT ( 'NONE',  ( 115.0384122306388974, -1.249999999999056755, 0.000000000000000000 ) ) ;
#1166 = ORIENTED_EDGE ( 'NONE', *, *, #1047, .T. ) ;
#1167 = DIRECTION ( 'NONE',  ( -0.000000000000000000, -0.000000000000000000, 1.000000000000000000 ) ) ;
#1168 = EDGE_CURVE ( 'NONE', #1169, #2243, #2640, .T. ) ;
#1169 = VERTEX_POINT ( 'NONE', #969 ) ;
#1170 = DIRECTION ( 'NONE',  ( 0.000000000000000000, -1.000000000000000000, 0.000000000000000000 ) ) ;
#1171 = EDGE_CURVE ( 'NONE', #2322, #252, #1189, .T. ) ;
#1172 = CARTESIAN_POINT ( 'NONE',  ( 189.9915152327669432, 1.250000000000943468, -75.00000000000000000 ) ) ;
#1173 = EDGE_LOOP ( 'NONE', ( #1399, #1316, #2134, #469, #109, #1004, #619, #274 ) ) ;
#1174 = PLANE ( 'NONE',  #375 ) ;
#1175 = DIRECTION ( 'NONE',  ( 1.665855198053140877E-15, 0.000000000000000000, -1.000000000000000000 ) ) ;
#1176 = CARTESIAN_POINT ( 'NONE',  ( 164.9758731192337109, -1.249999999999056532, -118.3012701892221941 ) ) ;
#1177 = VERTEX_POINT ( 'NONE', #1814 ) ;
#1178 = CARTESIAN_POINT ( 'NONE',  ( 50.00000000000000711, 0.000000000000000000, -75.00000000000000000 ) ) ;
#1179 = CARTESIAN_POINT ( 'NONE',  ( 24.96873044429728594, 1.249999999999988898, -118.3012701892221941 ) ) ;
#1180 = EDGE_LOOP ( 'NONE', ( #333, #96, #309 ) ) ;
#1181 = FACE_OUTER_BOUND ( 'NONE', #645, .T. ) ;
#1182 = EDGE_CURVE ( 'NONE', #47, #2277, #774, .T. ) ;
#1183 = DIRECTION ( 'NONE',  ( 0.000000000000000000, 0.000000000000000000, -1.000000000000000000 ) ) ;
#1184 = ORIENTED_EDGE ( 'NONE', *, *, #2440, .F. ) ;
#1185 = AXIS2_PLACEMENT_3D ( 'NONE', #2168, #1329, #1951 ) ;
#1186 = EDGE_CURVE ( 'NONE', #358, #1508, #2030, .T. ) ;
#1187 = FACE_OUTER_BOUND ( 'NONE', #576, .T. ) ;
#1188 = AXIS2_PLACEMENT_3D ( 'NONE', #269, #2487, #1918 ) ;
#1189 = LINE ( 'NONE', #1425, #2100 ) ;
#1190 = VECTOR ( 'NONE', #1669, 1000.000000000000000 ) ;
#1191 = ORIENTED_EDGE ( 'NONE', *, *, #70, .T. ) ;
#1192 = LINE ( 'NONE', #625, #600 ) ;
#1193 =( GEOMETRIC_REPRESENTATION_CONTEXT ( 3 ) GLOBAL_UNCERTAINTY_ASSIGNED_CONTEXT ( ( #2511 ) ) GLOBAL_UNIT_ASSIGNED_CONTEXT ( ( #1347, #1135, #1764 ) ) REPRESENTATION_CONTEXT ( 'NONE', 'WORKASPACE' ) );
#1194 = DIRECTION ( 'NONE',  ( 0.000000000000000000, -1.000000000000000000, 0.000000000000000000 ) ) ;
#1195 = VECTOR ( 'NONE', #521, 1000.000000000000000 ) ;
#1196 = ORIENTED_EDGE ( 'NONE', *, *, #775, .F. ) ;
#1197 = ORIENTED_EDGE ( 'NONE', *, *, #1186, .F. ) ;
#1198 = VECTOR ( 'NONE', #437, 1000.000000000000000 ) ;
#1199 = CIRCLE ( 'NONE', #682, 50.00000000000000711 ) ;
#1200 = DIRECTION ( 'NONE',  ( -0.000000000000000000, -0.000000000000000000, 1.000000000000000000 ) ) ;
#1201 = AXIS2_PLACEMENT_3D ( 'NONE', #447, #858, #2345 ) ;
#1202 = AXIS2_PLACEMENT_3D ( 'NONE', #686, #1956, #1510 ) ;
#1203 = ORIENTED_EDGE ( 'NONE', *, *, #2147, .T. ) ;
#1204 = EDGE_CURVE ( 'NONE', #2339, #149, #1023, .T. ) ;
#1205 = DIRECTION ( 'NONE',  ( -0.000000000000000000, -0.000000000000000000, 1.000000000000000000 ) ) ;
#1206 = EDGE_CURVE ( 'NONE', #1575, #1335, #1242, .T. ) ;
#1207 = DIRECTION ( 'NONE',  ( 1.000000000000000000, 2.842170943040401375E-14, 0.000000000000000000 ) ) ;
#1208 = DIRECTION ( 'NONE',  ( 1.000000000000000000, 0.000000000000000000, 0.000000000000000000 ) ) ;
#1209 = ORIENTED_EDGE ( 'NONE', *, *, #1827, .F. ) ;
#1210 = DIRECTION ( 'NONE',  ( 0.000000000000000000, -0.000000000000000000, -1.000000000000000000 ) ) ;
#1211 = CARTESIAN_POINT ( 'NONE',  ( 140.0071426749354657, 141.2571426749373700, -75.00000000000000000 ) ) ;
#1212 = EDGE_LOOP ( 'NONE', ( #1483, #1215, #857, #1025, #1704, #888, #713, #1339 ) ) ;
#1213 = FACE_OUTER_BOUND ( 'NONE', #2172, .T. ) ;
#1214 = CARTESIAN_POINT ( 'NONE',  ( 0.000000000000000000, -1.250000000000000000, -75.00000000000000000 ) ) ;
#1215 = ORIENTED_EDGE ( 'NONE', *, *, #1640, .F. ) ;
#1216 = LINE ( 'NONE', #570, #1631 ) ;
#1217 = ORIENTED_CLOSED_SHELL ( 'NONE', *, #681, .F. );
#1218 = DIRECTION ( 'NONE',  ( 1.000000000000000000, -0.000000000000000000, 0.000000000000000000 ) ) ;
#1219 = EDGE_CURVE ( 'NONE', #1912, #2127, #2145, .T. ) ;
#1220 = SPHERICAL_SURFACE ( 'NONE', #2538, 50.00000000000000711 ) ;
#1221 = ORIENTED_EDGE ( 'NONE', *, *, #561, .T. ) ;
#1222 = CARTESIAN_POINT ( 'NONE',  ( 0.000000000000000000, 0.000000000000000000, -75.00000000000000000 ) ) ;
#1223 = CARTESIAN_POINT ( 'NONE',  ( 140.0071426749364036, 9.432096092759043820E-13, -118.3012701892221941 ) ) ;
#1224 = EDGE_CURVE ( 'NONE', #213, #1009, #1626, .T. ) ;
#1225 = ORIENTED_EDGE ( 'NONE', *, *, #1484, .F. ) ;
#1226 = CARTESIAN_POINT ( 'NONE',  ( 138.7571426749364036, 9.432096092759043820E-13, -232.7342928576809982 ) ) ;
#1227 = FACE_OUTER_BOUND ( 'NONE', #906, .T. ) ;
#1228 = ORIENTED_EDGE ( 'NONE', *, *, #1224, .T. ) ;
#1229 = DIRECTION ( 'NONE',  ( 1.000000000000000000, 0.000000000000000000, 0.000000000000000000 ) ) ;
#1230 = DIRECTION ( 'NONE',  ( 1.000000000000000000, 0.000000000000000000, 0.000000000000000000 ) ) ;
#1231 = CARTESIAN_POINT ( 'NONE',  ( -1.249999999999995559, 164.9758731192339098, -75.00000000000000000 ) ) ;
#1232 = CIRCLE ( 'NONE', #1408, 55.00000000000000711 ) ;
#1233 = ORIENTED_EDGE ( 'NONE', *, *, #1259, .T. ) ;
#1234 = DIRECTION ( 'NONE',  ( 1.000000000000000000, 0.000000000000000000, 0.000000000000000000 ) ) ;
#1235 = EDGE_CURVE ( 'NONE', #2559, #1056, #2459, .T. ) ;
#1236 = VECTOR ( 'NONE', #1818, 1000.000000000000000 ) ;
#1237 = CARTESIAN_POINT ( 'NONE',  ( 140.0071426749364036, 1.250000000000943245, -75.00000000000000000 ) ) ;
#1238 = ORIENTED_EDGE ( 'NONE', *, *, #2469, .F. ) ;
#1239 = VECTOR ( 'NONE', #735, 1000.000000000000000 ) ;
#1240 = SPHERICAL_SURFACE ( 'NONE', #1677, 55.00000000000000711 ) ;
#1241 = EDGE_CURVE ( 'NONE', #2419, #178, #1148, .T. ) ;
#1242 = CIRCLE ( 'NONE', #239, 24.99999999999977263 ) ;
#1243 = FACE_OUTER_BOUND ( 'NONE', #2655, .T. ) ;
#1244 = ORIENTED_EDGE ( 'NONE', *, *, #1168, .F. ) ;
#1245 = CIRCLE ( 'NONE', #154, 24.99999999999954881 ) ;
#1246 = AXIS2_PLACEMENT_3D ( 'NONE', #752, #2603, #2401 ) ;
#1247 = DIRECTION ( 'NONE',  ( 0.000000000000000000, 0.000000000000000000, -1.000000000000000000 ) ) ;
#1248 = AXIS2_PLACEMENT_3D ( 'NONE', #2578, #1098, #1929 ) ;
#1249 = FACE_OUTER_BOUND ( 'NONE', #659, .T. ) ;
#1250 = DIRECTION ( 'NONE',  ( 0.000000000000000000, -0.000000000000000000, 1.000000000000000000 ) ) ;
#1251 = DIRECTION ( 'NONE',  ( 0.000000000000000000, 0.000000000000000000, -1.000000000000000000 ) ) ;
#1252 = CARTESIAN_POINT ( 'NONE',  ( 140.0071426749364036, 9.432096092759043820E-13, -75.00000000000000000 ) ) ;
#1253 = ORIENTED_EDGE ( 'NONE', *, *, #1996, .F. ) ;
#1254 = DIRECTION ( 'NONE',  ( -0.000000000000000000, 1.000000000000000000, 0.000000000000000000 ) ) ;
#1255 = CARTESIAN_POINT ( 'NONE',  ( 140.0071426749364036, 9.432096092759043820E-13, 0.000000000000000000 ) ) ;
#1256 = EDGE_CURVE ( 'NONE', #1441, #1169, #2663, .T. ) ;
#1257 = VERTEX_POINT ( 'NONE', #161 ) ;
#1258 = LINE ( 'NONE', #635, #1842 ) ;
#1259 = EDGE_CURVE ( 'NONE', #2127, #1335, #985, .T. ) ;
#1260 = DIRECTION ( 'NONE',  ( 0.000000000000000000, -0.000000000000000000, -1.000000000000000000 ) ) ;
#1261 = LINE ( 'NONE', #2292, #27 ) ;
#1262 = CARTESIAN_POINT ( 'NONE',  ( 0.000000000000000000, 141.2571426749364036, -240.4646326056195562 ) ) ;
#1263 = VERTEX_POINT ( 'NONE', #996 ) ;
#1264 = CARTESIAN_POINT ( 'NONE',  ( 49.98437255783052535, 141.2571426749364036, -75.00000000000000000 ) ) ;
#1265 = DIRECTION ( 'NONE',  ( -0.000000000000000000, 1.000000000000000000, 0.000000000000000000 ) ) ;
#1266 = VERTEX_POINT ( 'NONE', #794 ) ;
#1267 = ORIENTED_EDGE ( 'NONE', *, *, #312, .T. ) ;
#1268 = ADVANCED_FACE ( 'NONE', ( #2444 ), #602, .T. ) ;
#1269 = DIRECTION ( 'NONE',  ( 1.224646799147353207E-16, 1.000000000000000000, 0.000000000000000000 ) ) ;
#1270 = EDGE_CURVE ( 'NONE', #1578, #446, #1006, .T. ) ;
#1271 = CARTESIAN_POINT ( 'NONE',  ( 138.7571426749354657, 115.0384122306398496, 0.000000000000000000 ) ) ;
#1272 = LINE ( 'NONE', #1487, #281 ) ;
#1273 = DIRECTION ( 'NONE',  ( 0.000000000000000000, 0.000000000000000000, 1.000000000000000000 ) ) ;
#1274 = AXIS2_PLACEMENT_3D ( 'NONE', #1467, #1561, #926 ) ;
#1275 = ORIENTED_EDGE ( 'NONE', *, *, #1996, .T. ) ;
#1276 = DIRECTION ( 'NONE',  ( 1.000000000000000000, 0.000000000000000000, 0.000000000000000000 ) ) ;
#1277 = CIRCLE ( 'NONE', #1625, 54.99999999999999289 ) ;
#1278 = CARTESIAN_POINT ( 'NONE',  ( 189.9915152327660053, 141.2571426749373700, -75.00000000000000000 ) ) ;
#1279 = ORIENTED_EDGE ( 'NONE', *, *, #496, .F. ) ;
#1280 = ORIENTED_EDGE ( 'NONE', *, *, #1952, .F. ) ;
#1281 = AXIS2_PLACEMENT_3D ( 'NONE', #1360, #2181, #88 ) ;
#1282 = CARTESIAN_POINT ( 'NONE',  ( 0.000000000000000000, 0.000000000000000000, 0.000000000000000000 ) ) ;
#1283 = AXIS2_PLACEMENT_3D ( 'NONE', #783, #1822, #756 ) ;
#1284 = ORIENTED_EDGE ( 'NONE', *, *, #1318, .F. ) ;
#1285 = EDGE_CURVE ( 'NONE', #1989, #1725, #1714, .T. ) ;
#1286 = AXIS2_PLACEMENT_3D ( 'NONE', #2502, #1942, #260 ) ;
#1287 = AXIS2_PLACEMENT_3D ( 'NONE', #2364, #82, #1342 ) ;
#1288 = LINE ( 'NONE', #1503, #1020 ) ;
#1289 = PLANE ( 'NONE',  #424 ) ;
#1290 = ADVANCED_FACE ( 'NONE', ( #1589 ), #1435, .F. ) ;
#1291 = CIRCLE ( 'NONE', #852, 54.99999999999999289 ) ;
#1292 = VECTOR ( 'NONE', #201, 1000.000000000000000 ) ;
#1293 = CARTESIAN_POINT ( 'NONE',  ( 140.0071426749354657, 140.0071426749373700, -118.3012701892221941 ) ) ;
#1294 = EDGE_LOOP ( 'NONE', ( #1611, #449, #1960, #1524 ) ) ;
#1295 = CARTESIAN_POINT ( 'NONE',  ( 140.0071426749354657, 140.0071426749373700, -75.00000000000000000 ) ) ;
#1296 = CARTESIAN_POINT ( 'NONE',  ( -1.249999999999995559, 49.98437255783052535, -75.00000000000000000 ) ) ;
#1297 = VERTEX_POINT ( 'NONE', #267 ) ;
#1298 = ORIENTED_EDGE ( 'NONE', *, *, #800, .T. ) ;
#1299 = CARTESIAN_POINT ( 'NONE',  ( 50.00000000000000711, 0.000000000000000000, -75.00000000000000000 ) ) ;
#1300 = ORIENTED_EDGE ( 'NONE', *, *, #2092, .T. ) ;
#1301 = CARTESIAN_POINT ( 'NONE',  ( 140.0071426749354657, 140.0071426749373700, -118.3012701892221941 ) ) ;
#1302 = SPHERICAL_SURFACE ( 'NONE', #1145, 50.00000000000000711 ) ;
#1303 = ADVANCED_FACE ( 'NONE', ( #473 ), #44, .T. ) ;
#1304 = CARTESIAN_POINT ( 'NONE',  ( 140.0071426749364036, 9.432096092759043820E-13, -75.00000000000000000 ) ) ;
#1305 = VERTEX_POINT ( 'NONE', #256 ) ;
#1306 = CARTESIAN_POINT ( 'NONE',  ( 1.250000000000004663, 0.000000000000000000, -75.00000000000000000 ) ) ;
#1307 = EDGE_CURVE ( 'NONE', #166, #41, #443, .T. ) ;
#1308 = CARTESIAN_POINT ( 'NONE',  ( 140.0071426749364036, 1.250000000000943245, -232.7342928576809982 ) ) ;
#1309 = ORIENTED_EDGE ( 'NONE', *, *, #2231, .T. ) ;
#1310 = VERTEX_POINT ( 'NONE', #1705 ) ;
#1311 = CARTESIAN_POINT ( 'NONE',  ( 140.0071426749354657, 140.0071426749373700, -75.00000000000000000 ) ) ;
#1312 = ORIENTED_EDGE ( 'NONE', *, *, #995, .F. ) ;
#1313 = CARTESIAN_POINT ( 'NONE',  ( 140.0071426749364036, 9.432096092759043820E-13, -75.00000000000000000 ) ) ;
#1314 = LINE ( 'NONE', #925, #1100 ) ;
#1315 = CARTESIAN_POINT ( 'NONE',  ( 0.000000000000000000, 0.000000000000000000, -75.00000000000000000 ) ) ;
#1316 = ORIENTED_EDGE ( 'NONE', *, *, #1895, .F. ) ;
#1317 = LINE ( 'NONE', #684, #2325 ) ;
#1318 = EDGE_CURVE ( 'NONE', #1169, #1981, #2059, .T. ) ;
#1319 = DIRECTION ( 'NONE',  ( -0.000000000000000000, -0.000000000000000000, 1.000000000000000000 ) ) ;
#1320 = CIRCLE ( 'NONE', #147, 24.99999999999977263 ) ;
#1321 = VERTEX_POINT ( 'NONE', #238 ) ;
#1322 = ADVANCED_FACE ( 'NONE', ( #1249 ), #1076, .F. ) ;
#1323 = CARTESIAN_POINT ( 'NONE',  ( 138.7571426749354657, 140.0071426749373700, -75.00000000000000000 ) ) ;
#1324 = EDGE_LOOP ( 'NONE', ( #608, #588, #1880 ) ) ;
#1325 = VECTOR ( 'NONE', #406, 1000.000000000000000 ) ;
#1326 = LINE ( 'NONE', #1345, #2363 ) ;
#1327 = CIRCLE ( 'NONE', #2407, 49.98437255783051825 ) ;
#1328 = APPLICATION_PROTOCOL_DEFINITION ( 'draft international standard', 'automotive_design', 1998, #699 ) ;
#1329 = DIRECTION ( 'NONE',  ( -0.000000000000000000, -0.000000000000000000, 1.000000000000000000 ) ) ;
#1330 = CLOSED_SHELL ( 'NONE', ( #2630, #316, #1434, #192, #329 ) ) ;
#1331 = CIRCLE ( 'NONE', #679, 55.00000000000000711 ) ;
#1332 = PRESENTATION_STYLE_ASSIGNMENT (( #535 ) ) ;
#1333 = CIRCLE ( 'NONE', #1201, 24.99999999999955591 ) ;
#1334 = AXIS2_PLACEMENT_3D ( 'NONE', #1456, #1265, #1 ) ;
#1335 = VERTEX_POINT ( 'NONE', #1446 ) ;
#1336 = DIRECTION ( 'NONE',  ( -1.000000000000000000, 0.000000000000000000, -0.000000000000000000 ) ) ;
#1337 = AXIS2_PLACEMENT_3D ( 'NONE', #738, #2262, #750 ) ;
#1338 = DIRECTION ( 'NONE',  ( -0.000000000000000000, -0.000000000000000000, 1.000000000000000000 ) ) ;
#1339 = ORIENTED_EDGE ( 'NONE', *, *, #2092, .F. ) ;
#1340 = ORIENTED_EDGE ( 'NONE', *, *, #948, .F. ) ;
#1341 = EDGE_CURVE ( 'NONE', #720, #2299, #2498, .T. ) ;
#1342 = DIRECTION ( 'NONE',  ( 1.000000000000000000, 0.000000000000000000, 0.000000000000000000 ) ) ;
#1343 = ORIENTED_EDGE ( 'NONE', *, *, #1603, .T. ) ;
#1344 = EDGE_CURVE ( 'NONE', #2322, #649, #1927, .T. ) ;
#1345 = CARTESIAN_POINT ( 'NONE',  ( 0.000000000000000000, 140.0071426749373700, 0.000000000000000000 ) ) ;
#1346 = CARTESIAN_POINT ( 'NONE',  ( 0.000000000000000000, 1.250000000000000000, -75.00000000000000000 ) ) ;
#1347 =( LENGTH_UNIT ( ) NAMED_UNIT ( * ) SI_UNIT ( .MILLI., .METRE. ) );
#1348 = ORIENTED_EDGE ( 'NONE', *, *, #1241, .T. ) ;
#1349 = SPHERICAL_SURFACE ( 'NONE', #2240, 50.00000000000000711 ) ;
#1350 = CARTESIAN_POINT ( 'NONE',  ( 141.2571426749354657, 115.0384122306400627, -118.3012701892221941 ) ) ;
#1351 = ORIENTED_EDGE ( 'NONE', *, *, #2029, .F. ) ;
#1352 = DIRECTION ( 'NONE',  ( -0.000000000000000000, -0.000000000000000000, 1.000000000000000000 ) ) ;
#1353 = CARTESIAN_POINT ( 'NONE',  ( 1.250000000000004663, 0.000000000000000000, -75.00000000000000000 ) ) ;
#1354 = VERTEX_POINT ( 'NONE', #2071 ) ;
#1355 = ADVANCED_FACE ( 'NONE', ( #651 ), #2329, .T. ) ;
#1356 = CARTESIAN_POINT ( 'NONE',  ( 140.0071426749364036, 9.432096092759043820E-13, 0.000000000000000000 ) ) ;
#1357 = SHAPE_DEFINITION_REPRESENTATION ( #1498, #1744 ) ;
#1358 = DIRECTION ( 'NONE',  ( 0.000000000000000000, 0.000000000000000000, -1.000000000000000000 ) ) ;
#1359 = ADVANCED_FACE ( 'NONE', ( #5 ), #32, .F. ) ;
#1360 = CARTESIAN_POINT ( 'NONE',  ( -1.249999999999995559, 140.0071426749364036, -75.00000000000000000 ) ) ;
#1361 = VERTEX_POINT ( 'NONE', #2302 ) ;
#1362 = DIRECTION ( 'NONE',  ( 1.000000000000000000, 0.000000000000000000, 0.000000000000000000 ) ) ;
#1363 = CARTESIAN_POINT ( 'NONE',  ( 140.0071426749366026, 55.00000000000095213, -75.00000000000000000 ) ) ;
#1364 = EDGE_LOOP ( 'NONE', ( #1920, #761, #2349, #2219 ) ) ;
#1365 = DIRECTION ( 'NONE',  ( -0.000000000000000000, -0.000000000000000000, 1.000000000000000000 ) ) ;
#1366 = DIRECTION ( 'NONE',  ( 0.000000000000000000, 1.000000000000000000, 0.000000000000000000 ) ) ;
#1367 = AXIS2_PLACEMENT_3D ( 'NONE', #1011, #989, #2451 ) ;
#1368 = EDGE_LOOP ( 'NONE', ( #2517, #1558, #251 ) ) ;
#1369 = AXIS2_PLACEMENT_3D ( 'NONE', #1517, #2499, #226 ) ;
#1370 = DIRECTION ( 'NONE',  ( 0.000000000000000000, -0.000000000000000000, -1.000000000000000000 ) ) ;
#1371 = EDGE_CURVE ( 'NONE', #911, #1598, #1062, .T. ) ;
#1372 = DIRECTION ( 'NONE',  ( -1.000000000000000000, 0.000000000000000000, -0.000000000000000000 ) ) ;
#1373 = CARTESIAN_POINT ( 'NONE',  ( 0.000000000000000000, 0.000000000000000000, -75.00000000000000000 ) ) ;
#1374 = AXIS2_PLACEMENT_3D ( 'NONE', #2250, #1218, #562 ) ;
#1375 = CARTESIAN_POINT ( 'NONE',  ( -24.96873044429749910, 1.249999999999999778, -75.00000000000000000 ) ) ;
#1376 = EDGE_CURVE ( 'NONE', #167, #1981, #290, .T. ) ;
#1377 = ORIENTED_EDGE ( 'NONE', *, *, #1256, .F. ) ;
#1378 = AXIS2_PLACEMENT_3D ( 'NONE', #2111, #1486, #2314 ) ;
#1379 = DIRECTION ( 'NONE',  ( -1.000000000000000000, 0.000000000000000000, 0.000000000000000000 ) ) ;
#1380 = CIRCLE ( 'NONE', #202, 24.99999999999977973 ) ;
#1381 = VECTOR ( 'NONE', #1142, 1000.000000000000000 ) ;
#1382 = PLANE ( 'NONE',  #249 ) ;
#1383 = ORIENTED_EDGE ( 'NONE', *, *, #1259, .F. ) ;
#1384 = DIRECTION ( 'NONE',  ( 1.000000000000000000, -0.000000000000000000, 0.000000000000000000 ) ) ;
#1385 = LINE ( 'NONE', #152, #2238 ) ;
#1386 = VERTEX_POINT ( 'NONE', #676 ) ;
#1387 = DIRECTION ( 'NONE',  ( 0.000000000000000000, -1.000000000000000000, 0.000000000000000000 ) ) ;
#1388 = LINE ( 'NONE', #143, #1967 ) ;
#1389 = CARTESIAN_POINT ( 'NONE',  ( 50.00000000000000711, 0.000000000000000000, -75.00000000000000000 ) ) ;
#1390 = EDGE_LOOP ( 'NONE', ( #779, #754, #1113 ) ) ;
#1391 = LINE ( 'NONE', #346, #1805 ) ;
#1392 = EDGE_CURVE ( 'NONE', #1361, #2230, #433, .T. ) ;
#1393 = ORIENTED_EDGE ( 'NONE', *, *, #1962, .T. ) ;
#1394 = EDGE_CURVE ( 'NONE', #403, #1598, #508, .T. ) ;
#1395 = CARTESIAN_POINT ( 'NONE',  ( 1.250000000000004663, 140.0071426749364036, -75.00000000000000000 ) ) ;
#1396 = ORIENTED_EDGE ( 'NONE', *, *, #2424, .T. ) ;
#1397 = CARTESIAN_POINT ( 'NONE',  ( 0.000000000000000000, 0.000000000000000000, -75.00000000000001421 ) ) ;
#1398 = DIRECTION ( 'NONE',  ( 1.000000000000000000, 0.000000000000000000, 0.000000000000000000 ) ) ;
#1399 = ORIENTED_EDGE ( 'NONE', *, *, #208, .F. ) ;
#1400 = CARTESIAN_POINT ( 'NONE',  ( 141.2571426749354657, 164.9758731192348762, 0.000000000000000000 ) ) ;
#1401 = LINE ( 'NONE', #1237, #58 ) ;
#1402 = EDGE_CURVE ( 'NONE', #2648, #580, #1674, .T. ) ;
#1403 = ORIENTED_EDGE ( 'NONE', *, *, #1437, .T. ) ;
#1404 = ORIENTED_EDGE ( 'NONE', *, *, #2639, .T. ) ;
#1405 = SPHERICAL_SURFACE ( 'NONE', #2627, 50.00000000000000711 ) ;
#1406 = EDGE_CURVE ( 'NONE', #1354, #1926, #1245, .T. ) ;
#1407 = ORIENTED_EDGE ( 'NONE', *, *, #1909, .T. ) ;
#1408 = AXIS2_PLACEMENT_3D ( 'NONE', #1439, #1428, #164 ) ;
#1409 = CARTESIAN_POINT ( 'NONE',  ( 115.0071426749366452, -1.972152263052529514E-28, -75.00000000000000000 ) ) ;
#1410 = DIRECTION ( 'NONE',  ( -0.000000000000000000, -0.000000000000000000, 1.000000000000000000 ) ) ;
#1411 = ORIENTED_EDGE ( 'NONE', *, *, #2607, .T. ) ;
#1412 = DIRECTION ( 'NONE',  ( 0.000000000000000000, -0.000000000000000000, -1.000000000000000000 ) ) ;
#1413 = AXIS2_PLACEMENT_3D ( 'NONE', #328, #1978, #2598 ) ;
#1414 = DIRECTION ( 'NONE',  ( 1.000000000000000000, 0.000000000000000000, 0.000000000000000000 ) ) ;
#1415 = AXIS2_PLACEMENT_3D ( 'NONE', #662, #1260, #2082 ) ;
#1416 = EDGE_LOOP ( 'NONE', ( #1161, #507, #293, #1489 ) ) ;
#1417 = PLANE ( 'NONE',  #68 ) ;
#1418 = AXIS2_PLACEMENT_3D ( 'NONE', #190, #991, #1442 ) ;
#1419 = AXIS2_PLACEMENT_3D ( 'NONE', #1160, #992, #2207 ) ;
#1420 = LINE ( 'NONE', #2659, #511 ) ;
#1421 = VECTOR ( 'NONE', #2264, 1000.000000000000000 ) ;
#1422 = ORIENTED_EDGE ( 'NONE', *, *, #986, .F. ) ;
#1423 = EDGE_CURVE ( 'NONE', #831, #1915, #1288, .T. ) ;
#1424 = DIRECTION ( 'NONE',  ( 1.000000000000000000, 0.000000000000000000, 0.000000000000000000 ) ) ;
#1425 = CARTESIAN_POINT ( 'NONE',  ( 141.2571426749354657, 115.0384122306398496, 0.000000000000000000 ) ) ;
#1426 = DIRECTION ( 'NONE',  ( -0.000000000000000000, -0.000000000000000000, 1.000000000000000000 ) ) ;
#1427 = ORIENTED_EDGE ( 'NONE', *, *, #1344, .T. ) ;
#1428 = DIRECTION ( 'NONE',  ( 0.000000000000000000, -1.000000000000000000, 0.000000000000000000 ) ) ;
#1429 = CARTESIAN_POINT ( 'NONE',  ( 24.96873044429750266, -1.250000000000000000, 0.000000000000000000 ) ) ;
#1430 = ORIENTED_EDGE ( 'NONE', *, *, #755, .T. ) ;
#1431 = CARTESIAN_POINT ( 'NONE',  ( 200.0071426749373416, -60.00000000000000000, -75.00000000000001421 ) ) ;
#1432 = EDGE_LOOP ( 'NONE', ( #683, #2461, #1897 ) ) ;
#1433 = PLANE ( 'NONE',  #977 ) ;
#1434 = ADVANCED_FACE ( 'NONE', ( #1916 ), #97, .F. ) ;
#1435 = PLANE ( 'NONE',  #151 ) ;
#1436 = CARTESIAN_POINT ( 'NONE',  ( 1.250000000000004663, 0.000000000000000000, -165.1474486605139589 ) ) ;
#1437 = EDGE_CURVE ( 'NONE', #397, #726, #846, .T. ) ;
#1438 = ORIENTED_EDGE ( 'NONE', *, *, #611, .T. ) ;
#1439 = CARTESIAN_POINT ( 'NONE',  ( 0.000000000000000000, 140.0071426749364036, -75.00000000000000000 ) ) ;
#1440 = CARTESIAN_POINT ( 'NONE',  ( 0.000000000000000000, 0.000000000000000000, -75.00000000000000000 ) ) ;
#1441 = VERTEX_POINT ( 'NONE', #501 ) ;
#1442 = DIRECTION ( 'NONE',  ( 1.000000000000000000, 0.000000000000000000, 0.000000000000000000 ) ) ;
#1443 = DIRECTION ( 'NONE',  ( -0.000000000000000000, -0.000000000000000000, 1.000000000000000000 ) ) ;
#1444 = ORIENTED_EDGE ( 'NONE', *, *, #886, .F. ) ;
#1445 = CARTESIAN_POINT ( 'NONE',  ( 0.000000000000000000, 0.000000000000000000, -75.00000000000000000 ) ) ;
#1446 = CARTESIAN_POINT ( 'NONE',  ( 115.0384122306388974, 1.250000000000943245, -75.00000000000000000 ) ) ;
#1447 = DIRECTION ( 'NONE',  ( 1.000000000000000000, 0.000000000000000000, 0.000000000000000000 ) ) ;
#1448 = ORIENTED_EDGE ( 'NONE', *, *, #1895, .T. ) ;
#1449 = DIRECTION ( 'NONE',  ( 0.000000000000000000, 0.000000000000000000, -1.000000000000000000 ) ) ;
#1450 = AXIS2_PLACEMENT_3D ( 'NONE', #1104, #1544, #942 ) ;
#1451 = CIRCLE ( 'NONE', #2095, 55.00000000000000711 ) ;
#1452 = EDGE_CURVE ( 'NONE', #1469, #1994, #2014, .T. ) ;
#1453 = PLANE ( 'NONE',  #966 ) ;
#1454 = ORIENTED_EDGE ( 'NONE', *, *, #1206, .T. ) ;
#1455 = DIRECTION ( 'NONE',  ( 0.000000000000000000, -0.000000000000000000, 1.000000000000000000 ) ) ;
#1456 = CARTESIAN_POINT ( 'NONE',  ( 0.000000000000000000, 140.0071426749364036, -75.00000000000000000 ) ) ;
#1457 = VERTEX_POINT ( 'NONE', #341 ) ;
#1458 = CLOSED_SHELL ( 'NONE', ( #1586, #1670, #1665, #642, #2590 ) ) ;
#1459 = AXIS2_PLACEMENT_3D ( 'NONE', #1313, #84, #1102 ) ;
#1460 = AXIS2_PLACEMENT_3D ( 'NONE', #1178, #2184, #1804 ) ;
#1461 = DIRECTION ( 'NONE',  ( 0.000000000000000000, 0.000000000000000000, -1.000000000000000000 ) ) ;
#1462 = VECTOR ( 'NONE', #1183, 1000.000000000000000 ) ;
#1463 = VECTOR ( 'NONE', #475, 1000.000000000000000 ) ;
#1464 = DIRECTION ( 'NONE',  ( 0.000000000000000000, -1.000000000000000000, 0.000000000000000000 ) ) ;
#1465 = LINE ( 'NONE', #434, #2021 ) ;
#1466 = UNCERTAINTY_MEASURE_WITH_UNIT (LENGTH_MEASURE( 1.000000000000000082E-05 ), #1528, 'distance_accuracy_value', 'NONE');
#1467 = CARTESIAN_POINT ( 'NONE',  ( 140.0071426749354657, 140.0071426749373700, -75.00000000000000000 ) ) ;
#1468 = DIRECTION ( 'NONE',  ( -0.000000000000000000, -0.000000000000000000, 1.000000000000000000 ) ) ;
#1469 = VERTEX_POINT ( 'NONE', #543 ) ;
#1470 = LINE ( 'NONE', #2296, #1198 ) ;
#1471 = EDGE_CURVE ( 'NONE', #2464, #1915, #692, .T. ) ;
#1472 = CARTESIAN_POINT ( 'NONE',  ( 1.250000000000004663, 189.9915152327669432, -75.00000000000000000 ) ) ;
#1473 = VERTEX_POINT ( 'NONE', #1936 ) ;
#1474 = EDGE_CURVE ( 'NONE', #1825, #470, #889, .T. ) ;
#1475 = DIRECTION ( 'NONE',  ( -0.000000000000000000, -0.000000000000000000, 1.000000000000000000 ) ) ;
#1476 = DIRECTION ( 'NONE',  ( 0.000000000000000000, -0.000000000000000000, -1.000000000000000000 ) ) ;
#1477 = DIRECTION ( 'NONE',  ( 0.000000000000000000, -1.000000000000000000, 0.000000000000000000 ) ) ;
#1478 = ORIENTED_EDGE ( 'NONE', *, *, #1987, .T. ) ;
#1479 = FACE_OUTER_BOUND ( 'NONE', #520, .T. ) ;
#1480 = ADVANCED_FACE ( 'NONE', ( #2562 ), #2393, .T. ) ;
#1481 = DIRECTION ( 'NONE',  ( -1.000000000000000000, 0.000000000000000000, -0.000000000000000000 ) ) ;
#1482 = ORIENTED_EDGE ( 'NONE', *, *, #661, .F. ) ;
#1483 = ORIENTED_EDGE ( 'NONE', *, *, #177, .F. ) ;
#1484 = EDGE_CURVE ( 'NONE', #153, #2305, #1803, .T. ) ;
#1485 = LINE ( 'NONE', #874, #2193 ) ;
#1486 = DIRECTION ( 'NONE',  ( -0.000000000000000000, -0.000000000000000000, 1.000000000000000000 ) ) ;
#1487 = CARTESIAN_POINT ( 'NONE',  ( 141.2571426749354657, 140.0071426749373700, -75.00000000000000000 ) ) ;
#1488 = LINE ( 'NONE', #1507, #1190 ) ;
#1489 = ORIENTED_EDGE ( 'NONE', *, *, #965, .F. ) ;
#1490 = CARTESIAN_POINT ( 'NONE',  ( 140.0071426749354657, 138.7571426749373700, -75.00000000000000000 ) ) ;
#1491 = PRODUCT_DEFINITION_FORMATION_WITH_SPECIFIED_SOURCE ( 'ANY', '', #1932, .NOT_KNOWN. ) ;
#1492 = CARTESIAN_POINT ( 'NONE',  ( 140.0071426749354657, 140.0071426749373700, -75.00000000000000000 ) ) ;
#1493 = ORIENTED_EDGE ( 'NONE', *, *, #361, .F. ) ;
#1494 = VERTEX_POINT ( 'NONE', #485 ) ;
#1495 = AXIS2_PLACEMENT_3D ( 'NONE', #1613, #2431, #2015 ) ;
#1496 = CARTESIAN_POINT ( 'NONE',  ( 140.0071426749364036, 9.432096092759043820E-13, -75.00000000000000000 ) ) ;
#1497 = CIRCLE ( 'NONE', #721, 54.99999999999999289 ) ;
#1498 = PRODUCT_DEFINITION_SHAPE ( 'NONE', 'NONE',  #488 ) ;
#1499 = VERTEX_POINT ( 'NONE', #1721 ) ;
#1500 = EDGE_CURVE ( 'NONE', #2062, #436, #1326, .T. ) ;
#1501 = AXIS2_PLACEMENT_3D ( 'NONE', #961, #334, #2592 ) ;
#1502 = AXIS2_PLACEMENT_3D ( 'NONE', #1299, #2121, #2038 ) ;
#1503 = CARTESIAN_POINT ( 'NONE',  ( 200.0071426749373416, -60.00000000000000000, 0.000000000000000000 ) ) ;
#1504 = DIRECTION ( 'NONE',  ( -0.000000000000000000, -0.000000000000000000, 1.000000000000000000 ) ) ;
#1505 = CIRCLE ( 'NONE', #1979, 49.98437255783051825 ) ;
#1506 = AXIS2_PLACEMENT_3D ( 'NONE', #657, #2677, #818 ) ;
#1507 = CARTESIAN_POINT ( 'NONE',  ( 0.000000000000000000, 0.000000000000000000, -75.00000000000001421 ) ) ;
#1508 = VERTEX_POINT ( 'NONE', #924 ) ;
#1509 = DIRECTION ( 'NONE',  ( 0.000000000000000000, -1.000000000000000000, 0.000000000000000000 ) ) ;
#1510 = DIRECTION ( 'NONE',  ( 0.000000000000000000, 0.000000000000000000, -1.000000000000000000 ) ) ;
#1511 = ORIENTED_EDGE ( 'NONE', *, *, #1784, .F. ) ;
#1512 = ORIENTED_EDGE ( 'NONE', *, *, #1186, .T. ) ;
#1513 = DIRECTION ( 'NONE',  ( -1.000000000000000000, 0.000000000000000000, -0.000000000000000000 ) ) ;
#1514 = ORIENTED_EDGE ( 'NONE', *, *, #565, .T. ) ;
#1515 = FACE_OUTER_BOUND ( 'NONE', #2404, .T. ) ;
#1516 = ADVANCED_FACE ( 'NONE', ( #1515 ), #1131, .T. ) ;
#1517 = CARTESIAN_POINT ( 'NONE',  ( 138.7571426749354657, 140.0071426749373700, -75.00000000000000000 ) ) ;
#1518 = CARTESIAN_POINT ( 'NONE',  ( 195.0071426749364036, 9.432096092759043820E-13, -75.00000000000000000 ) ) ;
#1519 = EDGE_CURVE ( 'NONE', #149, #2344, #1543, .T. ) ;
#1520 = ORIENTED_EDGE ( 'NONE', *, *, #1800, .F. ) ;
#1521 = DIRECTION ( 'NONE',  ( 0.000000000000000000, 0.000000000000000000, -1.000000000000000000 ) ) ;
#1522 = CARTESIAN_POINT ( 'NONE',  ( -24.96873044429750266, 141.2571426749364036, -75.00000000000000000 ) ) ;
#1523 = VERTEX_POINT ( 'NONE', #1760 ) ;
#1524 = ORIENTED_EDGE ( 'NONE', *, *, #2125, .F. ) ;
#1525 = CARTESIAN_POINT ( 'NONE',  ( 1.250000000000004663, 49.98437255783052535, -75.00000000000000000 ) ) ;
#1526 = ORIENTED_EDGE ( 'NONE', *, *, #755, .F. ) ;
#1527 = DIRECTION ( 'NONE',  ( -0.000000000000000000, -0.000000000000000000, 1.000000000000000000 ) ) ;
#1528 =( LENGTH_UNIT ( ) NAMED_UNIT ( * ) SI_UNIT ( .MILLI., .METRE. ) );
#1529 = CYLINDRICAL_SURFACE ( 'NONE', #2052, 24.99999999999977973 ) ;
#1530 = DIRECTION ( 'NONE',  ( 1.000000000000000000, 0.000000000000000000, 0.000000000000000000 ) ) ;
#1531 = ORIENTED_EDGE ( 'NONE', *, *, #952, .F. ) ;
#1532 = CARTESIAN_POINT ( 'NONE',  ( 0.000000000000000000, 1.250000000000000000, -75.00000000000000000 ) ) ;
#1533 = EDGE_CURVE ( 'NONE', #2277, #998, #637, .T. ) ;
#1534 = AXIS2_PLACEMENT_3D ( 'NONE', #914, #303, #2384 ) ;
#1535 = DIRECTION ( 'NONE',  ( -0.000000000000000000, -0.000000000000000000, 1.000000000000000000 ) ) ;
#1536 = ORIENTED_EDGE ( 'NONE', *, *, #820, .T. ) ;
#1537 = ORIENTED_EDGE ( 'NONE', *, *, #382, .F. ) ;
#1538 = EDGE_CURVE ( 'NONE', #153, #2119, #2370, .T. ) ;
#1539 = CARTESIAN_POINT ( 'NONE',  ( 141.2571426749354657, 164.9758731192346488, -118.3012701892221941 ) ) ;
#1540 = ORIENTED_EDGE ( 'NONE', *, *, #2507, .T. ) ;
#1541 = VECTOR ( 'NONE', #2260, 1000.000000000000000 ) ;
#1542 = CARTESIAN_POINT ( 'NONE',  ( 140.0071426749354657, 141.2571426749373700, -75.00000000000000000 ) ) ;
#1543 = CIRCLE ( 'NONE', #243, 49.98437255783051825 ) ;
#1544 = DIRECTION ( 'NONE',  ( -0.000000000000000000, -0.000000000000000000, 1.000000000000000000 ) ) ;
#1545 = CARTESIAN_POINT ( 'NONE',  ( 141.2571426749364036, 24.96873044429844768, -118.3012701892220662 ) ) ;
#1546 = CIRCLE ( 'NONE', #1720, 24.99999999999955591 ) ;
#1547 = CARTESIAN_POINT ( 'NONE',  ( 0.000000000000000000, -1.250000000000000000, -75.00000000000000000 ) ) ;
#1548 = AXIS2_PLACEMENT_3D ( 'NONE', #62, #896, #1521 ) ;
#1549 = CIRCLE ( 'NONE', #643, 50.00000000000001421 ) ;
#1550 = ORIENTED_EDGE ( 'NONE', *, *, #1204, .F. ) ;
#1551 = DIRECTION ( 'NONE',  ( -0.000000000000000000, -0.000000000000000000, 1.000000000000000000 ) ) ;
#1552 = CARTESIAN_POINT ( 'NONE',  ( 24.99999999999977973, 0.000000000000000000, -75.00000000000001421 ) ) ;
#1553 = ADVANCED_FACE ( 'NONE', ( #2166 ), #313, .T. ) ;
#1554 = ORIENTED_EDGE ( 'NONE', *, *, #438, .T. ) ;
#1555 = EDGE_LOOP ( 'NONE', ( #1191, #2160, #2539, #1087 ) ) ;
#1556 = LINE ( 'NONE', #2537, #724 ) ;
#1557 = ADVANCED_FACE ( 'NONE', ( #1559 ), #2177, .F. ) ;
#1558 = ORIENTED_EDGE ( 'NONE', *, *, #1078, .T. ) ;
#1559 = FACE_OUTER_BOUND ( 'NONE', #2057, .T. ) ;
#1560 = APPLICATION_PROTOCOL_DEFINITION ( 'draft international standard', 'automotive_design', 1998, #2376 ) ;
#1561 = DIRECTION ( 'NONE',  ( 1.224646799147353207E-16, 1.000000000000000000, 0.000000000000000000 ) ) ;
#1562 = ORIENTED_EDGE ( 'NONE', *, *, #325, .F. ) ;
#1563 = FACE_OUTER_BOUND ( 'NONE', #2223, .T. ) ;
#1564 = CARTESIAN_POINT ( 'NONE',  ( 138.7571426749364036, 9.432096092759043820E-13, -75.00000000000000000 ) ) ;
#1565 = EDGE_LOOP ( 'NONE', ( #2591, #231, #1708, #2660 ) ) ;
#1566 = DIRECTION ( 'NONE',  ( 1.000000000000000000, 0.000000000000000000, 0.000000000000000000 ) ) ;
#1567 = EDGE_CURVE ( 'NONE', #1257, #1947, #462, .T. ) ;
#1568 = PLANE ( 'NONE',  #1502 ) ;
#1569 = VERTEX_POINT ( 'NONE', #1612 ) ;
#1570 = EDGE_CURVE ( 'NONE', #1569, #2258, #2406, .T. ) ;
#1571 = DIRECTION ( 'NONE',  ( -0.000000000000000000, -0.000000000000000000, 1.000000000000000000 ) ) ;
#1572 = CARTESIAN_POINT ( 'NONE',  ( 90.02277011710494037, 141.2571426749373700, -75.00000000000000000 ) ) ;
#1573 = CARTESIAN_POINT ( 'NONE',  ( 200.0071426749373416, -60.00000000000000000, -442.7056274847727764 ) ) ;
#1574 = LINE ( 'NONE', #1801, #1630 ) ;
#1575 = VERTEX_POINT ( 'NONE', #1409 ) ;
#1576 = DIRECTION ( 'NONE',  ( 1.000000000000000000, 0.000000000000000000, 0.000000000000000000 ) ) ;
#1577 = DIRECTION ( 'NONE',  ( -0.000000000000000000, -0.000000000000000000, 1.000000000000000000 ) ) ;
#1578 = VERTEX_POINT ( 'NONE', #378 ) ;
#1579 = CARTESIAN_POINT ( 'NONE',  ( -1.249999999999995559, 24.96873044429750266, -75.00000000000000000 ) ) ;
#1580 = CARTESIAN_POINT ( 'NONE',  ( 140.0071426749364036, -1.249999999999056755, -75.00000000000000000 ) ) ;
#1581 = AXIS2_PLACEMENT_3D ( 'NONE', #2553, #2609, #560 ) ;
#1582 = EDGE_LOOP ( 'NONE', ( #2521, #1228, #1091 ) ) ;
#1583 = AXIS2_PLACEMENT_3D ( 'NONE', #425, #866, #476 ) ;
#1584 = PLANE ( 'NONE',  #2320 ) ;
#1585 = AXIS2_PLACEMENT_3D ( 'NONE', #1315, #1940, #1530 ) ;
#1586 = ADVANCED_FACE ( 'NONE', ( #157 ), #1584, .F. ) ;
#1587 = CARTESIAN_POINT ( 'NONE',  ( 141.2571426749354657, 90.02277011710683041, -75.00000000000000000 ) ) ;
#1588 = AXIS2_PLACEMENT_3D ( 'NONE', #1893, #2274, #1904 ) ;
#1589 = FACE_OUTER_BOUND ( 'NONE', #530, .T. ) ;
#1590 = EDGE_CURVE ( 'NONE', #317, #1994, #967, .T. ) ;
#1591 = AXIS2_PLACEMENT_3D ( 'NONE', #359, #1365, #1566 ) ;
#1592 = ORIENTED_EDGE ( 'NONE', *, *, #1341, .F. ) ;
#1593 = AXIS2_PLACEMENT_3D ( 'NONE', #15, #1702, #1663 ) ;
#1594 = DIRECTION ( 'NONE',  ( 1.348059181698181549E-14, -1.000000000000000000, 0.000000000000000000 ) ) ;
#1595 = AXIS2_PLACEMENT_3D ( 'NONE', #1845, #1455, #2491 ) ;
#1596 = VECTOR ( 'NONE', #1003, 1000.000000000000000 ) ;
#1597 = ORIENTED_EDGE ( 'NONE', *, *, #2064, .F. ) ;
#1598 = VERTEX_POINT ( 'NONE', #2040 ) ;
#1599 = AXIS2_PLACEMENT_3D ( 'NONE', #1917, #2083, #2524 ) ;
#1600 = DIRECTION ( 'NONE',  ( -0.000000000000000000, -0.000000000000000000, 1.000000000000000000 ) ) ;
#1601 = ORIENTED_EDGE ( 'NONE', *, *, #2604, .F. ) ;
#1602 = DIRECTION ( 'NONE',  ( 0.000000000000000000, 1.000000000000000000, 0.000000000000000000 ) ) ;
#1603 = EDGE_CURVE ( 'NONE', #136, #1494, #2061, .T. ) ;
#1604 = CARTESIAN_POINT ( 'NONE',  ( -1.249999999999995559, -0.000000000000000000, -75.00000000000000000 ) ) ;
#1605 = ORIENTED_EDGE ( 'NONE', *, *, #2551, .F. ) ;
#1606 = FACE_OUTER_BOUND ( 'NONE', #902, .T. ) ;
#1607 = EDGE_CURVE ( 'NONE', #1499, #259, #1216, .T. ) ;
#1608 = FACE_OUTER_BOUND ( 'NONE', #1729, .T. ) ;
#1609 = EDGE_LOOP ( 'NONE', ( #792, #2476, #1903, #2226 ) ) ;
#1610 = DIRECTION ( 'NONE',  ( 0.000000000000000000, 0.000000000000000000, -1.000000000000000000 ) ) ;
#1611 = ORIENTED_EDGE ( 'NONE', *, *, #1171, .F. ) ;
#1612 = CARTESIAN_POINT ( 'NONE',  ( 0.000000000000000000, 55.00000000000000711, -75.00000000000001421 ) ) ;
#1613 = CARTESIAN_POINT ( 'NONE',  ( 0.000000000000000000, 140.0071426749364036, -75.00000000000000000 ) ) ;
#1614 = VERTEX_POINT ( 'NONE', #182 ) ;
#1615 = DIRECTION ( 'NONE',  ( 1.000000000000000000, 0.000000000000000000, 0.000000000000000000 ) ) ;
#1616 = DIRECTION ( 'NONE',  ( -0.000000000000000000, -0.000000000000000000, 1.000000000000000000 ) ) ;
#1617 = ORIENTED_EDGE ( 'NONE', *, *, #2129, .F. ) ;
#1618 = FACE_OUTER_BOUND ( 'NONE', #1686, .T. ) ;
#1619 = ADVANCED_FACE ( 'NONE', ( #610 ), #1174, .F. ) ;
#1620 = DIRECTION ( 'NONE',  ( 1.000000000000000000, 0.000000000000000000, 0.000000000000000000 ) ) ;
#1621 = ORIENTED_EDGE ( 'NONE', *, *, #1471, .T. ) ;
#1622 = EDGE_CURVE ( 'NONE', #1957, #1578, #2577, .T. ) ;
#1623 = VECTOR ( 'NONE', #1251, 1000.000000000000000 ) ;
#1624 = LINE ( 'NONE', #2442, #2233 ) ;
#1625 = AXIS2_PLACEMENT_3D ( 'NONE', #244, #695, #1090 ) ;
#1626 = LINE ( 'NONE', #612, #459 ) ;
#1627 = CARTESIAN_POINT ( 'NONE',  ( 50.00000000000000711, 0.000000000000000000, -75.00000000000000000 ) ) ;
#1628 = ORIENTED_EDGE ( 'NONE', *, *, #1983, .T. ) ;
#1629 = DIRECTION ( 'NONE',  ( -1.000000000000000000, 0.000000000000000000, -0.000000000000000000 ) ) ;
#1630 = VECTOR ( 'NONE', #364, 1000.000000000000000 ) ;
#1631 = VECTOR ( 'NONE', #1205, 1000.000000000000000 ) ;
#1632 = EDGE_LOOP ( 'NONE', ( #174, #1954, #349, #2033 ) ) ;
#1633 = DIRECTION ( 'NONE',  ( 0.000000000000000000, 0.000000000000000000, -1.000000000000000000 ) ) ;
#1634 = AXIS2_PLACEMENT_3D ( 'NONE', #1110, #2306, #1738 ) ;
#1635 = AXIS2_PLACEMENT_3D ( 'NONE', #791, #1200, #2026 ) ;
#1636 = EDGE_CURVE ( 'NONE', #2119, #1354, #1327, .T. ) ;
#1637 = CARTESIAN_POINT ( 'NONE',  ( 141.2571426749364036, 24.96873044429844413, -75.00000000000000000 ) ) ;
#1638 = CIRCLE ( 'NONE', #2107, 24.99999999999955591 ) ;
#1639 = ORIENTED_EDGE ( 'NONE', *, *, #628, .F. ) ;
#1640 = EDGE_CURVE ( 'NONE', #1305, #470, #142, .T. ) ;
#1641 = DIRECTION ( 'NONE',  ( 0.000000000000000000, -0.000000000000000000, 1.000000000000000000 ) ) ;
#1642 = DIRECTION ( 'NONE',  ( -1.000000000000000000, 0.000000000000000000, -0.000000000000000000 ) ) ;
#1643 = CARTESIAN_POINT ( 'NONE',  ( 138.7571426749364036, 24.96873044429844768, -75.00000000000000000 ) ) ;
#1644 = ORIENTED_EDGE ( 'NONE', *, *, #325, .T. ) ;
#1645 = CARTESIAN_POINT ( 'NONE',  ( 1.250000000000004663, 24.96873044429750266, 0.000000000000000000 ) ) ;
#1646 = LINE ( 'NONE', #2265, #843 ) ;
#1647 = ORIENTED_EDGE ( 'NONE', *, *, #2440, .T. ) ;
#1648 = DIRECTION ( 'NONE',  ( 0.000000000000000000, 0.000000000000000000, 1.000000000000000000 ) ) ;
#1649 = DIRECTION ( 'NONE',  ( 0.000000000000000000, 0.000000000000000000, -1.000000000000000000 ) ) ;
#1650 = ORIENTED_EDGE ( 'NONE', *, *, #376, .T. ) ;
#1651 = EDGE_CURVE ( 'NONE', #2337, #126, #1497, .T. ) ;
#1652 = FACE_OUTER_BOUND ( 'NONE', #1582, .T. ) ;
#1653 = ADVANCED_FACE ( 'NONE', ( #1187 ), #1813, .T. ) ;
#1654 = DIRECTION ( 'NONE',  ( 1.000000000000000000, 0.000000000000000000, 0.000000000000000000 ) ) ;
#1655 = CARTESIAN_POINT ( 'NONE',  ( 24.96873044429750266, 141.2571426749364036, -75.00000000000000000 ) ) ;
#1656 = ORIENTED_EDGE ( 'NONE', *, *, #2507, .F. ) ;
#1657 = DIRECTION ( 'NONE',  ( 0.000000000000000000, -1.000000000000000000, 0.000000000000000000 ) ) ;
#1658 = CARTESIAN_POINT ( 'NONE',  ( 138.7571426749364036, -49.98437255782958033, -75.00000000000000000 ) ) ;
#1659 = ORIENTED_EDGE ( 'NONE', *, *, #2571, .T. ) ;
#1660 = DIRECTION ( 'NONE',  ( 0.000000000000000000, -1.000000000000000000, 0.000000000000000000 ) ) ;
#1661 = SPHERICAL_SURFACE ( 'NONE', #1681, 50.00000000000000711 ) ;
#1662 = ORIENTED_EDGE ( 'NONE', *, *, #34, .T. ) ;
#1663 = DIRECTION ( 'NONE',  ( 1.000000000000000000, 0.000000000000000000, 0.000000000000000000 ) ) ;
#1664 = CARTESIAN_POINT ( 'NONE',  ( 0.000000000000000000, 140.0071426749373700, -75.00000000000001421 ) ) ;
#1665 = ADVANCED_FACE ( 'NONE', ( #994 ), #2662, .T. ) ;
#1666 = DIRECTION ( 'NONE',  ( -0.000000000000000000, 1.000000000000000000, 0.000000000000000000 ) ) ;
#1667 = CIRCLE ( 'NONE', #1188, 49.98437255783051825 ) ;
#1668 = PLANE ( 'NONE',  #2614 ) ;
#1669 = DIRECTION ( 'NONE',  ( -1.000000000000000000, 0.000000000000000000, -0.000000000000000000 ) ) ;
#1670 = ADVANCED_FACE ( 'NONE', ( #1990 ), #1433, .T. ) ;
#1671 = ORIENTED_EDGE ( 'NONE', *, *, #2231, .F. ) ;
#1672 = VECTOR ( 'NONE', #1875, 1000.000000000000000 ) ;
#1673 = DIRECTION ( 'NONE',  ( 1.000000000000000000, 0.000000000000000000, 0.000000000000000000 ) ) ;
#1674 = CIRCLE ( 'NONE', #1378, 54.99999999999999289 ) ;
#1675 = DIRECTION ( 'NONE',  ( -0.000000000000000000, -0.000000000000000000, 1.000000000000000000 ) ) ;
#1676 = VERTEX_POINT ( 'NONE', #2259 ) ;
#1677 = AXIS2_PLACEMENT_3D ( 'NONE', #2063, #618, #1820 ) ;
#1678 = VECTOR ( 'NONE', #529, 1000.000000000000000 ) ;
#1679 = CIRCLE ( 'NONE', #516, 24.99999999999955591 ) ;
#1680 = DIRECTION ( 'NONE',  ( -0.000000000000000000, 1.000000000000000000, 0.000000000000000000 ) ) ;
#1681 = AXIS2_PLACEMENT_3D ( 'NONE', #2287, #2066, #429 ) ;
#1682 = DIRECTION ( 'NONE',  ( -1.000000000000000000, 0.000000000000000000, -0.000000000000000000 ) ) ;
#1683 = FACE_OUTER_BOUND ( 'NONE', #369, .T. ) ;
#1684 = ADVANCED_FACE ( 'NONE', ( #131 ), #582, .F. ) ;
#1685 = PLANE ( 'NONE',  #2141 ) ;
#1686 = EDGE_LOOP ( 'NONE', ( #1225, #816, #690, #2161 ) ) ;
#1687 = DIRECTION ( 'NONE',  ( 0.000000000000000000, 0.000000000000000000, -1.000000000000000000 ) ) ;
#1688 = EDGE_CURVE ( 'NONE', #2144, #1994, #1624, .T. ) ;
#1689 = FACE_OUTER_BOUND ( 'NONE', #1294, .T. ) ;
#1690 = ORIENTED_EDGE ( 'NONE', *, *, #1153, .T. ) ;
#1691 = ORIENTED_EDGE ( 'NONE', *, *, #2342, .F. ) ;
#1692 = CARTESIAN_POINT ( 'NONE',  ( 140.0071426749364036, 9.432096092759043820E-13, -75.00000000000000000 ) ) ;
#1693 = CARTESIAN_POINT ( 'NONE',  ( 140.0071426749364036, 1.250000000000943245, -75.00000000000000000 ) ) ;
#1694 = DIRECTION ( 'NONE',  ( 0.000000000000000000, -0.000000000000000000, -1.000000000000000000 ) ) ;
#1695 = ORIENTED_CLOSED_SHELL ( 'NONE', *, #2016, .F. );
#1696 = VERTEX_POINT ( 'NONE', #2290 ) ;
#1697 = FACE_OUTER_BOUND ( 'NONE', #1039, .T. ) ;
#1698 = DIRECTION ( 'NONE',  ( 1.000000000000000000, 0.000000000000000000, 0.000000000000000000 ) ) ;
#1699 = EDGE_CURVE ( 'NONE', #2027, #1158, #253, .T. ) ;
#1700 = ORIENTED_EDGE ( 'NONE', *, *, #18, .T. ) ;
#1701 = ORIENTED_EDGE ( 'NONE', *, *, #2676, .F. ) ;
#1702 = DIRECTION ( 'NONE',  ( -0.000000000000000000, 1.000000000000000000, 0.000000000000000000 ) ) ;
#1703 = EDGE_CURVE ( 'NONE', #1945, #2122, #1258, .T. ) ;
#1704 = ORIENTED_EDGE ( 'NONE', *, *, #1622, .F. ) ;
#1705 = CARTESIAN_POINT ( 'NONE',  ( 115.0384122306391248, -1.249999999999056755, -118.3012701892221941 ) ) ;
#1706 = CARTESIAN_POINT ( 'NONE',  ( 0.000000000000000000, 140.0071426749364036, 0.000000000000000000 ) ) ;
#1707 = DIRECTION ( 'NONE',  ( 0.000000000000000000, -0.000000000000000000, -1.000000000000000000 ) ) ;
#1708 = ORIENTED_EDGE ( 'NONE', *, *, #1376, .T. ) ;
#1709 = DIRECTION ( 'NONE',  ( 1.000000000000000000, 0.000000000000000000, 0.000000000000000000 ) ) ;
#1710 = CIRCLE ( 'NONE', #1798, 24.99999999999955591 ) ;
#1711 = CARTESIAN_POINT ( 'NONE',  ( 0.000000000000000000, 0.000000000000000000, -75.00000000000000000 ) ) ;
#1712 = EDGE_LOOP ( 'NONE', ( #1050, #1690, #1907, #875 ) ) ;
#1713 = ORIENTED_EDGE ( 'NONE', *, *, #1699, .F. ) ;
#1714 = CIRCLE ( 'NONE', #552, 49.98437255783051825 ) ;
#1715 = EDGE_CURVE ( 'NONE', #1321, #126, #1331, .T. ) ;
#1716 = CARTESIAN_POINT ( 'NONE',  ( 115.0071426749366452, 0.000000000000000000, 0.000000000000000000 ) ) ;
#1717 = AXIS2_PLACEMENT_3D ( 'NONE', #1356, #2584, #733 ) ;
#1718 = ORIENTED_EDGE ( 'NONE', *, *, #1344, .F. ) ;
#1719 = EDGE_CURVE ( 'NONE', #2419, #2637, #1485, .T. ) ;
#1720 = AXIS2_PLACEMENT_3D ( 'NONE', #2174, #497, #2593 ) ;
#1721 = CARTESIAN_POINT ( 'NONE',  ( -24.96873044429728594, 138.7571426749364036, -118.3012701892221941 ) ) ;
#1722 = FACE_BOUND ( 'NONE', #1775, .T. ) ;
#1723 = AXIS2_PLACEMENT_3D ( 'NONE', #2460, #2251, #107 ) ;
#1724 = FACE_OUTER_BOUND ( 'NONE', #2391, .T. ) ;
#1725 = VERTEX_POINT ( 'NONE', #2311 ) ;
#1726 = DIRECTION ( 'NONE',  ( -0.000000000000000000, -0.000000000000000000, 1.000000000000000000 ) ) ;
#1727 = DIRECTION ( 'NONE',  ( -0.000000000000000000, 1.000000000000000000, 0.000000000000000000 ) ) ;
#1728 = ORIENTED_EDGE ( 'NONE', *, *, #1948, .T. ) ;
#1729 = EDGE_LOOP ( 'NONE', ( #1650, #2549, #2347, #2008, #1691, #189, #30, #1080 ) ) ;
#1730 = CARTESIAN_POINT ( 'NONE',  ( 200.0071426749373416, 200.0071426749373416, 0.000000000000000000 ) ) ;
#1731 = ORIENTED_EDGE ( 'NONE', *, *, #1182, .T. ) ;
#1732 = DIRECTION ( 'NONE',  ( 1.000000000000000000, 0.000000000000000000, 0.000000000000000000 ) ) ;
#1733 = CARTESIAN_POINT ( 'NONE',  ( 141.2571426749364036, 9.432096092759043820E-13, -75.00000000000000000 ) ) ;
#1734 = EDGE_CURVE ( 'NONE', #720, #1013, #31, .T. ) ;
#1735 = SURFACE_STYLE_FILL_AREA ( #905 ) ;
#1736 = ADVANCED_FACE ( 'NONE', ( #453 ), #2481, .F. ) ;
#1737 = VERTEX_POINT ( 'NONE', #223 ) ;
#1738 = DIRECTION ( 'NONE',  ( 1.665855198053140877E-15, 0.000000000000000000, -1.000000000000000000 ) ) ;
#1739 = DIRECTION ( 'NONE',  ( 0.000000000000000000, -0.000000000000000000, 1.000000000000000000 ) ) ;
#1740 = EDGE_LOOP ( 'NONE', ( #2206, #2048, #2436, #1312 ) ) ;
#1741 = EDGE_LOOP ( 'NONE', ( #1340, #2068, #1911 ) ) ;
#1742 = FACE_OUTER_BOUND ( 'NONE', #1886, .T. ) ;
#1743 = ORIENTED_EDGE ( 'NONE', *, *, #138, .T. ) ;
#1744 = ADVANCED_BREP_SHAPE_REPRESENTATION ( 'N1004_base', ( #1120, #500 ), #1922 ) ;
#1745 = DIRECTION ( 'NONE',  ( -1.776356839400250859E-15, 0.000000000000000000, -1.000000000000000000 ) ) ;
#1746 = PRODUCT_CONTEXT ( 'NONE', #699, 'mechanical' ) ;
#1747 = DIRECTION ( 'NONE',  ( 1.000000000000000000, 0.000000000000000000, 0.000000000000000000 ) ) ;
#1748 = ADVANCED_FACE ( 'NONE', ( #2508 ), #1853, .T. ) ;
#1749 = CYLINDRICAL_SURFACE ( 'NONE', #2573, 24.99999999999977263 ) ;
#1750 = ORIENTED_EDGE ( 'NONE', *, *, #775, .T. ) ;
#1751 = VECTOR ( 'NONE', #1747, 1000.000000000000000 ) ;
#1752 = ADVANCED_FACE ( 'NONE', ( #2272 ), #3, .F. ) ;
#1753 = FACE_OUTER_BOUND ( 'NONE', #2385, .T. ) ;
#1754 = ORIENTED_EDGE ( 'NONE', *, *, #1241, .F. ) ;
#1755 = VECTOR ( 'NONE', #399, 1000.000000000000000 ) ;
#1756 = ORIENTED_EDGE ( 'NONE', *, *, #2458, .F. ) ;
#1757 = PLANE ( 'NONE',  #1888 ) ;
#1758 = VERTEX_POINT ( 'NONE', #214 ) ;
#1759 = AXIS2_PLACEMENT_3D ( 'NONE', #784, #2055, #394 ) ;
#1760 = CARTESIAN_POINT ( 'NONE',  ( -1.249999999999995559, 115.0384122306388974, -75.00000000000000000 ) ) ;
#1761 = CARTESIAN_POINT ( 'NONE',  ( -1.249999999999995559, 140.0071426749364036, -75.00000000000000000 ) ) ;
#1762 = PLANE ( 'NONE',  #2136 ) ;
#1763 = AXIS2_PLACEMENT_3D ( 'NONE', #1058, #1034, #2497 ) ;
#1764 =( NAMED_UNIT ( * ) SI_UNIT ( $, .STERADIAN. ) SOLID_ANGLE_UNIT ( ) );
#1765 = AXIS2_PLACEMENT_3D ( 'NONE', #2239, #205, #1234 ) ;
#1766 = CIRCLE ( 'NONE', #2241, 50.00000000000001421 ) ;
#1767 = ORIENTED_EDGE ( 'NONE', *, *, #544, .F. ) ;
#1768 = CARTESIAN_POINT ( 'NONE',  ( -60.00000000000000000, -60.00000000000000000, 0.000000000000000000 ) ) ;
#1769 = ADVANCED_FACE ( 'NONE', ( #2300 ), #845, .T. ) ;
#1770 = PLANE ( 'NONE',  #2413 ) ;
#1771 = ORIENTED_EDGE ( 'NONE', *, *, #474, .F. ) ;
#1772 = ORIENTED_EDGE ( 'NONE', *, *, #1341, .T. ) ;
#1773 = EDGE_CURVE ( 'NONE', #2339, #1361, #2324, .T. ) ;
#1774 = DIRECTION ( 'NONE',  ( 0.000000000000000000, 1.000000000000000000, 0.000000000000000000 ) ) ;
#1775 = EDGE_LOOP ( 'NONE', ( #83, #2051, #1671, #674, #2169, #218, #1411, #687, #871, #1644, #2039, #539 ) ) ;
#1776 = DIRECTION ( 'NONE',  ( 0.000000000000000000, 1.000000000000000000, -0.000000000000000000 ) ) ;
#1777 = DIRECTION ( 'NONE',  ( 0.000000000000000000, 0.000000000000000000, -1.000000000000000000 ) ) ;
#1778 = FILL_AREA_STYLE_COLOUR ( '', #108 ) ;
#1779 = ORIENTED_EDGE ( 'NONE', *, *, #241, .F. ) ;
#1780 = CARTESIAN_POINT ( 'NONE',  ( 90.02277011710494037, 138.7571426749373700, -75.00000000000000000 ) ) ;
#1781 = CARTESIAN_POINT ( 'NONE',  ( 0.000000000000000000, 115.0071426749364178, 0.000000000000000000 ) ) ;
#1782 = VERTEX_POINT ( 'NONE', #673 ) ;
#1783 = DIRECTION ( 'NONE',  ( 0.000000000000000000, -1.000000000000000000, 0.000000000000000000 ) ) ;
#1784 = EDGE_CURVE ( 'NONE', #1925, #2164, #1061, .T. ) ;
#1785 = CARTESIAN_POINT ( 'NONE',  ( -24.96873044429728594, 141.2571426749364036, -118.3012701892221941 ) ) ;
#1786 = ORIENTED_EDGE ( 'NONE', *, *, #2571, .F. ) ;
#1787 = DIRECTION ( 'NONE',  ( 1.000000000000000000, 0.000000000000000000, 0.000000000000000000 ) ) ;
#1788 = FACE_OUTER_BOUND ( 'NONE', #949, .T. ) ;
#1789 = CARTESIAN_POINT ( 'NONE',  ( 140.0071426749354657, 140.0071426749373700, 0.000000000000000000 ) ) ;
#1790 = ORIENTED_EDGE ( 'NONE', *, *, #100, .T. ) ;
#1791 = DIRECTION ( 'NONE',  ( -0.000000000000000000, -1.000000000000000000, -0.000000000000000000 ) ) ;
#1792 = ORIENTED_EDGE ( 'NONE', *, *, #1047, .F. ) ;
#1793 = CARTESIAN_POINT ( 'NONE',  ( 140.0071426749354657, 141.2571426749373700, -75.00000000000000000 ) ) ;
#1794 = CARTESIAN_POINT ( 'NONE',  ( 138.7571426749354657, 140.0071426749373700, -286.7359794649931928 ) ) ;
#1795 = AXIS2_PLACEMENT_3D ( 'NONE', #2304, #227, #2528 ) ;
#1796 = VERTEX_POINT ( 'NONE', #2680 ) ;
#1797 = ADVANCED_FACE ( 'NONE', ( #2326 ), #2468, .T. ) ;
#1798 = AXIS2_PLACEMENT_3D ( 'NONE', #2673, #2280, #815 ) ;
#1799 = CARTESIAN_POINT ( 'NONE',  ( 1.250000000000004663, 115.0384122306388974, 0.000000000000000000 ) ) ;
#1800 = EDGE_CURVE ( 'NONE', #270, #2637, #1890, .T. ) ;
#1801 = CARTESIAN_POINT ( 'NONE',  ( -60.00000000000000000, -60.00000000000000000, 0.000000000000000000 ) ) ;
#1802 = ORIENTED_EDGE ( 'NONE', *, *, #376, .F. ) ;
#1803 = CIRCLE ( 'NONE', #2664, 24.99999999999977263 ) ;
#1804 = DIRECTION ( 'NONE',  ( 1.000000000000000000, 0.000000000000000000, 0.000000000000000000 ) ) ;
#1805 = VECTOR ( 'NONE', #1167, 1000.000000000000000 ) ;
#1806 = CIRCLE ( 'NONE', #641, 50.00000000000001421 ) ;
#1807 = DIRECTION ( 'NONE',  ( 1.000000000000000000, 0.000000000000000000, 0.000000000000000000 ) ) ;
#1808 = ORIENTED_EDGE ( 'NONE', *, *, #1538, .T. ) ;
#1809 = EDGE_LOOP ( 'NONE', ( #1520, #2017, #1713, #2558 ) ) ;
#1810 = VECTOR ( 'NONE', #663, 1000.000000000000000 ) ;
#1811 = DIRECTION ( 'NONE',  ( 1.000000000000000000, 0.000000000000000000, 0.000000000000000000 ) ) ;
#1812 = EDGE_LOOP ( 'NONE', ( #2441, #1124, #140, #2452 ) ) ;
#1813 = PLANE ( 'NONE',  #892 ) ;
#1814 = CARTESIAN_POINT ( 'NONE',  ( 49.98437255783052535, 1.250000000000000000, -75.00000000000000000 ) ) ;
#1815 = ADVANCED_FACE ( 'NONE', ( #1652 ), #1864, .F. ) ;
#1816 = ORIENTED_EDGE ( 'NONE', *, *, #2041, .T. ) ;
#1817 = FACE_OUTER_BOUND ( 'NONE', #1364, .T. ) ;
#1818 = DIRECTION ( 'NONE',  ( -1.000000000000000000, 0.000000000000000000, -0.000000000000000000 ) ) ;
#1819 = ORIENTED_EDGE ( 'NONE', *, *, #2625, .F. ) ;
#1820 = DIRECTION ( 'NONE',  ( 1.000000000000000000, 0.000000000000000000, 0.000000000000000000 ) ) ;
#1821 = ORIENTED_EDGE ( 'NONE', *, *, #1204, .T. ) ;
#1822 = DIRECTION ( 'NONE',  ( 0.000000000000000000, -1.000000000000000000, 0.000000000000000000 ) ) ;
#1823 = CARTESIAN_POINT ( 'NONE',  ( 140.0071426749364036, 9.432096092759043820E-13, -75.00000000000000000 ) ) ;
#1824 = CARTESIAN_POINT ( 'NONE',  ( 140.0071426749364036, 9.432096092759043820E-13, -75.00000000000000000 ) ) ;
#1825 = VERTEX_POINT ( 'NONE', #832 ) ;
#1826 = CARTESIAN_POINT ( 'NONE',  ( 1.250000000000004663, 115.0384122306388974, -75.00000000000000000 ) ) ;
#1827 = EDGE_CURVE ( 'NONE', #311, #2447, #910, .T. ) ;
#1828 = CARTESIAN_POINT ( 'NONE',  ( -1.249999999999995559, 140.0071426749364036, -75.00000000000000000 ) ) ;
#1829 = ORIENTED_EDGE ( 'NONE', *, *, #1099, .T. ) ;
#1830 = FACE_OUTER_BOUND ( 'NONE', #60, .T. ) ;
#1831 = ADVANCED_FACE ( 'NONE', ( #95 ), #1086, .T. ) ;
#1832 = DIRECTION ( 'NONE',  ( -1.000000000000000000, -0.000000000000000000, -0.000000000000000000 ) ) ;
#1833 = EDGE_LOOP ( 'NONE', ( #1253, #2089, #974, #195 ) ) ;
#1834 = AXIS2_PLACEMENT_3D ( 'NONE', #799, #2242, #387 ) ;
#1835 = DIRECTION ( 'NONE',  ( -0.000000000000000000, -0.000000000000000000, 1.000000000000000000 ) ) ;
#1836 = CIRCLE ( 'NONE', #672, 49.98437255783051825 ) ;
#1837 = CARTESIAN_POINT ( 'NONE',  ( 24.96873044429750266, 138.7571426749364036, 0.000000000000000000 ) ) ;
#1838 = DIRECTION ( 'NONE',  ( 1.000000000000000000, 2.131628207280300873E-14, 0.000000000000000000 ) ) ;
#1839 = ORIENTED_EDGE ( 'NONE', *, *, #837, .F. ) ;
#1840 = CARTESIAN_POINT ( 'NONE',  ( 0.000000000000000000, -1.250000000000000000, -165.1474486605139589 ) ) ;
#1841 = DIRECTION ( 'NONE',  ( 0.000000000000000000, -1.000000000000000000, 0.000000000000000000 ) ) ;
#1842 = VECTOR ( 'NONE', #1461, 1000.000000000000000 ) ;
#1843 = EDGE_CURVE ( 'NONE', #1263, #614, #1546, .T. ) ;
#1844 = EDGE_LOOP ( 'NONE', ( #2132, #366, #1438 ) ) ;
#1845 = CARTESIAN_POINT ( 'NONE',  ( 50.00000000000000711, 0.000000000000000000, -75.00000000000000000 ) ) ;
#1846 = CLOSED_SHELL ( 'NONE', ( #581, #1797, #2301, #2266, #74 ) ) ;
#1847 = VECTOR ( 'NONE', #768, 1000.000000000000000 ) ;
#1848 = FACE_OUTER_BOUND ( 'NONE', #987, .T. ) ;
#1849 = EDGE_CURVE ( 'NONE', #1009, #2036, #379, .T. ) ;
#1850 = AXIS2_PLACEMENT_3D ( 'NONE', #398, #1629, #1449 ) ;
#1851 = AXIS2_PLACEMENT_3D ( 'NONE', #947, #1426, #2601 ) ;
#1852 = ORIENTED_EDGE ( 'NONE', *, *, #1099, .F. ) ;
#1853 = CYLINDRICAL_SURFACE ( 'NONE', #767, 24.99999999999977973 ) ;
#1854 = CARTESIAN_POINT ( 'NONE',  ( 115.0384122306388974, 1.250000000000943245, 0.000000000000000000 ) ) ;
#1855 = LINE ( 'NONE', #2682, #381 ) ;
#1856 = VERTEX_POINT ( 'NONE', #1525 ) ;
#1857 = FACE_OUTER_BOUND ( 'NONE', #797, .T. ) ;
#1858 = CARTESIAN_POINT ( 'NONE',  ( 140.0071426749354657, 138.7571426749373700, -286.7359794649931928 ) ) ;
#1859 = ORIENTED_EDGE ( 'NONE', *, *, #2129, .T. ) ;
#1860 = CARTESIAN_POINT ( 'NONE',  ( 138.7571426749354657, 115.0384122306400627, -118.3012701892221941 ) ) ;
#1861 = DIRECTION ( 'NONE',  ( -0.000000000000000000, -0.000000000000000000, 1.000000000000000000 ) ) ;
#1862 = ORIENTED_EDGE ( 'NONE', *, *, #854, .T. ) ;
#1863 = EDGE_CURVE ( 'NONE', #2575, #726, #2106, .T. ) ;
#1864 = PLANE ( 'NONE',  #2536 ) ;
#1865 = DIRECTION ( 'NONE',  ( 1.000000000000000000, 0.000000000000000000, 0.000000000000000000 ) ) ;
#1866 = DIRECTION ( 'NONE',  ( 1.000000000000000000, 0.000000000000000000, 0.000000000000000000 ) ) ;
#1867 = DIRECTION ( 'NONE',  ( 1.000000000000000000, -0.000000000000000000, 0.000000000000000000 ) ) ;
#1868 = DIRECTION ( 'NONE',  ( 1.000000000000000000, 0.000000000000000000, 0.000000000000000000 ) ) ;
#1869 = EDGE_LOOP ( 'NONE', ( #1605, #1731, #2426 ) ) ;
#1870 = DIRECTION ( 'NONE',  ( 0.000000000000000000, 0.000000000000000000, -1.000000000000000000 ) ) ;
#1871 = CARTESIAN_POINT ( 'NONE',  ( -1.249999999999995559, -0.000000000000000000, -75.00000000000000000 ) ) ;
#1872 = ORIENTED_EDGE ( 'NONE', *, *, #477, .T. ) ;
#1873 = DIRECTION ( 'NONE',  ( 1.000000000000000000, 0.000000000000000000, 0.000000000000000000 ) ) ;
#1874 = ADVANCED_FACE ( 'NONE', ( #1742 ), #1757, .F. ) ;
#1875 = DIRECTION ( 'NONE',  ( -0.000000000000000000, -0.000000000000000000, 1.000000000000000000 ) ) ;
#1876 = DIRECTION ( 'NONE',  ( 1.000000000000000000, 0.000000000000000000, 0.000000000000000000 ) ) ;
#1877 = ADVANCED_FACE ( 'NONE', ( #277 ), #471, .T. ) ;
#1878 = AXIS2_PLACEMENT_3D ( 'NONE', #46, #1468, #2293 ) ;
#1879 = DIRECTION ( 'NONE',  ( 1.000000000000000000, 0.000000000000000000, 0.000000000000000000 ) ) ;
#1880 = ORIENTED_EDGE ( 'NONE', *, *, #1719, .F. ) ;
#1881 = VECTOR ( 'NONE', #1230, 1000.000000000000000 ) ;
#1882 = CARTESIAN_POINT ( 'NONE',  ( 141.2571426749354657, 115.0384122306398496, -75.00000000000000000 ) ) ;
#1883 = VECTOR ( 'NONE', #954, 1000.000000000000000 ) ;
#1884 = CARTESIAN_POINT ( 'NONE',  ( -60.00000000000000000, -60.00000000000000000, -442.7056274847727764 ) ) ;
#1885 = EDGE_LOOP ( 'NONE', ( #1852, #412, #1537 ) ) ;
#1886 = EDGE_LOOP ( 'NONE', ( #928, #1128, #1002, #2, #1166, #1309 ) ) ;
#1887 = CIRCLE ( 'NONE', #510, 50.00000000000000711 ) ;
#1888 = AXIS2_PLACEMENT_3D ( 'NONE', #2338, #887, #2146 ) ;
#1889 = AXIS2_PLACEMENT_3D ( 'NONE', #1306, #1336, #229 ) ;
#1890 = LINE ( 'NONE', #821, #808 ) ;
#1891 = AXIS2_PLACEMENT_3D ( 'NONE', #6, #678, #1876 ) ;
#1892 = ORIENTED_CLOSED_SHELL ( 'NONE', *, #2622, .F. );
#1893 = CARTESIAN_POINT ( 'NONE',  ( -1.249999999999995559, 140.0071426749364036, -240.4646326056195562 ) ) ;
#1894 = DIRECTION ( 'NONE',  ( 1.000000000000000000, 0.000000000000000000, 0.000000000000000000 ) ) ;
#1895 = EDGE_CURVE ( 'NONE', #279, #1973, #901, .T. ) ;
#1896 = CARTESIAN_POINT ( 'NONE',  ( 138.7571426749354657, 189.9915152327678811, -75.00000000000000000 ) ) ;
#1897 = ORIENTED_EDGE ( 'NONE', *, *, #2220, .T. ) ;
#1898 = CARTESIAN_POINT ( 'NONE',  ( 140.0071426749364036, 9.432096092759043820E-13, -75.00000000000000000 ) ) ;
#1899 = SPHERICAL_SURFACE ( 'NONE', #1334, 50.00000000000000711 ) ;
#1900 = ORIENTED_EDGE ( 'NONE', *, *, #916, .F. ) ;
#1901 = ORIENTED_EDGE ( 'NONE', *, *, #1519, .F. ) ;
#1902 = DIRECTION ( 'NONE',  ( 0.000000000000000000, 0.000000000000000000, -1.000000000000000000 ) ) ;
#1903 = ORIENTED_EDGE ( 'NONE', *, *, #2555, .T. ) ;
#1904 = DIRECTION ( 'NONE',  ( 0.000000000000000000, 0.000000000000000000, -1.000000000000000000 ) ) ;
#1905 = DIRECTION ( 'NONE',  ( -1.000000000000000000, 0.000000000000000000, -0.000000000000000000 ) ) ;
#1906 = CYLINDRICAL_SURFACE ( 'NONE', #456, 24.99999999999977973 ) ;
#1907 = ORIENTED_EDGE ( 'NONE', *, *, #2551, .T. ) ;
#1908 = DIRECTION ( 'NONE',  ( -0.000000000000000000, 1.000000000000000000, -0.000000000000000000 ) ) ;
#1909 = EDGE_CURVE ( 'NONE', #1013, #1575, #2133, .T. ) ;
#1910 = CYLINDRICAL_SURFACE ( 'NONE', #2450, 24.99999999999977263 ) ;
#1911 = ORIENTED_EDGE ( 'NONE', *, *, #869, .T. ) ;
#1912 = VERTEX_POINT ( 'NONE', #71 ) ;
#1913 = EDGE_CURVE ( 'NONE', #73, #1758, #1556, .T. ) ;
#1914 = DIRECTION ( 'NONE',  ( -1.000000000000000000, 0.000000000000000000, -0.000000000000000000 ) ) ;
#1915 = VERTEX_POINT ( 'NONE', #1730 ) ;
#1916 = FACE_OUTER_BOUND ( 'NONE', #2116, .T. ) ;
#1917 = CARTESIAN_POINT ( 'NONE',  ( 0.000000000000000000, 140.0071426749364036, 0.000000000000000000 ) ) ;
#1918 = DIRECTION ( 'NONE',  ( 1.665855198053140877E-15, 0.000000000000000000, -1.000000000000000000 ) ) ;
#1919 = AXIS2_PLACEMENT_3D ( 'NONE', #2653, #2224, #7 ) ;
#1920 = ORIENTED_EDGE ( 'NONE', *, *, #804, .F. ) ;
#1921 = PLANE ( 'NONE',  #1548 ) ;
#1922 =( GEOMETRIC_REPRESENTATION_CONTEXT ( 3 ) GLOBAL_UNCERTAINTY_ASSIGNED_CONTEXT ( ( #1466 ) ) GLOBAL_UNIT_ASSIGNED_CONTEXT ( ( #1528, #955, #2178 ) ) REPRESENTATION_CONTEXT ( 'NONE', 'WORKASPACE' ) );
#1923 = ORIENTED_CLOSED_SHELL ( 'NONE', *, #1930, .F. );
#1924 = DIRECTION ( 'NONE',  ( 0.000000000000000000, -0.000000000000000000, 1.000000000000000000 ) ) ;
#1925 = VERTEX_POINT ( 'NONE', #2548 ) ;
#1926 = VERTEX_POINT ( 'NONE', #1539 ) ;
#1927 = CIRCLE ( 'NONE', #718, 49.98437255783051825 ) ;
#1928 = ADVANCED_FACE ( 'NONE', ( #53 ), #2381, .T. ) ;
#1929 = DIRECTION ( 'NONE',  ( 0.000000000000000000, -0.000000000000000000, -1.000000000000000000 ) ) ;
#1930 = CLOSED_SHELL ( 'NONE', ( #1831, #2435, #405, #2310, #158 ) ) ;
#1931 = AXIS2_PLACEMENT_3D ( 'NONE', #324, #1162, #2541 ) ;
#1932 = PRODUCT ( 'N1004_base', 'N1004_base', '', ( #1746 ) ) ;
#1933 = EDGE_LOOP ( 'NONE', ( #1427, #1275, #945, #2534 ) ) ;
#1934 = VECTOR ( 'NONE', #1791, 1000.000000000000000 ) ;
#1935 = AXIS2_PLACEMENT_3D ( 'NONE', #1395, #2218, #39 ) ;
#1936 = CARTESIAN_POINT ( 'NONE',  ( 90.02277011710587828, -1.249999999999056977, -75.00000000000000000 ) ) ;
#1937 = CYLINDRICAL_SURFACE ( 'NONE', #1450, 24.99999999999977263 ) ;
#1938 = VECTOR ( 'NONE', #268, 1000.000000000000000 ) ;
#1939 = CARTESIAN_POINT ( 'NONE',  ( 24.96873044429728594, -1.249999999999988898, -118.3012701892221941 ) ) ;
#1940 = DIRECTION ( 'NONE',  ( -0.000000000000000000, 1.000000000000000000, 0.000000000000000000 ) ) ;
#1941 = ORIENTED_EDGE ( 'NONE', *, *, #628, .T. ) ;
#1942 = DIRECTION ( 'NONE',  ( 0.000000000000000000, -0.000000000000000000, -1.000000000000000000 ) ) ;
#1943 = FACE_OUTER_BOUND ( 'NONE', #93, .T. ) ;
#1944 = VERTEX_POINT ( 'NONE', #1116 ) ;
#1945 = VERTEX_POINT ( 'NONE', #1946 ) ;
#1946 = CARTESIAN_POINT ( 'NONE',  ( 164.9758731192329719, 138.7571426749373700, -75.00000000000000000 ) ) ;
#1947 = VERTEX_POINT ( 'NONE', #714 ) ;
#1948 = EDGE_CURVE ( 'NONE', #1009, #2616, #517, .T. ) ;
#1949 = DIRECTION ( 'NONE',  ( 0.000000000000000000, -1.000000000000000000, 0.000000000000000000 ) ) ;
#1950 = CARTESIAN_POINT ( 'NONE',  ( 0.000000000000000000, 140.0071426749364036, -75.00000000000000000 ) ) ;
#1951 = DIRECTION ( 'NONE',  ( 1.000000000000000000, 0.000000000000000000, 0.000000000000000000 ) ) ;
#1952 = EDGE_CURVE ( 'NONE', #998, #2559, #1155, .T. ) ;
#1953 = FACE_OUTER_BOUND ( 'NONE', #36, .T. ) ;
#1954 = ORIENTED_EDGE ( 'NONE', *, *, #578, .F. ) ;
#1955 = LINE ( 'NONE', #1768, #1934 ) ;
#1956 = DIRECTION ( 'NONE',  ( 1.000000000000000000, -0.000000000000000000, 0.000000000000000000 ) ) ;
#1957 = VERTEX_POINT ( 'NONE', #265 ) ;
#1958 = EDGE_LOOP ( 'NONE', ( #825, #1659, #909, #1656 ) ) ;
#1959 = DIRECTION ( 'NONE',  ( -0.000000000000000000, -0.000000000000000000, 1.000000000000000000 ) ) ;
#1960 = ORIENTED_EDGE ( 'NONE', *, *, #1703, .F. ) ;
#1961 = CARTESIAN_POINT ( 'NONE',  ( 0.000000000000000000, 140.0071426749364036, -75.00000000000000000 ) ) ;
#1962 = EDGE_CURVE ( 'NONE', #1925, #1985, #742, .T. ) ;
#1963 = CARTESIAN_POINT ( 'NONE',  ( 138.7571426749364036, 24.96873044429844768, 0.000000000000000000 ) ) ;
#1964 = ADVANCED_FACE ( 'NONE', ( #1129 ), #1568, .F. ) ;
#1965 = ORIENTED_EDGE ( 'NONE', *, *, #2383, .T. ) ;
#1966 = CARTESIAN_POINT ( 'NONE',  ( 115.0384122306381869, 141.2571426749373700, -118.3012701892221941 ) ) ;
#1967 = VECTOR ( 'NONE', #1992, 1000.000000000000000 ) ;
#1968 = SPHERICAL_SURFACE ( 'NONE', #340, 50.00000000000000711 ) ;
#1969 = EDGE_LOOP ( 'NONE', ( #2202, #484, #2574 ) ) ;
#1970 = DIRECTION ( 'NONE',  ( 1.000000000000000000, 0.000000000000000000, 0.000000000000000000 ) ) ;
#1971 = AXIS2_PLACEMENT_3D ( 'NONE', #2194, #705, #132 ) ;
#1972 = CARTESIAN_POINT ( 'NONE',  ( 0.000000000000000000, 0.000000000000000000, -118.3012701892221941 ) ) ;
#1973 = VERTEX_POINT ( 'NONE', #2390 ) ;
#1974 = DIRECTION ( 'NONE',  ( -0.000000000000000000, 1.000000000000000000, 0.000000000000000000 ) ) ;
#1975 = AXIS2_PLACEMENT_3D ( 'NONE', #2209, #2608, #1424 ) ;
#1976 = DIRECTION ( 'NONE',  ( 1.000000000000000000, -0.000000000000000000, 0.000000000000000000 ) ) ;
#1977 = AXIS2_PLACEMENT_3D ( 'NONE', #1311, #940, #322 ) ;
#1978 = DIRECTION ( 'NONE',  ( -0.000000000000000000, -0.000000000000000000, 1.000000000000000000 ) ) ;
#1979 = AXIS2_PLACEMENT_3D ( 'NONE', #1532, #1908, #2545 ) ;
#1980 = CIRCLE ( 'NONE', #2629, 49.98437255783051825 ) ;
#1981 = VERTEX_POINT ( 'NONE', #1785 ) ;
#1982 = CARTESIAN_POINT ( 'NONE',  ( 115.0384122306379595, 138.7571426749373700, -75.00000000000000000 ) ) ;
#1983 = EDGE_CURVE ( 'NONE', #584, #1569, #1385, .T. ) ;
#1984 = DIRECTION ( 'NONE',  ( -0.000000000000000000, 1.000000000000000000, 0.000000000000000000 ) ) ;
#1985 = VERTEX_POINT ( 'NONE', #1172 ) ;
#1986 = DIRECTION ( 'NONE',  ( 0.000000000000000000, 0.000000000000000000, -1.000000000000000000 ) ) ;
#1987 = EDGE_CURVE ( 'NONE', #2258, #1737, #2403, .T. ) ;
#1988 = DIRECTION ( 'NONE',  ( -0.000000000000000000, 1.000000000000000000, 0.000000000000000000 ) ) ;
#1989 = VERTEX_POINT ( 'NONE', #951 ) ;
#1990 = FACE_OUTER_BOUND ( 'NONE', #701, .T. ) ;
#1991 = DIRECTION ( 'NONE',  ( 0.000000000000000000, 0.000000000000000000, -1.000000000000000000 ) ) ;
#1992 = DIRECTION ( 'NONE',  ( 0.000000000000000000, 0.000000000000000000, -1.000000000000000000 ) ) ;
#1993 = DIRECTION ( 'NONE',  ( 0.000000000000000000, 0.000000000000000000, -1.000000000000000000 ) ) ;
#1994 = VERTEX_POINT ( 'NONE', #360 ) ;
#1995 = DIRECTION ( 'NONE',  ( 0.000000000000000000, -0.000000000000000000, 1.000000000000000000 ) ) ;
#1996 = EDGE_CURVE ( 'NONE', #649, #2529, #2366, .T. ) ;
#1997 = ORIENTED_EDGE ( 'NONE', *, *, #661, .T. ) ;
#1998 = DIRECTION ( 'NONE',  ( 1.000000000000000000, 0.000000000000000000, 0.000000000000000000 ) ) ;
#1999 = LINE ( 'NONE', #2245, #2410 ) ;
#2000 = EDGE_CURVE ( 'NONE', #2027, #178, #963, .T. ) ;
#2001 = ORIENTED_EDGE ( 'NONE', *, *, #609, .F. ) ;
#2002 = DIRECTION ( 'NONE',  ( 1.665855198053140877E-15, 0.000000000000000000, -1.000000000000000000 ) ) ;
#2003 = CARTESIAN_POINT ( 'NONE',  ( 50.00000000000000711, 140.0071426749364036, -75.00000000000000000 ) ) ;
#2004 = DIRECTION ( 'NONE',  ( 0.000000000000000000, 0.000000000000000000, -1.000000000000000000 ) ) ;
#2005 = ORIENTED_EDGE ( 'NONE', *, *, #1987, .F. ) ;
#2006 = DIRECTION ( 'NONE',  ( -1.000000000000000000, 0.000000000000000000, -0.000000000000000000 ) ) ;
#2007 = LINE ( 'NONE', #626, #1236 ) ;
#2008 = ORIENTED_EDGE ( 'NONE', *, *, #2392, .F. ) ;
#2009 = FACE_OUTER_BOUND ( 'NONE', #1028, .T. ) ;
#2010 = DIRECTION ( 'NONE',  ( 1.348059181698181549E-14, -1.000000000000000000, 0.000000000000000000 ) ) ;
#2011 = ORIENTED_EDGE ( 'NONE', *, *, #2486, .T. ) ;
#2012 = EDGE_CURVE ( 'NONE', #149, #2230, #1199, .T. ) ;
#2013 = DIRECTION ( 'NONE',  ( 0.000000000000000000, -1.000000000000000000, 0.000000000000000000 ) ) ;
#2014 = CIRCLE ( 'NONE', #1931, 24.99999999999977973 ) ;
#2015 = DIRECTION ( 'NONE',  ( 1.000000000000000000, 0.000000000000000000, 0.000000000000000000 ) ) ;
#2016 = CLOSED_SHELL ( 'NONE', ( #1359, #2249, #1115, #654, #1815 ) ) ;
#2017 = ORIENTED_EDGE ( 'NONE', *, *, #1136, .T. ) ;
#2018 = AXIS2_PLACEMENT_3D ( 'NONE', #1972, #1959, #112 ) ;
#2019 = CARTESIAN_POINT ( 'NONE',  ( 141.2571426749364036, 24.96873044429844768, 0.000000000000000000 ) ) ;
#2020 = CIRCLE ( 'NONE', #640, 50.00000000000001421 ) ;
#2021 = VECTOR ( 'NONE', #1905, 1000.000000000000000 ) ;
#2022 = LINE ( 'NONE', #1828, #586 ) ;
#2023 = ORIENTED_EDGE ( 'NONE', *, *, #1715, .F. ) ;
#2024 = FACE_OUTER_BOUND ( 'NONE', #1555, .T. ) ;
#2025 = CIRCLE ( 'NONE', #1851, 24.99999999999977263 ) ;
#2026 = DIRECTION ( 'NONE',  ( 1.000000000000000000, 0.000000000000000000, 0.000000000000000000 ) ) ;
#2027 = VERTEX_POINT ( 'NONE', #2189 ) ;
#2028 = CARTESIAN_POINT ( 'NONE',  ( 140.0071426749354657, 141.2571426749373700, -75.00000000000000000 ) ) ;
#2029 = EDGE_CURVE ( 'NONE', #1614, #1947, #2197, .T. ) ;
#2030 = LINE ( 'NONE', #2042, #2191 ) ;
#2031 = LINE ( 'NONE', #934, #853 ) ;
#2032 = EDGE_CURVE ( 'NONE', #436, #1957, #2605, .T. ) ;
#2033 = ORIENTED_EDGE ( 'NONE', *, *, #2331, .T. ) ;
#2034 = PLANE ( 'NONE',  #884 ) ;
#2035 = PLANE ( 'NONE',  #1367 ) ;
#2036 = VERTEX_POINT ( 'NONE', #390 ) ;
#2037 = DIRECTION ( 'NONE',  ( 0.000000000000000000, -0.000000000000000000, -1.000000000000000000 ) ) ;
#2038 = DIRECTION ( 'NONE',  ( 1.000000000000000000, 0.000000000000000000, 0.000000000000000000 ) ) ;
#2039 = ORIENTED_EDGE ( 'NONE', *, *, #965, .T. ) ;
#2040 = CARTESIAN_POINT ( 'NONE',  ( 115.0071426749356931, 140.0071426749373700, -75.00000000000001421 ) ) ;
#2041 = EDGE_CURVE ( 'NONE', #2648, #2337, #1420, .T. ) ;
#2042 = CARTESIAN_POINT ( 'NONE',  ( 115.0384122306379595, 141.2571426749373700, 0.000000000000000000 ) ) ;
#2043 = CARTESIAN_POINT ( 'NONE',  ( 0.000000000000000000, 0.000000000000000000, -75.00000000000000000 ) ) ;
#2044 = ORIENTED_EDGE ( 'NONE', *, *, #995, .T. ) ;
#2045 = LINE ( 'NONE', #2019, #1623 ) ;
#2046 = EDGE_CURVE ( 'NONE', #1944, #446, #204, .T. ) ;
#2047 = CARTESIAN_POINT ( 'NONE',  ( 140.0071426749373700, 0.000000000000000000, 0.000000000000000000 ) ) ;
#2048 = ORIENTED_EDGE ( 'NONE', *, *, #1452, .F. ) ;
#2049 = DIRECTION ( 'NONE',  ( -1.000000000000000000, 0.000000000000000000, 0.000000000000000000 ) ) ;
#2050 = CYLINDRICAL_SURFACE ( 'NONE', #855, 24.99999999999977263 ) ;
#2051 = ORIENTED_EDGE ( 'NONE', *, *, #1019, .T. ) ;
#2052 = AXIS2_PLACEMENT_3D ( 'NONE', #133, #968, #2353 ) ;
#2053 = DIRECTION ( 'NONE',  ( 0.000000000000000000, -1.000000000000000000, 0.000000000000000000 ) ) ;
#2054 = AXIS2_PLACEMENT_3D ( 'NONE', #188, #1841, #2060 ) ;
#2055 = DIRECTION ( 'NONE',  ( -0.000000000000000000, -0.000000000000000000, 1.000000000000000000 ) ) ;
#2056 = CARTESIAN_POINT ( 'NONE',  ( 1.250000000000004663, -24.96873044429750266, -75.00000000000000000 ) ) ;
#2057 = EDGE_LOOP ( 'NONE', ( #2138, #1482, #1267, #2668 ) ) ;
#2058 = DIRECTION ( 'NONE',  ( 1.000000000000000000, 0.000000000000000000, 0.000000000000000000 ) ) ;
#2059 = CIRCLE ( 'NONE', #61, 49.98437255783051825 ) ;
#2060 = DIRECTION ( 'NONE',  ( 0.000000000000000000, 0.000000000000000000, -1.000000000000000000 ) ) ;
#2061 = CIRCLE ( 'NONE', #2149, 55.00000000000000711 ) ;
#2062 = VERTEX_POINT ( 'NONE', #593 ) ;
#2063 = CARTESIAN_POINT ( 'NONE',  ( 0.000000000000000000, 0.000000000000000000, -75.00000000000000000 ) ) ;
#2064 = EDGE_CURVE ( 'NONE', #311, #338, #557, .T. ) ;
#2065 = VECTOR ( 'NONE', #2229, 1000.000000000000000 ) ;
#2066 = DIRECTION ( 'NONE',  ( -0.000000000000000000, 1.000000000000000000, 0.000000000000000000 ) ) ;
#2067 = VECTOR ( 'NONE', #2307, 1000.000000000000000 ) ;
#2068 = ORIENTED_EDGE ( 'NONE', *, *, #1133, .T. ) ;
#2069 = EDGE_CURVE ( 'NONE', #1676, #2150, #556, .T. ) ;
#2070 = DIRECTION ( 'NONE',  ( -0.000000000000000000, -0.000000000000000000, 1.000000000000000000 ) ) ;
#2071 = CARTESIAN_POINT ( 'NONE',  ( 164.9758731192327446, 141.2571426749373700, -118.3012701892221941 ) ) ;
#2072 = CARTESIAN_POINT ( 'NONE',  ( 141.2571426749364036, 49.98437255783147037, -75.00000000000000000 ) ) ;
#2073 = DIRECTION ( 'NONE',  ( -0.000000000000000000, -0.000000000000000000, 1.000000000000000000 ) ) ;
#2074 = DIRECTION ( 'NONE',  ( -0.000000000000000000, -0.000000000000000000, 1.000000000000000000 ) ) ;
#2075 = ORIENTED_EDGE ( 'NONE', *, *, #1773, .T. ) ;
#2076 = DIRECTION ( 'NONE',  ( 1.000000000000000000, -0.000000000000000000, 0.000000000000000000 ) ) ;
#2077 = EDGE_CURVE ( 'NONE', #2144, #317, #69, .T. ) ;
#2078 = LINE ( 'NONE', #1884, #296 ) ;
#2079 = ORIENTED_EDGE ( 'NONE', *, *, #34, .F. ) ;
#2080 = EDGE_CURVE ( 'NONE', #1915, #1018, #1999, .T. ) ;
#2081 = DIRECTION ( 'NONE',  ( -0.000000000000000000, 1.000000000000000000, 0.000000000000000000 ) ) ;
#2082 = DIRECTION ( 'NONE',  ( 1.000000000000000000, 0.000000000000000000, 0.000000000000000000 ) ) ;
#2083 = DIRECTION ( 'NONE',  ( -0.000000000000000000, -0.000000000000000000, 1.000000000000000000 ) ) ;
#2084 = CARTESIAN_POINT ( 'NONE',  ( 50.00000000000000711, 0.000000000000000000, -75.00000000000000000 ) ) ;
#2085 = ORIENTED_EDGE ( 'NONE', *, *, #2198, .T. ) ;
#2086 = DIRECTION ( 'NONE',  ( 1.000000000000000000, 0.000000000000000000, 0.000000000000000000 ) ) ;
#2087 = DIRECTION ( 'NONE',  ( 1.000000000000000000, 0.000000000000000000, 0.000000000000000000 ) ) ;
#2088 = ORIENTED_EDGE ( 'NONE', *, *, #1913, .T. ) ;
#2089 = ORIENTED_EDGE ( 'NONE', *, *, #2604, .T. ) ;
#2090 = PRODUCT_RELATED_PRODUCT_CATEGORY ( 'part', '', ( #1932 ) ) ;
#2091 = DIRECTION ( 'NONE',  ( 1.000000000000000000, 0.000000000000000000, 0.000000000000000000 ) ) ;
#2092 = EDGE_CURVE ( 'NONE', #1737, #2356, #139, .T. ) ;
#2093 = DIRECTION ( 'NONE',  ( 0.000000000000000000, 0.000000000000000000, -1.000000000000000000 ) ) ;
#2094 = DIRECTION ( 'NONE',  ( -0.000000000000000000, -0.000000000000000000, 1.000000000000000000 ) ) ;
#2095 = AXIS2_PLACEMENT_3D ( 'NONE', #2543, #1477, #59 ) ;
#2096 = ADVANCED_FACE ( 'NONE', ( #2428 ), #1405, .F. ) ;
#2097 = CIRCLE ( 'NONE', #2402, 24.99999999999954881 ) ;
#2098 = PLANE ( 'NONE',  #631 ) ;
#2099 = ORIENTED_EDGE ( 'NONE', *, *, #2298, .T. ) ;
#2100 = VECTOR ( 'NONE', #1410, 1000.000000000000000 ) ;
#2101 = CARTESIAN_POINT ( 'NONE',  ( 141.2571426749364036, -24.96873044429634092, -118.3012701892221941 ) ) ;
#2102 = VECTOR ( 'NONE', #1902, 1000.000000000000000 ) ;
#2103 = CARTESIAN_POINT ( 'NONE',  ( 0.000000000000000000, 138.7571426749364036, -75.00000000000000000 ) ) ;
#2104 = ORIENTED_EDGE ( 'NONE', *, *, #1651, .T. ) ;
#2105 = AXIS2_PLACEMENT_3D ( 'NONE', #1226, #1029, #427 ) ;
#2106 = CIRCLE ( 'NONE', #465, 49.98437255783051825 ) ;
#2107 = AXIS2_PLACEMENT_3D ( 'NONE', #2684, #2253, #2058 ) ;
#2108 = CARTESIAN_POINT ( 'NONE',  ( 140.0071426749364036, 9.432096092759043820E-13, -75.00000000000000000 ) ) ;
#2109 = CIRCLE ( 'NONE', #1337, 24.99999999999999289 ) ;
#2110 = EDGE_LOOP ( 'NONE', ( #29, #1901, #958, #300 ) ) ;
#2111 = CARTESIAN_POINT ( 'NONE',  ( 140.0071426749354657, 140.0071426749373700, -75.00000000000000000 ) ) ;
#2112 = ADVANCED_FACE ( 'NONE', ( #129 ), #541, .F. ) ;
#2113 = LINE ( 'NONE', #891, #772 ) ;
#2114 = DIRECTION ( 'NONE',  ( -0.000000000000000000, -0.000000000000000000, 1.000000000000000000 ) ) ;
#2115 = EDGE_CURVE ( 'NONE', #2230, #542, #422, .T. ) ;
#2116 = EDGE_LOOP ( 'NONE', ( #169, #1348, #2427, #515 ) ) ;
#2117 = PLANE ( 'NONE',  #2449 ) ;
#2118 = CYLINDRICAL_SURFACE ( 'NONE', #982, 24.99999999999977973 ) ;
#2119 = VERTEX_POINT ( 'NONE', #1278 ) ;
#2120 = VERTEX_POINT ( 'NONE', #1431 ) ;
#2121 = DIRECTION ( 'NONE',  ( 0.000000000000000000, -0.000000000000000000, 1.000000000000000000 ) ) ;
#2122 = VERTEX_POINT ( 'NONE', #211 ) ;
#2123 = DIRECTION ( 'NONE',  ( 0.000000000000000000, 1.000000000000000000, 0.000000000000000000 ) ) ;
#2124 = DIRECTION ( 'NONE',  ( 1.000000000000000000, 0.000000000000000000, 0.000000000000000000 ) ) ;
#2125 = EDGE_CURVE ( 'NONE', #252, #1945, #770, .T. ) ;
#2126 = LINE ( 'NONE', #445, #102 ) ;
#2127 = VERTEX_POINT ( 'NONE', #632 ) ;
#2128 = DIRECTION ( 'NONE',  ( 1.000000000000000000, 0.000000000000000000, 0.000000000000000000 ) ) ;
#2129 = EDGE_CURVE ( 'NONE', #1263, #311, #160, .T. ) ;
#2130 = FACE_OUTER_BOUND ( 'NONE', #43, .T. ) ;
#2131 = ORIENTED_EDGE ( 'NONE', *, *, #138, .F. ) ;
#2132 = ORIENTED_EDGE ( 'NONE', *, *, #2069, .F. ) ;
#2133 = LINE ( 'NONE', #1716, #1381 ) ;
#2134 = ORIENTED_EDGE ( 'NONE', *, *, #492, .F. ) ;
#2135 = CARTESIAN_POINT ( 'NONE',  ( 140.0071426749364036, 9.432096092759043820E-13, -118.3012701892221941 ) ) ;
#2136 = AXIS2_PLACEMENT_3D ( 'NONE', #1573, #2586, #2394 ) ;
#2137 = LINE ( 'NONE', #1165, #2275 ) ;
#2138 = ORIENTED_EDGE ( 'NONE', *, *, #1437, .F. ) ;
#2139 = CARTESIAN_POINT ( 'NONE',  ( 0.000000000000000000, 0.000000000000000000, 0.000000000000000000 ) ) ;
#2140 = DIRECTION ( 'NONE',  ( 1.000000000000000000, 0.000000000000000000, 0.000000000000000000 ) ) ;
#2141 = AXIS2_PLACEMENT_3D ( 'NONE', #1262, #217, #1707 ) ;
#2142 = EDGE_CURVE ( 'NONE', #73, #2568, #2078, .T. ) ;
#2143 = ORIENTED_EDGE ( 'NONE', *, *, #2395, .F. ) ;
#2144 = VERTEX_POINT ( 'NONE', #1031 ) ;
#2145 = CIRCLE ( 'NONE', #1759, 24.99999999999954881 ) ;
#2146 = DIRECTION ( 'NONE',  ( 0.000000000000000000, -0.000000000000000000, 1.000000000000000000 ) ) ;
#2147 = EDGE_CURVE ( 'NONE', #1473, #883, #1806, .T. ) ;
#2148 = CLOSED_SHELL ( 'NONE', ( #272, #2096, #2493, #106, #1322 ) ) ;
#2149 = AXIS2_PLACEMENT_3D ( 'NONE', #559, #2013, #352 ) ;
#2150 = VERTEX_POINT ( 'NONE', #220 ) ;
#2151 = AXIS2_PLACEMENT_3D ( 'NONE', #2319, #467, #1709 ) ;
#2152 = VECTOR ( 'NONE', #28, 1000.000000000000000 ) ;
#2153 = DIRECTION ( 'NONE',  ( 0.000000000000000000, -1.776356839400250859E-15, -1.000000000000000000 ) ) ;
#2154 = CIRCLE ( 'NONE', #1891, 50.00000000000000711 ) ;
#2155 = CARTESIAN_POINT ( 'NONE',  ( 140.0071426749364036, 1.250000000000943245, -75.00000000000000000 ) ) ;
#2156 = LINE ( 'NONE', #747, #2527 ) ;
#2157 = EDGE_LOOP ( 'NONE', ( #1859, #103, #2295, #2374 ) ) ;
#2158 = DIRECTION ( 'NONE',  ( -1.776356839400250859E-15, 0.000000000000000000, -1.000000000000000000 ) ) ;
#2159 = CARTESIAN_POINT ( 'NONE',  ( 140.0071426749354657, 140.0071426749373700, -75.00000000000000000 ) ) ;
#2160 = ORIENTED_EDGE ( 'NONE', *, *, #948, .T. ) ;
#2161 = ORIENTED_EDGE ( 'NONE', *, *, #565, .F. ) ;
#2162 = EDGE_CURVE ( 'NONE', #94, #259, #2504, .T. ) ;
#2163 = CARTESIAN_POINT ( 'NONE',  ( 140.0071426749364036, 1.250000000000943245, -75.00000000000000000 ) ) ;
#2164 = VERTEX_POINT ( 'NONE', #1637 ) ;
#2165 = ADVANCED_FACE ( 'NONE', ( #1689 ), #2050, .T. ) ;
#2166 = FACE_OUTER_BOUND ( 'NONE', #712, .T. ) ;
#2167 = CARTESIAN_POINT ( 'NONE',  ( 24.96873044429750266, -1.250000000000000000, -75.00000000000000000 ) ) ;
#2168 = CARTESIAN_POINT ( 'NONE',  ( 0.000000000000000000, 0.000000000000000000, 0.000000000000000000 ) ) ;
#2169 = ORIENTED_EDGE ( 'NONE', *, *, #2657, .T. ) ;
#2170 = CARTESIAN_POINT ( 'NONE',  ( -60.00000000000000000, -60.00000000000000000, -442.7056274847727764 ) ) ;
#2171 = SPHERICAL_SURFACE ( 'NONE', #206, 55.00000000000000711 ) ;
#2172 = EDGE_LOOP ( 'NONE', ( #2490, #472, #841 ) ) ;
#2173 = DIRECTION ( 'NONE',  ( 1.000000000000000000, 0.000000000000000000, 0.000000000000000000 ) ) ;
#2174 = CARTESIAN_POINT ( 'NONE',  ( 0.000000000000000000, 0.000000000000000000, -118.3012701892221941 ) ) ;
#2175 = ORIENTED_EDGE ( 'NONE', *, *, #1392, .F. ) ;
#2176 = ORIENTED_CLOSED_SHELL ( 'NONE', *, #2148, .F. );
#2177 = SPHERICAL_SURFACE ( 'NONE', #20, 50.00000000000000711 ) ;
#2178 =( NAMED_UNIT ( * ) SI_UNIT ( $, .STERADIAN. ) SOLID_ANGLE_UNIT ( ) );
#2179 = ADVANCED_FACE ( 'NONE', ( #12 ), #1899, .F. ) ;
#2180 = CARTESIAN_POINT ( 'NONE',  ( 141.2571426749354657, 189.9915152327678811, -75.00000000000000000 ) ) ;
#2181 = DIRECTION ( 'NONE',  ( -1.000000000000000000, 0.000000000000000000, -0.000000000000000000 ) ) ;
#2182 = ADVANCED_FACE ( 'NONE', ( #1243 ), #2454, .T. ) ;
#2183 = ORIENTED_EDGE ( 'NONE', *, *, #2142, .T. ) ;
#2184 = DIRECTION ( 'NONE',  ( 0.000000000000000000, -0.000000000000000000, 1.000000000000000000 ) ) ;
#2185 = CARTESIAN_POINT ( 'NONE',  ( 140.0071426749354657, 140.0071426749373700, -75.00000000000000000 ) ) ;
#2186 = ORIENTED_EDGE ( 'NONE', *, *, #710, .T. ) ;
#2187 = CARTESIAN_POINT ( 'NONE',  ( 140.0071426749354657, 140.0071426749373700, -75.00000000000000000 ) ) ;
#2188 = AXIS2_PLACEMENT_3D ( 'NONE', #893, #2316, #1868 ) ;
#2189 = CARTESIAN_POINT ( 'NONE',  ( 164.9758731192339098, -1.249999999999056755, -75.00000000000000000 ) ) ;
#2190 = ORIENTED_EDGE ( 'NONE', *, *, #881, .F. ) ;
#2191 = VECTOR ( 'NONE', #2222, 1000.000000000000000 ) ;
#2192 = DIRECTION ( 'NONE',  ( 1.000000000000000000, 0.000000000000000000, 0.000000000000000000 ) ) ;
#2193 = VECTOR ( 'NONE', #42, 1000.000000000000000 ) ;
#2194 = CARTESIAN_POINT ( 'NONE',  ( 0.000000000000000000, 1.250000000000000000, -75.00000000000000000 ) ) ;
#2195 = LINE ( 'NONE', #943, #1751 ) ;
#2196 = CLOSED_SHELL ( 'NONE', ( #50, #4, #1748, #2328, #2412 ) ) ;
#2197 = CIRCLE ( 'NONE', #1022, 55.00000000000000711 ) ;
#2198 = EDGE_CURVE ( 'NONE', #2337, #1782, #402, .T. ) ;
#2199 = LINE ( 'NONE', #506, #1239 ) ;
#2200 = AXIS2_PLACEMENT_3D ( 'NONE', #2139, #271, #1276 ) ;
#2201 = VECTOR ( 'NONE', #2087, 1000.000000000000000 ) ;
#2202 = ORIENTED_EDGE ( 'NONE', *, *, #728, .F. ) ;
#2203 = CARTESIAN_POINT ( 'NONE',  ( 25.00000000000000000, 140.0071426749373700, 0.000000000000000000 ) ) ;
#2204 = ADVANCED_FACE ( 'NONE', ( #1848 ), #1661, .F. ) ;
#2205 = ORIENTED_EDGE ( 'NONE', *, *, #2362, .F. ) ;
#2206 = ORIENTED_EDGE ( 'NONE', *, *, #1590, .T. ) ;
#2207 = DIRECTION ( 'NONE',  ( -1.776356839400250859E-15, 0.000000000000000000, -1.000000000000000000 ) ) ;
#2208 = ORIENTED_EDGE ( 'NONE', *, *, #859, .T. ) ;
#2209 = CARTESIAN_POINT ( 'NONE',  ( 0.000000000000000000, 140.0071426749364036, -75.00000000000000000 ) ) ;
#2210 = FACE_OUTER_BOUND ( 'NONE', #426, .T. ) ;
#2211 = DIRECTION ( 'NONE',  ( 0.000000000000000000, -0.000000000000000000, 1.000000000000000000 ) ) ;
#2212 = EDGE_LOOP ( 'NONE', ( #1639, #1772, #1900, #440, #867, #2001, #1756, #305 ) ) ;
#2213 = DIRECTION ( 'NONE',  ( 0.000000000000000000, -0.000000000000000000, 1.000000000000000000 ) ) ;
#2214 = ORIENTED_CLOSED_SHELL ( 'NONE', *, #1458, .F. );
#2215 = EDGE_LOOP ( 'NONE', ( #2044, #2467, #2190, #715 ) ) ;
#2216 = SPHERICAL_SURFACE ( 'NONE', #847, 55.00000000000000711 ) ;
#2217 = ADVANCED_FACE ( 'NONE', ( #1227 ), #1041, .T. ) ;
#2218 = DIRECTION ( 'NONE',  ( -1.000000000000000000, 0.000000000000000000, -0.000000000000000000 ) ) ;
#2219 = ORIENTED_EDGE ( 'NONE', *, *, #2142, .F. ) ;
#2220 = EDGE_CURVE ( 'NONE', #1725, #1469, #448, .T. ) ;
#2221 = DIRECTION ( 'NONE',  ( -0.000000000000000000, 1.000000000000000000, -0.000000000000000000 ) ) ;
#2222 = DIRECTION ( 'NONE',  ( -0.000000000000000000, -0.000000000000000000, 1.000000000000000000 ) ) ;
#2223 = EDGE_LOOP ( 'NONE', ( #145, #209, #1965, #1396 ) ) ;
#2224 = DIRECTION ( 'NONE',  ( 1.000000000000000000, -0.000000000000000000, 0.000000000000000000 ) ) ;
#2225 = DIRECTION ( 'NONE',  ( -0.000000000000000000, -1.000000000000000000, -0.000000000000000000 ) ) ;
#2226 = ORIENTED_EDGE ( 'NONE', *, *, #241, .T. ) ;
#2227 = CARTESIAN_POINT ( 'NONE',  ( 0.000000000000000000, 0.000000000000000000, -75.00000000000000000 ) ) ;
#2228 = EDGE_CURVE ( 'NONE', #1457, #1056, #2478, .T. ) ;
#2229 = DIRECTION ( 'NONE',  ( -0.000000000000000000, -0.000000000000000000, 1.000000000000000000 ) ) ;
#2230 = VERTEX_POINT ( 'NONE', #1472 ) ;
#2231 = EDGE_CURVE ( 'NONE', #1614, #911, #2297, .T. ) ;
#2232 = CARTESIAN_POINT ( 'NONE',  ( 140.0071426749354657, 141.2571426749373700, -286.7359794649931928 ) ) ;
#2233 = VECTOR ( 'NONE', #598, 1000.000000000000000 ) ;
#2234 = CARTESIAN_POINT ( 'NONE',  ( -24.96873044429750266, 1.250000000000000000, 0.000000000000000000 ) ) ;
#2235 = FACE_OUTER_BOUND ( 'NONE', #805, .T. ) ;
#2236 = CLOSED_SHELL ( 'NONE', ( #596, #931, #236, #1068, #1964 ) ) ;
#2237 = ORIENTED_EDGE ( 'NONE', *, *, #1603, .F. ) ;
#2238 = VECTOR ( 'NONE', #753, 1000.000000000000000 ) ;
#2239 = CARTESIAN_POINT ( 'NONE',  ( 0.000000000000000000, 140.0071426749364036, -75.00000000000000000 ) ) ;
#2240 = AXIS2_PLACEMENT_3D ( 'NONE', #946, #135, #1362 ) ;
#2241 = AXIS2_PLACEMENT_3D ( 'NONE', #1492, #1338, #1112 ) ;
#2242 = DIRECTION ( 'NONE',  ( -0.000000000000000000, -0.000000000000000000, 1.000000000000000000 ) ) ;
#2243 = VERTEX_POINT ( 'NONE', #1522 ) ;
#2244 = CARTESIAN_POINT ( 'NONE',  ( 140.0071426749370289, 25.00000000000072475, 0.000000000000000000 ) ) ;
#2245 = CARTESIAN_POINT ( 'NONE',  ( -60.00000000000000000, 200.0071426749373416, 0.000000000000000000 ) ) ;
#2246 = VERTEX_POINT ( 'NONE', #2335 ) ;
#2247 = ADVANCED_FACE ( 'NONE', ( #2130 ), #512, .T. ) ;
#2248 = DIRECTION ( 'NONE',  ( -1.000000000000000000, 0.000000000000000000, 0.000000000000000000 ) ) ;
#2249 = ADVANCED_FACE ( 'NONE', ( #480 ), #667, .F. ) ;
#2250 = CARTESIAN_POINT ( 'NONE',  ( 1.250000000000004663, 140.0071426749364036, -240.4646326056195562 ) ) ;
#2251 = DIRECTION ( 'NONE',  ( 0.000000000000000000, -1.000000000000000000, 0.000000000000000000 ) ) ;
#2252 = ORIENTED_EDGE ( 'NONE', *, *, #2069, .T. ) ;
#2253 = DIRECTION ( 'NONE',  ( -0.000000000000000000, -0.000000000000000000, 1.000000000000000000 ) ) ;
#2254 = DIRECTION ( 'NONE',  ( -0.000000000000000000, -0.000000000000000000, 1.000000000000000000 ) ) ;
#2255 = EDGE_LOOP ( 'NONE', ( #1279, #1621, #922, #1444 ) ) ;
#2256 = FACE_OUTER_BOUND ( 'NONE', #1969, .T. ) ;
#2257 = DIRECTION ( 'NONE',  ( 1.000000000000000000, 0.000000000000000000, 0.000000000000000000 ) ) ;
#2258 = VERTEX_POINT ( 'NONE', #2516 ) ;
#2259 = CARTESIAN_POINT ( 'NONE',  ( 138.7571426749364036, -24.96873044429634092, -118.3012701892221941 ) ) ;
#2260 = DIRECTION ( 'NONE',  ( 0.000000000000000000, 1.000000000000000000, -0.000000000000000000 ) ) ;
#2261 = ADVANCED_FACE ( 'NONE', ( #1753 ), #273, .F. ) ;
#2262 = DIRECTION ( 'NONE',  ( -0.000000000000000000, -0.000000000000000000, 1.000000000000000000 ) ) ;
#2263 = EDGE_LOOP ( 'NONE', ( #221, #1750, #993, #2378 ) ) ;
#2264 = DIRECTION ( 'NONE',  ( 0.000000000000000000, 1.000000000000000000, -0.000000000000000000 ) ) ;
#2265 = CARTESIAN_POINT ( 'NONE',  ( 200.0071426749373416, -60.00000000000000000, -442.7056274847727764 ) ) ;
#2266 = ADVANCED_FACE ( 'NONE', ( #698 ), #1968, .F. ) ;
#2267 = VERTEX_POINT ( 'NONE', #898 ) ;
#2268 = CARTESIAN_POINT ( 'NONE',  ( 3.367778697655222096E-15, 0.000000000000000000, -130.0000000000000000 ) ) ;
#2269 = CARTESIAN_POINT ( 'NONE',  ( 1.250000000000004663, 0.000000000000000000, -75.00000000000000000 ) ) ;
#2270 = ORIENTED_EDGE ( 'NONE', *, *, #1719, .T. ) ;
#2271 = VECTOR ( 'NONE', #2225, 1000.000000000000000 ) ;
#2272 = FACE_OUTER_BOUND ( 'NONE', #1933, .T. ) ;
#2273 = CIRCLE ( 'NONE', #1053, 49.98437255783051825 ) ;
#2274 = DIRECTION ( 'NONE',  ( 1.000000000000000000, -0.000000000000000000, 0.000000000000000000 ) ) ;
#2275 = VECTOR ( 'NONE', #2343, 1000.000000000000000 ) ;
#2276 = DIRECTION ( 'NONE',  ( 0.000000000000000000, 1.000000000000000000, -0.000000000000000000 ) ) ;
#2277 = VERTEX_POINT ( 'NONE', #1296 ) ;
#2278 = DIRECTION ( 'NONE',  ( 1.000000000000000000, 0.000000000000000000, 0.000000000000000000 ) ) ;
#2279 = ADVANCED_FACE ( 'NONE', ( #92 ), #307, .F. ) ;
#2280 = DIRECTION ( 'NONE',  ( -0.000000000000000000, -0.000000000000000000, 1.000000000000000000 ) ) ;
#2281 = AXIS2_PLACEMENT_3D ( 'NONE', #197, #1680, #2091 ) ;
#2282 = ORIENTED_EDGE ( 'NONE', *, *, #916, .T. ) ;
#2283 = FACE_OUTER_BOUND ( 'NONE', #2496, .T. ) ;
#2284 = ADVANCED_FACE ( 'NONE', ( #65 ), #2118, .T. ) ;
#2285 = AXIS2_PLACEMENT_3D ( 'NONE', #2642, #1657, #2448 ) ;
#2286 = AXIS2_PLACEMENT_3D ( 'NONE', #830, #1443, #1054 ) ;
#2287 = CARTESIAN_POINT ( 'NONE',  ( 140.0071426749354657, 140.0071426749373700, -75.00000000000000000 ) ) ;
#2288 = VECTOR ( 'NONE', #648, 1000.000000000000000 ) ;
#2289 = ORIENTED_EDGE ( 'NONE', *, *, #2080, .F. ) ;
#2290 = CARTESIAN_POINT ( 'NONE',  ( 1.249999999999993561, 24.96873044429728594, -118.3012701892221941 ) ) ;
#2291 = DIRECTION ( 'NONE',  ( -0.000000000000000000, 1.000000000000000000, 0.000000000000000000 ) ) ;
#2292 = CARTESIAN_POINT ( 'NONE',  ( 24.96873044429750266, 141.2571426749364036, 0.000000000000000000 ) ) ;
#2293 = DIRECTION ( 'NONE',  ( 1.000000000000000000, 0.000000000000000000, 0.000000000000000000 ) ) ;
#2294 = ORIENTED_CLOSED_SHELL ( 'NONE', *, #1154, .F. );
#2295 = ORIENTED_EDGE ( 'NONE', *, *, #382, .T. ) ;
#2296 = CARTESIAN_POINT ( 'NONE',  ( 141.2571426749354657, 140.0071426749373700, -75.00000000000000000 ) ) ;
#2297 = LINE ( 'NONE', #439, #2201 ) ;
#2298 = EDGE_CURVE ( 'NONE', #2119, #688, #1766, .T. ) ;
#2299 = VERTEX_POINT ( 'NONE', #1552 ) ;
#2300 = FACE_OUTER_BOUND ( 'NONE', #1416, .T. ) ;
#2301 = ADVANCED_FACE ( 'NONE', ( #2533 ), #2321, .F. ) ;
#2302 = CARTESIAN_POINT ( 'NONE',  ( 1.250000000000004219, 164.9758731192339098, -75.00000000000000000 ) ) ;
#2303 = CARTESIAN_POINT ( 'NONE',  ( -1.249999999999995559, 115.0384122306391248, -118.3012701892221941 ) ) ;
#2304 = CARTESIAN_POINT ( 'NONE',  ( 0.000000000000000000, 0.000000000000000000, -75.00000000000000000 ) ) ;
#2305 = VERTEX_POINT ( 'NONE', #2572 ) ;
#2306 = DIRECTION ( 'NONE',  ( -0.000000000000000000, 1.000000000000000000, -0.000000000000000000 ) ) ;
#2307 = DIRECTION ( 'NONE',  ( 1.348059181698181549E-14, -1.000000000000000000, 0.000000000000000000 ) ) ;
#2308 = ORIENTED_EDGE ( 'NONE', *, *, #177, .T. ) ;
#2309 = ORIENTED_EDGE ( 'NONE', *, *, #2362, .T. ) ;
#2310 = ADVANCED_FACE ( 'NONE', ( #1943 ), #1910, .T. ) ;
#2311 = CARTESIAN_POINT ( 'NONE',  ( -1.249999999999995559, -49.98437255783052535, -75.00000000000000000 ) ) ;
#2312 = VECTOR ( 'NONE', #1358, 1000.000000000000000 ) ;
#2313 = ADVANCED_FACE ( 'NONE', ( #725 ), #2171, .T. ) ;
#2314 = DIRECTION ( 'NONE',  ( 1.000000000000000000, 0.000000000000000000, 0.000000000000000000 ) ) ;
#2315 = CARTESIAN_POINT ( 'NONE',  ( 0.000000000000000000, 0.000000000000000000, -75.00000000000000000 ) ) ;
#2316 = DIRECTION ( 'NONE',  ( -0.000000000000000000, -0.000000000000000000, 1.000000000000000000 ) ) ;
#2317 = ORIENTED_EDGE ( 'NONE', *, *, #2657, .F. ) ;
#2318 = AXIS2_PLACEMENT_3D ( 'NONE', #183, #2421, #1398 ) ;
#2319 = CARTESIAN_POINT ( 'NONE',  ( 50.00000000000000711, 0.000000000000000000, -75.00000000000000000 ) ) ;
#2320 = AXIS2_PLACEMENT_3D ( 'NONE', #983, #1641, #773 ) ;
#2321 = PLANE ( 'NONE',  #468 ) ;
#2322 = VERTEX_POINT ( 'NONE', #1350 ) ;
#2323 = ORIENTED_EDGE ( 'NONE', *, *, #1452, .T. ) ;
#2324 = CIRCLE ( 'NONE', #1763, 24.99999999999977973 ) ;
#2325 = VECTOR ( 'NONE', #78, 1000.000000000000000 ) ;
#2326 = FACE_OUTER_BOUND ( 'NONE', #1180, .T. ) ;
#2327 = ORIENTED_EDGE ( 'NONE', *, *, #2576, .F. ) ;
#2328 = ADVANCED_FACE ( 'NONE', ( #882 ), #49, .F. ) ;
#2329 = SPHERICAL_SURFACE ( 'NONE', #2621, 55.00000000000000711 ) ;
#2330 = DIRECTION ( 'NONE',  ( 0.000000000000000000, 0.000000000000000000, -1.000000000000000000 ) ) ;
#2331 = EDGE_CURVE ( 'NONE', #259, #1523, #601, .T. ) ;
#2332 = CARTESIAN_POINT ( 'NONE',  ( 0.000000000000000000, 140.0071426749364036, 0.000000000000000000 ) ) ;
#2333 = ORIENTED_EDGE ( 'NONE', *, *, #787, .T. ) ;
#2334 = CARTESIAN_POINT ( 'NONE',  ( -49.98437255783052535, -1.250000000000000000, -75.00000000000000000 ) ) ;
#2335 = CARTESIAN_POINT ( 'NONE',  ( 24.96873044429750266, 1.250000000000000000, -75.00000000000000000 ) ) ;
#2336 = ORIENTED_EDGE ( 'NONE', *, *, #457, .F. ) ;
#2337 = VERTEX_POINT ( 'NONE', #1363 ) ;
#2338 = CARTESIAN_POINT ( 'NONE',  ( 0.000000000000000000, 140.0071426749373700, -442.7056274847727764 ) ) ;
#2339 = VERTEX_POINT ( 'NONE', #1655 ) ;
#2340 = CARTESIAN_POINT ( 'NONE',  ( 0.000000000000000000, 141.2571426749364036, -75.00000000000000000 ) ) ;
#2341 = DIRECTION ( 'NONE',  ( 1.000000000000000000, 0.000000000000000000, 0.000000000000000000 ) ) ;
#2342 = EDGE_CURVE ( 'NONE', #455, #1151, #1549, .T. ) ;
#2343 = DIRECTION ( 'NONE',  ( -0.000000000000000000, -0.000000000000000000, 1.000000000000000000 ) ) ;
#2344 = VERTEX_POINT ( 'NONE', #795 ) ;
#2345 = DIRECTION ( 'NONE',  ( 1.000000000000000000, 0.000000000000000000, 0.000000000000000000 ) ) ;
#2346 = DIRECTION ( 'NONE',  ( 0.000000000000000000, -0.000000000000000000, -1.000000000000000000 ) ) ;
#2347 = ORIENTED_EDGE ( 'NONE', *, *, #208, .T. ) ;
#2348 = DIRECTION ( 'NONE',  ( 0.000000000000000000, 1.000000000000000000, 0.000000000000000000 ) ) ;
#2349 = ORIENTED_EDGE ( 'NONE', *, *, #1149, .F. ) ;
#2350 = CARTESIAN_POINT ( 'NONE',  ( 0.000000000000000000, 138.7571426749364036, -240.4646326056195562 ) ) ;
#2351 = DIRECTION ( 'NONE',  ( 0.000000000000000000, 0.000000000000000000, 1.000000000000000000 ) ) ;
#2352 = CIRCLE ( 'NONE', #1274, 55.00000000000000711 ) ;
#2353 = DIRECTION ( 'NONE',  ( 1.000000000000000000, 0.000000000000000000, 0.000000000000000000 ) ) ;
#2354 = DIRECTION ( 'NONE',  ( 1.000000000000000000, -0.000000000000000000, 0.000000000000000000 ) ) ;
#2355 = AXIS2_PLACEMENT_3D ( 'NONE', #2084, #839, #680 ) ;
#2356 = VERTEX_POINT ( 'NONE', #1781 ) ;
#2357 = CIRCLE ( 'NONE', #454, 55.00000000000000711 ) ;
#2358 = DIRECTION ( 'NONE',  ( 0.000000000000000000, -0.000000000000000000, -1.000000000000000000 ) ) ;
#2359 = ADVANCED_FACE ( 'NONE', ( #332 ), #1382, .F. ) ;
#2360 = DIRECTION ( 'NONE',  ( -0.000000000000000000, 1.000000000000000000, 0.000000000000000000 ) ) ;
#2361 = ORIENTED_EDGE ( 'NONE', *, *, #187, .T. ) ;
#2362 = EDGE_CURVE ( 'NONE', #51, #1013, #2109, .T. ) ;
#2363 = VECTOR ( 'NONE', #301, 1000.000000000000000 ) ;
#2364 = CARTESIAN_POINT ( 'NONE',  ( 140.0071426749354657, 140.0071426749373700, -75.00000000000000000 ) ) ;
#2365 = VECTOR ( 'NONE', #1870, 1000.000000000000000 ) ;
#2366 = CIRCLE ( 'NONE', #114, 50.00000000000001421 ) ;
#2367 = EDGE_LOOP ( 'NONE', ( #1754, #2270, #478, #950 ) ) ;
#2368 = AXIS2_PLACEMENT_3D ( 'NONE', #123, #146, #356 ) ;
#2369 = CIRCLE ( 'NONE', #162, 24.99999999999977973 ) ;
#2370 = LINE ( 'NONE', #1542, #1195 ) ;
#2371 = DIRECTION ( 'NONE',  ( 1.000000000000000000, 0.000000000000000000, 0.000000000000000000 ) ) ;
#2372 = LINE ( 'NONE', #1963, #365 ) ;
#2373 = DIRECTION ( 'NONE',  ( -0.000000000000000000, -0.000000000000000000, 1.000000000000000000 ) ) ;
#2374 = ORIENTED_EDGE ( 'NONE', *, *, #1843, .F. ) ;
#2375 = FACE_OUTER_BOUND ( 'NONE', #634, .T. ) ;
#2376 = APPLICATION_CONTEXT ( 'automotive_design' ) ;
#2377 = DIRECTION ( 'NONE',  ( 1.000000000000000000, 0.000000000000000000, 0.000000000000000000 ) ) ;
#2378 = ORIENTED_EDGE ( 'NONE', *, *, #1948, .F. ) ;
#2379 = ORIENTED_EDGE ( 'NONE', *, *, #1256, .T. ) ;
#2380 = ADVANCED_FACE ( 'NONE', ( #2235 ), #1770, .T. ) ;
#2381 = PLANE ( 'NONE',  #933 ) ;
#2382 = ORIENTED_EDGE ( 'NONE', *, *, #859, .F. ) ;
#2383 = EDGE_CURVE ( 'NONE', #1473, #1297, #407, .T. ) ;
#2384 = DIRECTION ( 'NONE',  ( 1.000000000000000000, 0.000000000000000000, 0.000000000000000000 ) ) ;
#2385 = EDGE_LOOP ( 'NONE', ( #1550, #2075, #263, #569 ) ) ;
#2386 = DIRECTION ( 'NONE',  ( 0.000000000000000000, -8.881784197001268101E-16, -1.000000000000000000 ) ) ;
#2387 = CARTESIAN_POINT ( 'NONE',  ( 141.2571426749364036, -49.98437255782958033, -75.00000000000000000 ) ) ;
#2388 = ORIENTED_EDGE ( 'NONE', *, *, #519, .T. ) ;
#2389 = SPHERICAL_SURFACE ( 'NONE', #2579, 50.00000000000000711 ) ;
#2390 = CARTESIAN_POINT ( 'NONE',  ( 140.0071426749358068, 115.0071426749375831, -75.00000000000001421 ) ) ;
#2391 = EDGE_LOOP ( 'NONE', ( #1786, #1821, #2686 ) ) ;
#2392 = EDGE_CURVE ( 'NONE', #1151, #41, #2031, .T. ) ;
#2393 = PLANE ( 'NONE',  #929 ) ;
#2394 = DIRECTION ( 'NONE',  ( 0.000000000000000000, 0.000000000000000000, -1.000000000000000000 ) ) ;
#2395 = EDGE_CURVE ( 'NONE', #2455, #163, #420, .T. ) ;
#2396 = DIRECTION ( 'NONE',  ( 1.000000000000000000, 0.000000000000000000, 0.000000000000000000 ) ) ;
#2397 = ORIENTED_EDGE ( 'NONE', *, *, #2392, .T. ) ;
#2398 = DIRECTION ( 'NONE',  ( 1.000000000000000000, 0.000000000000000000, 0.000000000000000000 ) ) ;
#2399 = FACE_OUTER_BOUND ( 'NONE', #748, .T. ) ;
#2400 = ORIENTED_EDGE ( 'NONE', *, *, #2046, .F. ) ;
#2401 = DIRECTION ( 'NONE',  ( 0.000000000000000000, 1.665855198053140877E-15, -1.000000000000000000 ) ) ;
#2402 = AXIS2_PLACEMENT_3D ( 'NONE', #1293, #2114, #258 ) ;
#2403 = LINE ( 'NONE', #2647, #337 ) ;
#2404 = EDGE_LOOP ( 'NONE', ( #2535, #801, #1351 ) ) ;
#2405 = CIRCLE ( 'NONE', #17, 24.99999999999977973 ) ;
#2406 = LINE ( 'NONE', #1397, #2489 ) ;
#2407 = AXIS2_PLACEMENT_3D ( 'NONE', #2028, #2221, #2002 ) ;
#2408 = DIRECTION ( 'NONE',  ( 1.000000000000000000, 0.000000000000000000, 0.000000000000000000 ) ) ;
#2409 = CLOSED_SHELL ( 'NONE', ( #1877, #1516, #1769, #128, #86, #1082, #671, #431, #2472, #2284, #1653, #1736, #393, #2313, #2380, #2359, #2503, #461, #741, #1928, #441, #531, #357, #1874, #89, #1553, #347, #1355, #707, #8, #790, #1303, #1619, #124, #1480, #1268, #759, #2112 ) ) ;
#2410 = VECTOR ( 'NONE', #1832, 1000.000000000000000 ) ;
#2411 = CARTESIAN_POINT ( 'NONE',  ( 0.000000000000000000, 141.2571426749364036, -75.00000000000000000 ) ) ;
#2412 = ADVANCED_FACE ( 'NONE', ( #384 ), #173, .F. ) ;
#2413 = AXIS2_PLACEMENT_3D ( 'NONE', #1436, #997, #812 ) ;
#2414 = ORIENTED_EDGE ( 'NONE', *, *, #312, .F. ) ;
#2415 = CARTESIAN_POINT ( 'NONE',  ( 140.0071426749373700, 0.000000000000000000, -442.7056274847727764 ) ) ;
#2416 = ORIENTED_EDGE ( 'NONE', *, *, #1636, .F. ) ;
#2417 = CYLINDRICAL_SURFACE ( 'NONE', #1591, 24.99999999999977973 ) ;
#2418 = DIRECTION ( 'NONE',  ( 0.000000000000000000, 0.000000000000000000, -1.000000000000000000 ) ) ;
#2419 = VERTEX_POINT ( 'NONE', #2387 ) ;
#2420 = CARTESIAN_POINT ( 'NONE',  ( 1.250000000000004663, 0.000000000000000000, -165.1474486605139589 ) ) ;
#2421 = DIRECTION ( 'NONE',  ( -0.000000000000000000, -0.000000000000000000, 1.000000000000000000 ) ) ;
#2422 = VERTEX_POINT ( 'NONE', #1231 ) ;
#2423 = LINE ( 'NONE', #722, #1065 ) ;
#2424 = EDGE_CURVE ( 'NONE', #1297, #2150, #2025, .T. ) ;
#2425 = CARTESIAN_POINT ( 'NONE',  ( 200.0071426749373416, -60.00000000000000000, 0.000000000000000000 ) ) ;
#2426 = ORIENTED_EDGE ( 'NONE', *, *, #1533, .T. ) ;
#2427 = ORIENTED_EDGE ( 'NONE', *, *, #984, .T. ) ;
#2428 = FACE_OUTER_BOUND ( 'NONE', #941, .T. ) ;
#2429 = ORIENTED_EDGE ( 'NONE', *, *, #1909, .F. ) ;
#2430 = DIRECTION ( 'NONE',  ( 0.000000000000000000, 0.000000000000000000, -1.000000000000000000 ) ) ;
#2431 = DIRECTION ( 'NONE',  ( -0.000000000000000000, -0.000000000000000000, 1.000000000000000000 ) ) ;
#2432 = ORIENTED_EDGE ( 'NONE', *, *, #904, .T. ) ;
#2433 = CARTESIAN_POINT ( 'NONE',  ( 195.0071426749354657, 140.0071426749373700, -75.00000000000000000 ) ) ;
#2434 = LINE ( 'NONE', #587, #2271 ) ;
#2435 = ADVANCED_FACE ( 'NONE', ( #2399 ), #1220, .F. ) ;
#2436 = ORIENTED_EDGE ( 'NONE', *, *, #2220, .F. ) ;
#2437 = CARTESIAN_POINT ( 'NONE',  ( 164.9758731192329719, 141.2571426749373700, -75.00000000000000000 ) ) ;
#2438 = CARTESIAN_POINT ( 'NONE',  ( 138.7571426749364036, -24.96873044429655764, 0.000000000000000000 ) ) ;
#2439 = VECTOR ( 'NONE', #878, 1000.000000000000000 ) ;
#2440 = EDGE_CURVE ( 'NONE', #455, #2587, #685, .T. ) ;
#2441 = ORIENTED_EDGE ( 'NONE', *, *, #578, .T. ) ;
#2442 = CARTESIAN_POINT ( 'NONE',  ( -24.96873044429750266, -1.250000000000000000, 0.000000000000000000 ) ) ;
#2443 = AXIS2_PLACEMENT_3D ( 'NONE', #532, #744, #2248 ) ;
#2444 = FACE_OUTER_BOUND ( 'NONE', #294, .T. ) ;
#2445 = DIRECTION ( 'NONE',  ( 1.000000000000000000, 0.000000000000000000, 0.000000000000000000 ) ) ;
#2446 = CIRCLE ( 'NONE', #1286, 24.99999999999977263 ) ;
#2447 = VERTEX_POINT ( 'NONE', #2056 ) ;
#2448 = DIRECTION ( 'NONE',  ( 0.000000000000000000, -0.000000000000000000, -1.000000000000000000 ) ) ;
#2449 = AXIS2_PLACEMENT_3D ( 'NONE', #25, #1509, #709 ) ;
#2450 = AXIS2_PLACEMENT_3D ( 'NONE', #79, #1535, #908 ) ;
#2451 = DIRECTION ( 'NONE',  ( 1.000000000000000000, 0.000000000000000000, 0.000000000000000000 ) ) ;
#2452 = ORIENTED_EDGE ( 'NONE', *, *, #873, .F. ) ;
#2453 = PLANE ( 'NONE',  #1595 ) ;
#2454 = CYLINDRICAL_SURFACE ( 'NONE', #2672, 24.99999999999977263 ) ;
#2455 = VERTEX_POINT ( 'NONE', #1643 ) ;
#2456 = EDGE_CURVE ( 'NONE', #1263, #2447, #395, .T. ) ;
#2457 = CARTESIAN_POINT ( 'NONE',  ( 0.000000000000000000, -1.250000000000000000, -75.00000000000000000 ) ) ;
#2458 = EDGE_CURVE ( 'NONE', #584, #1386, #2369, .T. ) ;
#2459 = LINE ( 'NONE', #2234, #927 ) ;
#2460 = CARTESIAN_POINT ( 'NONE',  ( 140.0071426749354657, 138.7571426749373700, -75.00000000000000000 ) ) ;
#2461 = ORIENTED_EDGE ( 'NONE', *, *, #1285, .T. ) ;
#2462 = DIRECTION ( 'NONE',  ( 1.000000000000000000, 0.000000000000000000, 0.000000000000000000 ) ) ;
#2463 = DIRECTION ( 'NONE',  ( -1.000000000000000000, 1.224646799147353454E-16, 0.000000000000000000 ) ) ;
#2464 = VERTEX_POINT ( 'NONE', #1024 ) ;
#2465 = DIRECTION ( 'NONE',  ( -0.000000000000000000, -0.000000000000000000, 1.000000000000000000 ) ) ;
#2466 = DIRECTION ( 'NONE',  ( 0.000000000000000000, 1.000000000000000000, -0.000000000000000000 ) ) ;
#2467 = ORIENTED_EDGE ( 'NONE', *, *, #1285, .F. ) ;
#2468 = PLANE ( 'NONE',  #23 ) ;
#2469 = EDGE_CURVE ( 'NONE', #584, #1796, #1855, .T. ) ;
#2470 = CARTESIAN_POINT ( 'NONE',  ( 0.000000000000000000, 140.0071426749364036, -118.3012701892221941 ) ) ;
#2471 = DIRECTION ( 'NONE',  ( 1.000000000000000000, 0.000000000000000000, 0.000000000000000000 ) ) ;
#2472 = ADVANCED_FACE ( 'NONE', ( #1683 ), #444, .F. ) ;
#2473 = ORIENTED_EDGE ( 'NONE', *, *, #1734, .F. ) ;
#2474 = CARTESIAN_POINT ( 'NONE',  ( 140.0071426749354657, 140.0071426749373700, 0.000000000000000000 ) ) ;
#2475 = PLANE ( 'NONE',  #2355 ) ;
#2476 = ORIENTED_EDGE ( 'NONE', *, *, #2639, .F. ) ;
#2477 = CARTESIAN_POINT ( 'NONE',  ( 0.000000000000000000, 140.0071426749364036, -75.00000000000000000 ) ) ;
#2478 = LINE ( 'NONE', #2494, #2288 ) ;
#2479 = ORIENTED_EDGE ( 'NONE', *, *, #1078, .F. ) ;
#2480 = AXIS2_PLACEMENT_3D ( 'NONE', #1223, #1616, #1414 ) ;
#2481 = SPHERICAL_SURFACE ( 'NONE', #64, 50.00000000000000711 ) ;
#2482 = CIRCLE ( 'NONE', #416, 25.00000000000000000 ) ;
#2483 = DIRECTION ( 'NONE',  ( 0.000000000000000000, -0.000000000000000000, 1.000000000000000000 ) ) ;
#2484 = DIRECTION ( 'NONE',  ( 0.000000000000000000, -1.000000000000000000, 0.000000000000000000 ) ) ;
#2485 = VECTOR ( 'NONE', #1654, 1000.000000000000000 ) ;
#2486 = EDGE_CURVE ( 'NONE', #844, #2127, #1980, .T. ) ;
#2487 = DIRECTION ( 'NONE',  ( -0.000000000000000000, 1.000000000000000000, -0.000000000000000000 ) ) ;
#2488 = AXIS2_PLACEMENT_3D ( 'NONE', #802, #2076, #1633 ) ;
#2489 = VECTOR ( 'NONE', #1602, 1000.000000000000000 ) ;
#2490 = ORIENTED_EDGE ( 'NONE', *, *, #694, .F. ) ;
#2491 = DIRECTION ( 'NONE',  ( 1.000000000000000000, 0.000000000000000000, 0.000000000000000000 ) ) ;
#2492 = AXIS2_PLACEMENT_3D ( 'NONE', #2415, #331, #564 ) ;
#2493 = ADVANCED_FACE ( 'NONE', ( #1089 ), #19, .T. ) ;
#2494 = CARTESIAN_POINT ( 'NONE',  ( 0.000000000000000000, 1.250000000000000000, -75.00000000000000000 ) ) ;
#2495 = AXIS2_PLACEMENT_3D ( 'NONE', #1711, #1984, #2471 ) ;
#2496 = EDGE_LOOP ( 'NONE', ( #2237, #1430, #246, #40 ) ) ;
#2497 = DIRECTION ( 'NONE',  ( 1.000000000000000000, 0.000000000000000000, 0.000000000000000000 ) ) ;
#2498 = LINE ( 'NONE', #16, #505 ) ;
#2499 = DIRECTION ( 'NONE',  ( -1.000000000000000000, 0.000000000000000000, -0.000000000000000000 ) ) ;
#2500 = CARTESIAN_POINT ( 'NONE',  ( 85.00714267493546572, 140.0071426749373700, -75.00000000000000000 ) ) ;
#2501 = ORIENTED_EDGE ( 'NONE', *, *, #276, .F. ) ;
#2502 = CARTESIAN_POINT ( 'NONE',  ( 140.0071426749354657, 140.0071426749373700, -75.00000000000000000 ) ) ;
#2503 = ADVANCED_FACE ( 'NONE', ( #1722, #877 ), #1289, .F. ) ;
#2504 = LINE ( 'NONE', #2103, #2152 ) ;
#2505 = EDGE_LOOP ( 'NONE', ( #1101, #2581, #2606, #181 ) ) ;
#2506 = EDGE_LOOP ( 'NONE', ( #1383, #355, #2208 ) ) ;
#2507 = EDGE_CURVE ( 'NONE', #1361, #542, #1046, .T. ) ;
#2508 = FACE_OUTER_BOUND ( 'NONE', #1712, .T. ) ;
#2509 = DIRECTION ( 'NONE',  ( 0.000000000000000000, 1.000000000000000000, -0.000000000000000000 ) ) ;
#2510 = LINE ( 'NONE', #1064, #1463 ) ;
#2511 = UNCERTAINTY_MEASURE_WITH_UNIT (LENGTH_MEASURE( 1.000000000000000082E-05 ), #1347, 'distance_accuracy_value', 'NONE');
#2512 = LINE ( 'NONE', #9, #2439 ) ;
#2513 = ORIENTED_EDGE ( 'NONE', *, *, #609, .T. ) ;
#2514 = DIRECTION ( 'NONE',  ( 0.000000000000000000, -1.000000000000000000, 0.000000000000000000 ) ) ;
#2515 = EDGE_CURVE ( 'NONE', #126, #1494, #1465, .T. ) ;
#2516 = CARTESIAN_POINT ( 'NONE',  ( 0.000000000000000000, 85.00714267493640364, -75.00000000000000000 ) ) ;
#2517 = ORIENTED_EDGE ( 'NONE', *, *, #834, .T. ) ;
#2518 = EDGE_CURVE ( 'NONE', #1578, #1944, #2510, .T. ) ;
#2519 = DIRECTION ( 'NONE',  ( 1.000000000000000000, 0.000000000000000000, 0.000000000000000000 ) ) ;
#2520 = AXIS2_PLACEMENT_3D ( 'NONE', #1222, #2073, #2278 ) ;
#2521 = ORIENTED_EDGE ( 'NONE', *, *, #1094, .F. ) ;
#2522 = AXIS2_PLACEMENT_3D ( 'NONE', #1440, #2254, #2633 ) ;
#2523 = DIRECTION ( 'NONE',  ( 0.000000000000000000, -1.000000000000000000, 0.000000000000000000 ) ) ;
#2524 = DIRECTION ( 'NONE',  ( 1.000000000000000000, 0.000000000000000000, 0.000000000000000000 ) ) ;
#2525 = CIRCLE ( 'NONE', #452, 50.00000000000000711 ) ;
#2526 = AXIS2_PLACEMENT_3D ( 'NONE', #1733, #1132, #1991 ) ;
#2527 = VECTOR ( 'NONE', #1993, 1000.000000000000000 ) ;
#2528 = DIRECTION ( 'NONE',  ( 1.000000000000000000, 2.131628207280300873E-14, 0.000000000000000000 ) ) ;
#2529 = VERTEX_POINT ( 'NONE', #57 ) ;
#2530 = VECTOR ( 'NONE', #383, 1000.000000000000000 ) ;
#2531 = CARTESIAN_POINT ( 'NONE',  ( -24.96873044429749910, 138.7571426749364036, -75.00000000000000000 ) ) ;
#2532 = VECTOR ( 'NONE', #1074, 1000.000000000000000 ) ;
#2533 = FACE_OUTER_BOUND ( 'NONE', #1632, .T. ) ;
#2534 = ORIENTED_EDGE ( 'NONE', *, *, #2661, .F. ) ;
#2535 = ORIENTED_EDGE ( 'NONE', *, *, #561, .F. ) ;
#2536 = AXIS2_PLACEMENT_3D ( 'NONE', #442, #417, #1247 ) ;
#2537 = CARTESIAN_POINT ( 'NONE',  ( -60.00000000000000000, -60.00000000000000000, -75.00000000000001421 ) ) ;
#2538 = AXIS2_PLACEMENT_3D ( 'NONE', #1824, #551, #2651 ) ;
#2539 = ORIENTED_EDGE ( 'NONE', *, *, #2331, .F. ) ;
#2540 = EDGE_CURVE ( 'NONE', #1598, #2062, #2113, .T. ) ;
#2541 = DIRECTION ( 'NONE',  ( 1.000000000000000000, 0.000000000000000000, 0.000000000000000000 ) ) ;
#2542 = CARTESIAN_POINT ( 'NONE',  ( -24.96873044429728594, 1.249999999999988898, -118.3012701892221941 ) ) ;
#2543 = CARTESIAN_POINT ( 'NONE',  ( 140.0071426749364036, 9.432096092759043820E-13, -75.00000000000000000 ) ) ;
#2544 = ORIENTED_EDGE ( 'NONE', *, *, #1219, .F. ) ;
#2545 = DIRECTION ( 'NONE',  ( 0.000000000000000000, 0.000000000000000000, -1.000000000000000000 ) ) ;
#2546 = ORIENTED_EDGE ( 'NONE', *, *, #1699, .T. ) ;
#2547 = ORIENTED_EDGE ( 'NONE', *, *, #1983, .F. ) ;
#2548 = CARTESIAN_POINT ( 'NONE',  ( 164.9758731192339098, 1.250000000000943245, -75.00000000000000000 ) ) ;
#2549 = ORIENTED_EDGE ( 'NONE', *, *, #438, .F. ) ;
#2550 = DIRECTION ( 'NONE',  ( -0.000000000000000000, 1.000000000000000000, -0.000000000000000000 ) ) ;
#2551 = EDGE_CURVE ( 'NONE', #47, #998, #693, .T. ) ;
#2552 = CARTESIAN_POINT ( 'NONE',  ( 140.0071426749362331, 85.00714267493735576, -75.00000000000000000 ) ) ;
#2553 = CARTESIAN_POINT ( 'NONE',  ( 0.000000000000000000, 140.0071426749364036, -75.00000000000000000 ) ) ;
#2554 = SURFACE_SIDE_STYLE ('',( #1735 ) ) ;
#2555 = EDGE_CURVE ( 'NONE', #1177, #1856, #2154, .T. ) ;
#2556 = ORIENTED_EDGE ( 'NONE', *, *, #222, .F. ) ;
#2557 = CARTESIAN_POINT ( 'NONE',  ( 138.7571426749354657, 164.9758731192348762, -75.00000000000000000 ) ) ;
#2558 = ORIENTED_EDGE ( 'NONE', *, *, #1015, .F. ) ;
#2559 = VERTEX_POINT ( 'NONE', #2542 ) ;
#2560 = CARTESIAN_POINT ( 'NONE',  ( 140.0071426749358068, 115.0071426749375831, 0.000000000000000000 ) ) ;
#2561 = ORIENTED_EDGE ( 'NONE', *, *, #492, .T. ) ;
#2562 = FACE_OUTER_BOUND ( 'NONE', #80, .T. ) ;
#2563 = DIRECTION ( 'NONE',  ( 0.000000000000000000, 0.000000000000000000, -1.000000000000000000 ) ) ;
#2564 = PRODUCT_DEFINITION_CONTEXT ( 'detailed design', #2376, 'design' ) ;
#2565 = CIRCLE ( 'NONE', #1049, 50.00000000000000711 ) ;
#2566 = LINE ( 'NONE', #717, #796 ) ;
#2567 = DIRECTION ( 'NONE',  ( 1.000000000000000000, 0.000000000000000000, 0.000000000000000000 ) ) ;
#2568 = VERTEX_POINT ( 'NONE', #486 ) ;
#2569 = AXIS2_PLACEMENT_3D ( 'NONE', #2315, #2094, #1121 ) ;
#2570 = PLANE ( 'NONE',  #2368 ) ;
#2571 = EDGE_CURVE ( 'NONE', #2339, #2344, #1261, .T. ) ;
#2572 = CARTESIAN_POINT ( 'NONE',  ( 141.2571426749354657, 164.9758731192348762, -75.00000000000000000 ) ) ;
#2573 = AXIS2_PLACEMENT_3D ( 'NONE', #1789, #2610, #2567 ) ;
#2574 = ORIENTED_EDGE ( 'NONE', *, *, #428, .T. ) ;
#2575 = VERTEX_POINT ( 'NONE', #2072 ) ;
#2576 = EDGE_CURVE ( 'NONE', #166, #1151, #730, .T. ) ;
#2577 = CIRCLE ( 'NONE', #1975, 24.99999999999977973 ) ;
#2578 = CARTESIAN_POINT ( 'NONE',  ( 140.0071426749364036, -1.249999999999056755, -232.7342928576809982 ) ) ;
#2579 = AXIS2_PLACEMENT_3D ( 'NONE', #2187, #1254, #2086 ) ;
#2580 = AXIS2_PLACEMENT_3D ( 'NONE', #1323, #1513, #483 ) ;
#2581 = ORIENTED_EDGE ( 'NONE', *, *, #2228, .F. ) ;
#2582 = AXIS2_PLACEMENT_3D ( 'NONE', #2170, #1379, #318 ) ;
#2583 = AXIS2_PLACEMENT_3D ( 'NONE', #1083, #1924, #870 ) ;
#2584 = DIRECTION ( 'NONE',  ( -0.000000000000000000, -0.000000000000000000, 1.000000000000000000 ) ) ;
#2585 = DIRECTION ( 'NONE',  ( -0.000000000000000000, -0.000000000000000000, 1.000000000000000000 ) ) ;
#2586 = DIRECTION ( 'NONE',  ( 1.000000000000000000, 0.000000000000000000, 0.000000000000000000 ) ) ;
#2587 = VERTEX_POINT ( 'NONE', #215 ) ;
#2588 = CARTESIAN_POINT ( 'NONE',  ( 0.000000000000000000, -1.250000000000000000, -75.00000000000000000 ) ) ;
#2589 = DIRECTION ( 'NONE',  ( 1.000000000000000000, 0.000000000000000000, 0.000000000000000000 ) ) ;
#2590 = ADVANCED_FACE ( 'NONE', ( #652 ), #1302, .F. ) ;
#2591 = ORIENTED_EDGE ( 'NONE', *, *, #647, .F. ) ;
#2592 = DIRECTION ( 'NONE',  ( 1.000000000000000000, 0.000000000000000000, 0.000000000000000000 ) ) ;
#2593 = DIRECTION ( 'NONE',  ( 1.000000000000000000, 0.000000000000000000, 0.000000000000000000 ) ) ;
#2594 = EDGE_CURVE ( 'NONE', #2356, #436, #2482, .T. ) ;
#2595 = VERTEX_POINT ( 'NONE', #2303 ) ;
#2596 = DIRECTION ( 'NONE',  ( 1.000000000000000000, 0.000000000000000000, 0.000000000000000000 ) ) ;
#2597 = DIRECTION ( 'NONE',  ( -0.000000000000000000, -0.000000000000000000, 1.000000000000000000 ) ) ;
#2598 = DIRECTION ( 'NONE',  ( 1.000000000000000000, 0.000000000000000000, 0.000000000000000000 ) ) ;
#2599 = ORIENTED_EDGE ( 'NONE', *, *, #1094, .T. ) ;
#2600 = DIRECTION ( 'NONE',  ( 1.000000000000000000, 0.000000000000000000, 0.000000000000000000 ) ) ;
#2601 = DIRECTION ( 'NONE',  ( 1.000000000000000000, 0.000000000000000000, 0.000000000000000000 ) ) ;
#2602 = ORIENTED_EDGE ( 'NONE', *, *, #1863, .F. ) ;
#2603 = DIRECTION ( 'NONE',  ( -1.000000000000000000, 0.000000000000000000, -0.000000000000000000 ) ) ;
#2604 = EDGE_CURVE ( 'NONE', #649, #252, #1272, .T. ) ;
#2605 = LINE ( 'NONE', #336, #1462 ) ;
#2606 = ORIENTED_EDGE ( 'NONE', *, *, #22, .F. ) ;
#2607 = EDGE_CURVE ( 'NONE', #1569, #566, #1012, .T. ) ;
#2608 = DIRECTION ( 'NONE',  ( 0.000000000000000000, -0.000000000000000000, -1.000000000000000000 ) ) ;
#2609 = DIRECTION ( 'NONE',  ( -0.000000000000000000, -0.000000000000000000, 1.000000000000000000 ) ) ;
#2610 = DIRECTION ( 'NONE',  ( -0.000000000000000000, -0.000000000000000000, 1.000000000000000000 ) ) ;
#2611 = AXIS2_PLACEMENT_3D ( 'NONE', #2003, #315, #2408 ) ;
#2612 = VERTEX_POINT ( 'NONE', #2167 ) ;
#2613 = DIRECTION ( 'NONE',  ( -0.000000000000000000, -0.000000000000000000, 1.000000000000000000 ) ) ;
#2614 = AXIS2_PLACEMENT_3D ( 'NONE', #1840, #585, #1412 ) ;
#2615 = CIRCLE ( 'NONE', #1971, 49.98437255783051825 ) ;
#2616 = VERTEX_POINT ( 'NONE', #1572 ) ;
#2617 = VECTOR ( 'NONE', #1807, 1000.000000000000000 ) ;
#2618 = EDGE_LOOP ( 'NONE', ( #819, #1140, #2397 ) ) ;
#2619 = DIRECTION ( 'NONE',  ( 1.000000000000000000, -0.000000000000000000, 0.000000000000000000 ) ) ;
#2620 = ORIENTED_EDGE ( 'NONE', *, *, #1570, .T. ) ;
#2621 = AXIS2_PLACEMENT_3D ( 'NONE', #1692, #2291, #1865 ) ;
#2622 = CLOSED_SHELL ( 'NONE', ( #1118, #172, #1752, #2165, #903 ) ) ;
#2623 = DIRECTION ( 'NONE',  ( 1.000000000000000000, -0.000000000000000000, 0.000000000000000000 ) ) ;
#2624 = AXIS2_PLACEMENT_3D ( 'NONE', #2135, #1527, #1119 ) ;
#2625 = EDGE_CURVE ( 'NONE', #2246, #771, #1314, .T. ) ;
#2626 = CIRCLE ( 'NONE', #380, 49.98437255783051825 ) ;
#2627 = AXIS2_PLACEMENT_3D ( 'NONE', #803, #1988, #568 ) ;
#2628 = CARTESIAN_POINT ( 'NONE',  ( 0.000000000000000000, 0.000000000000000000, -75.00000000000000000 ) ) ;
#2629 = AXIS2_PLACEMENT_3D ( 'NONE', #1693, #1036, #2330 ) ;
#2630 = ADVANCED_FACE ( 'NONE', ( #745 ), #1937, .T. ) ;
#2631 = ORIENTED_EDGE ( 'NONE', *, *, #2046, .T. ) ;
#2632 = CARTESIAN_POINT ( 'NONE',  ( 164.9758731192337109, 1.250000000000943245, -118.3012701892221941 ) ) ;
#2633 = DIRECTION ( 'NONE',  ( 1.000000000000000000, 0.000000000000000000, 0.000000000000000000 ) ) ;
#2634 = ORIENTED_EDGE ( 'NONE', *, *, #854, .F. ) ;
#2635 = DIRECTION ( 'NONE',  ( 0.000000000000000000, -0.000000000000000000, -1.000000000000000000 ) ) ;
#2636 = DIRECTION ( 'NONE',  ( -0.000000000000000000, -0.000000000000000000, 1.000000000000000000 ) ) ;
#2637 = VERTEX_POINT ( 'NONE', #522 ) ;
#2638 = CARTESIAN_POINT ( 'NONE',  ( 50.00000000000000711, 0.000000000000000000, -75.00000000000000000 ) ) ;
#2639 = EDGE_CURVE ( 'NONE', #1177, #771, #2615, .T. ) ;
#2640 = LINE ( 'NONE', #2411, #1325 ) ;
#2641 = ORIENTED_EDGE ( 'NONE', *, *, #2518, .T. ) ;
#2642 = CARTESIAN_POINT ( 'NONE',  ( -60.00000000000000000, -60.00000000000000000, -442.7056274847727764 ) ) ;
#2643 = EDGE_CURVE ( 'NONE', #1441, #167, #2273, .T. ) ;
#2644 = LINE ( 'NONE', #1211, #2617 ) ;
#2645 = ORIENTED_EDGE ( 'NONE', *, *, #1471, .F. ) ;
#2646 = CARTESIAN_POINT ( 'NONE',  ( 85.00714267493640364, 0.000000000000000000, -75.00000000000000000 ) ) ;
#2647 = CARTESIAN_POINT ( 'NONE',  ( 0.000000000000000000, 0.000000000000000000, -75.00000000000001421 ) ) ;
#2648 = VERTEX_POINT ( 'NONE', #2552 ) ;
#2649 = DIRECTION ( 'NONE',  ( 0.000000000000000000, -1.000000000000000000, 0.000000000000000000 ) ) ;
#2650 = DIRECTION ( 'NONE',  ( 0.000000000000000000, -0.000000000000000000, -1.000000000000000000 ) ) ;
#2651 = DIRECTION ( 'NONE',  ( 1.000000000000000000, 0.000000000000000000, 0.000000000000000000 ) ) ;
#2652 = ORIENTED_EDGE ( 'NONE', *, *, #1270, .T. ) ;
#2653 = CARTESIAN_POINT ( 'NONE',  ( 138.7571426749364036, 9.432096092759043820E-13, -75.00000000000000000 ) ) ;
#2654 = DIRECTION ( 'NONE',  ( 0.000000000000000000, 1.000000000000000000, -0.000000000000000000 ) ) ;
#2655 = EDGE_LOOP ( 'NONE', ( #1511, #2186, #1403, #1767 ) ) ;
#2656 = PLANE ( 'NONE',  #377 ) ;
#2657 = EDGE_CURVE ( 'NONE', #1947, #2258, #2357, .T. ) ;
#2658 = AXIS2_PLACEMENT_3D ( 'NONE', #1373, #148, #2463 ) ;
#2659 = CARTESIAN_POINT ( 'NONE',  ( 140.0071426749373700, 0.000000000000000000, -75.00000000000001421 ) ) ;
#2660 = ORIENTED_EDGE ( 'NONE', *, *, #457, .T. ) ;
#2661 = EDGE_CURVE ( 'NONE', #2322, #2122, #1097, .T. ) ;
#2662 = PLANE ( 'NONE',  #1283 ) ;
#2663 = CIRCLE ( 'NONE', #1495, 50.00000000000000711 ) ;
#2664 = AXIS2_PLACEMENT_3D ( 'NONE', #75, #1571, #2192 ) ;
#2665 = DIRECTION ( 'NONE',  ( 0.000000000000000000, 0.000000000000000000, -1.000000000000000000 ) ) ;
#2666 = DIRECTION ( 'NONE',  ( -0.000000000000000000, -0.000000000000000000, 1.000000000000000000 ) ) ;
#2667 = AXIS2_PLACEMENT_3D ( 'NONE', #554, #1384, #1986 ) ;
#2668 = ORIENTED_EDGE ( 'NONE', *, *, #1863, .T. ) ;
#2669 = VECTOR ( 'NONE', #310, 1000.000000000000000 ) ;
#2670 = FACE_OUTER_BOUND ( 'NONE', #1741, .T. ) ;
#2671 = AXIS2_PLACEMENT_3D ( 'NONE', #2474, #604, #2462 ) ;
#2672 = AXIS2_PLACEMENT_3D ( 'NONE', #1255, #230, #2257 ) ;
#2673 = CARTESIAN_POINT ( 'NONE',  ( 0.000000000000000000, 0.000000000000000000, -118.3012701892221941 ) ) ;
#2674 = ORIENTED_EDGE ( 'NONE', *, *, #2555, .F. ) ;
#2675 = CARTESIAN_POINT ( 'NONE',  ( 0.000000000000000000, 0.000000000000000000, -442.7056274847727764 ) ) ;
#2676 = EDGE_CURVE ( 'NONE', #1386, #1856, #314, .T. ) ;
#2677 = DIRECTION ( 'NONE',  ( 1.000000000000000000, -0.000000000000000000, 0.000000000000000000 ) ) ;
#2678 = ORIENTED_EDGE ( 'NONE', *, *, #1784, .T. ) ;
#2679 = EDGE_CURVE ( 'NONE', #2419, #270, #235, .T. ) ;
#2680 = CARTESIAN_POINT ( 'NONE',  ( 0.000000000000000000, 25.00000000000000000, 0.000000000000000000 ) ) ;
#2681 = DIRECTION ( 'NONE',  ( 0.000000000000000000, 0.000000000000000000, -1.000000000000000000 ) ) ;
#2682 = CARTESIAN_POINT ( 'NONE',  ( 0.000000000000000000, 24.99999999999977973, 0.000000000000000000 ) ) ;
#2683 = EDGE_LOOP ( 'NONE', ( #1647, #400, #351 ) ) ;
#2684 = CARTESIAN_POINT ( 'NONE',  ( 0.000000000000000000, 140.0071426749364036, -118.3012701892221941 ) ) ;
#2685 = FACE_OUTER_BOUND ( 'NONE', #2683, .T. ) ;
#2686 = ORIENTED_EDGE ( 'NONE', *, *, #1519, .T. ) ;
#2687 = PLANE ( 'NONE',  #932 ) ;
ENDSEC;
END-ISO-10303-21;
