ISO-10303-21;
HEADER;
FILE_DESCRIPTION (( 'STEP AP214' ),
    '1' );
FILE_NAME ('N1404_base.STEP',
    '2026-01-16T02:04:26',
    ( '' ),
    ( '' ),
    'SwSTEP 2.0',
    'SolidWorks 2024',
    '' );
FILE_SCHEMA (( 'AUTOMOTIVE_DESIGN' ));
ENDSEC;

DATA;
#1 = ADVANCED_FACE ( 'NONE', ( #559 ), #117, .T. ) ;
#2 = CARTESIAN_POINT ( 'NONE',  ( 49.99999999999997868, 74.99999999999997158, -100.0000000000000000 ) ) ;
#3 = ORIENTED_EDGE ( 'NONE', *, *, #1285, .T. ) ;
#4 = EDGE_CURVE ( 'NONE', #1301, #108, #238, .T. ) ;
#5 = DIRECTION ( 'NONE',  ( 0.000000000000000000, 0.000000000000000000, -1.000000000000000000 ) ) ;
#6 = CARTESIAN_POINT ( 'NONE',  ( 183.3084128641583561, 99.99999999999995737, -140.0071426749364036 ) ) ;
#7 = FACE_OUTER_BOUND ( 'NONE', #496, .T. ) ;
#8 = AXIS2_PLACEMENT_3D ( 'NONE', #394, #848, #1307 ) ;
#9 = CARTESIAN_POINT ( 'NONE',  ( -50.00000000000000000, 74.99999999999997158, -140.0071426749364036 ) ) ;
#10 = CIRCLE ( 'NONE', #1217, 50.00000000000000711 ) ;
#11 = ORIENTED_EDGE ( 'NONE', *, *, #1431, .F. ) ;
#12 = SPHERICAL_SURFACE ( 'NONE', #194, 24.99999999999999289 ) ;
#13 = DIRECTION ( 'NONE',  ( 1.000000000000000000, 0.000000000000000000, 0.000000000000000000 ) ) ;
#14 = CARTESIAN_POINT ( 'NONE',  ( 47.71518800929526094, 92.35487007519931524, -140.0071426749364036 ) ) ;
#15 = ORIENTED_EDGE ( 'NONE', *, *, #1296, .F. ) ;
#16 = ADVANCED_FACE ( 'NONE', ( #1237 ), #1173, .T. ) ;
#17 = CARTESIAN_POINT ( 'NONE',  ( -50.00000000000000000, 74.99999999999998579, -140.0071426749364036 ) ) ;
#18 = CARTESIAN_POINT ( 'NONE',  ( 50.00000000000001421, 83.82783564014660271, -1.224646799147353375E-14 ) ) ;
#19 = CARTESIAN_POINT ( 'NONE',  ( 190.0071426749364036, 74.99999999999997158, 99.99999999999995737 ) ) ;
#20 = ORIENTED_EDGE ( 'NONE', *, *, #1242, .F. ) ;
#21 = VERTEX_POINT ( 'NONE', #445 ) ;
#22 = DIRECTION ( 'NONE',  ( -0.000000000000000000, -1.000000000000000000, -0.000000000000000000 ) ) ;
#23 = FACE_OUTER_BOUND ( 'NONE', #73, .T. ) ;
#24 = CARTESIAN_POINT ( 'NONE',  ( 90.00714267493644627, 83.82783564014661692, 99.99999999999995737 ) ) ;
#25 = EDGE_LOOP ( 'NONE', ( #1055, #896, #919, #421, #1156, #760 ) ) ;
#26 = CIRCLE ( 'NONE', #616, 43.30127018922194537 ) ;
#27 = VECTOR ( 'NONE', #1024, 1000.000000000000000 ) ;
#28 = AXIS2_PLACEMENT_3D ( 'NONE', #1017, #540, #998 ) ;
#29 = ORIENTED_EDGE ( 'NONE', *, *, #875, .T. ) ;
#30 = CARTESIAN_POINT ( 'NONE',  ( -4.287811248607207984E-13, 125.0000000000000000, -140.0071426749364036 ) ) ;
#31 = CIRCLE ( 'NONE', #1042, 43.30127018922194537 ) ;
#32 = AXIS2_PLACEMENT_3D ( 'NONE', #1035, #386, #841 ) ;
#33 = CIRCLE ( 'NONE', #1291, 24.99999999999999289 ) ;
#34 = CARTESIAN_POINT ( 'NONE',  ( -60.00000000000000000, 442.7056274847713553, -200.0071426749364321 ) ) ;
#35 = ADVANCED_FACE ( 'NONE', ( #1253 ), #815, .T. ) ;
#36 = CARTESIAN_POINT ( 'NONE',  ( 187.7223306842316788, 92.35487007519931524, 0.000000000000000000 ) ) ;
#37 = VERTEX_POINT ( 'NONE', #912 ) ;
#38 = ORIENTED_EDGE ( 'NONE', *, *, #1150, .F. ) ;
#39 = CARTESIAN_POINT ( 'NONE',  ( 200.0071426749364036, 0.000000000000000000, -200.0071426749364321 ) ) ;
#40 = DIRECTION ( 'NONE',  ( 1.000000000000000000, 0.000000000000000000, 0.000000000000000000 ) ) ;
#41 = ADVANCED_FACE ( 'NONE', ( #338 ), #684, .T. ) ;
#42 = CARTESIAN_POINT ( 'NONE',  ( 96.70587248571446537, 99.99999999999994316, -140.0071426749363752 ) ) ;
#43 = EDGE_LOOP ( 'NONE', ( #836, #168, #278, #908 ) ) ;
#44 = VERTEX_POINT ( 'NONE', #1258 ) ;
#45 = DIRECTION ( 'NONE',  ( -0.000000000000000000, -1.000000000000000000, -0.000000000000000000 ) ) ;
#46 = EDGE_CURVE ( 'NONE', #1405, #65, #1438, .T. ) ;
#47 = DIRECTION ( 'NONE',  ( 0.000000000000000000, 0.000000000000000000, -1.000000000000000000 ) ) ;
#48 = CARTESIAN_POINT ( 'NONE',  ( 43.30127018922194537, 99.99999999999998579, 0.000000000000000000 ) ) ;
#49 = CARTESIAN_POINT ( 'NONE',  ( 96.70587248571440853, 99.99999999999995737, -226.6096830533802233 ) ) ;
#50 = ORIENTED_EDGE ( 'NONE', *, *, #227, .F. ) ;
#51 = AXIS2_PLACEMENT_3D ( 'NONE', #726, #614, #1070 ) ;
#52 = ORIENTED_EDGE ( 'NONE', *, *, #367, .F. ) ;
#53 = CARTESIAN_POINT ( 'NONE',  ( 140.0071426749364036, 0.000000000000000000, -140.0071426749364036 ) ) ;
#54 = AXIS2_PLACEMENT_3D ( 'NONE', #741, #961, #47 ) ;
#55 = PLANE ( 'NONE',  #735 ) ;
#56 = CARTESIAN_POINT ( 'NONE',  ( 0.000000000000000000, 74.99999999999995737, 0.000000000000000000 ) ) ;
#57 = CARTESIAN_POINT ( 'NONE',  ( 190.0071426749363468, 74.99999999999997158, -240.0071426749364036 ) ) ;
#58 = ORIENTED_EDGE ( 'NONE', *, *, #661, .T. ) ;
#59 = EDGE_LOOP ( 'NONE', ( #136, #135, #1391, #994, #795 ) ) ;
#60 = DIRECTION ( 'NONE',  ( 6.123233995736815340E-17, -0.8660254037844363761, 0.5000000000000038858 ) ) ;
#61 = ADVANCED_FACE ( 'NONE', ( #1148 ), #1154, .T. ) ;
#62 = DIRECTION ( 'NONE',  ( 1.000000000000000000, 0.000000000000000000, 0.000000000000000000 ) ) ;
#63 = CARTESIAN_POINT ( 'NONE',  ( 2.081668171172168198E-14, 74.99999999999998579, 0.000000000000000000 ) ) ;
#64 = CARTESIAN_POINT ( 'NONE',  ( 183.3084128641583561, 99.99999999999998579, 0.000000000000000000 ) ) ;
#65 = VERTEX_POINT ( 'NONE', #946 ) ;
#66 = ADVANCED_FACE ( 'NONE', ( #140 ), #1289, .T. ) ;
#67 = ORIENTED_EDGE ( 'NONE', *, *, #909, .T. ) ;
#68 = CARTESIAN_POINT ( 'NONE',  ( 140.0071426749364036, 74.99999999999998579, -140.0071426749364036 ) ) ;
#69 = LINE ( 'NONE', #876, #109 ) ;
#70 = DIRECTION ( 'NONE',  ( -1.000000000000000000, 0.000000000000000000, 0.000000000000000000 ) ) ;
#71 = DIRECTION ( 'NONE',  ( 0.000000000000000000, 0.000000000000000000, -1.000000000000000000 ) ) ;
#72 = DIRECTION ( 'NONE',  ( -1.000000000000000000, 0.000000000000000000, 0.000000000000000000 ) ) ;
#73 = EDGE_LOOP ( 'NONE', ( #1426, #262, #145, #1308 ) ) ;
#74 = ORIENTED_EDGE ( 'NONE', *, *, #897, .T. ) ;
#75 = DIRECTION ( 'NONE',  ( 0.000000000000000000, 1.000000000000000000, 0.000000000000000000 ) ) ;
#76 = AXIS2_PLACEMENT_3D ( 'NONE', #133, #694, #1257 ) ;
#77 = LINE ( 'NONE', #437, #589 ) ;
#78 = LINE ( 'NONE', #1448, #905 ) ;
#79 = AXIS2_PLACEMENT_3D ( 'NONE', #1068, #1332, #1076 ) ;
#80 = EDGE_CURVE ( 'NONE', #283, #1402, #1052, .T. ) ;
#81 = AXIS2_PLACEMENT_3D ( 'NONE', #30, #343, #561 ) ;
#82 = VERTEX_POINT ( 'NONE', #1144 ) ;
#83 = ORIENTED_EDGE ( 'NONE', *, *, #1272, .F. ) ;
#84 = CARTESIAN_POINT ( 'NONE',  ( 0.000000000000000000, 75.00000000000000000, -115.0071426749364178 ) ) ;
#85 = CARTESIAN_POINT ( 'NONE',  ( 140.0071426749360057, 125.0000000000000000, 0.000000000000000000 ) ) ;
#86 = DIRECTION ( 'NONE',  ( 0.000000000000000000, 0.000000000000000000, -1.000000000000000000 ) ) ;
#87 = DIRECTION ( 'NONE',  ( -0.000000000000000000, -1.000000000000000000, -0.000000000000000000 ) ) ;
#88 = DIRECTION ( 'NONE',  ( 1.000000000000000000, 0.000000000000000000, -1.224646799147353207E-16 ) ) ;
#89 = ORIENTED_EDGE ( 'NONE', *, *, #1141, .T. ) ;
#90 = EDGE_CURVE ( 'NONE', #655, #1427, #268, .T. ) ;
#91 = ORIENTED_EDGE ( 'NONE', *, *, #1272, .T. ) ;
#92 = CARTESIAN_POINT ( 'NONE',  ( 5.302876193624537187E-15, 99.99999999999998579, 43.30127018922194537 ) ) ;
#93 = LINE ( 'NONE', #526, #673 ) ;
#94 = DIRECTION ( 'NONE',  ( -0.000000000000000000, -1.000000000000000000, -0.000000000000000000 ) ) ;
#95 = ADVANCED_FACE ( 'NONE', ( #1383 ), #1287, .T. ) ;
#96 = CARTESIAN_POINT ( 'NONE',  ( -50.00000000000000000, 83.82783564014661692, 100.0000000000000000 ) ) ;
#97 = CARTESIAN_POINT ( 'NONE',  ( 47.71518800929525383, 92.35487007519930103, -44.57676665634592439 ) ) ;
#98 = ORIENTED_EDGE ( 'NONE', *, *, #232, .T. ) ;
#99 = DIRECTION ( 'NONE',  ( -0.000000000000000000, -1.000000000000000000, -0.000000000000000000 ) ) ;
#100 = CARTESIAN_POINT ( 'NONE',  ( 0.000000000000000000, 137.4999999999998863, 0.000000000000000000 ) ) ;
#101 = CARTESIAN_POINT ( 'NONE',  ( 92.29195466564118533, 92.35487007519931524, -140.0071426749363752 ) ) ;
#102 = CIRCLE ( 'NONE', #1238, 21.65063509461081992 ) ;
#103 = CARTESIAN_POINT ( 'NONE',  ( 0.000000000000000000, 137.4999999999998863, -21.65063509461080926 ) ) ;
#104 = CARTESIAN_POINT ( 'NONE',  ( 140.0071426749360057, 125.0000000000000000, 0.000000000000000000 ) ) ;
#105 = AXIS2_PLACEMENT_3D ( 'NONE', #862, #1323, #208 ) ;
#106 = AXIS2_PLACEMENT_3D ( 'NONE', #791, #94, #1245 ) ;
#107 = CIRCLE ( 'NONE', #861, 43.30127018922194537 ) ;
#108 = VERTEX_POINT ( 'NONE', #1058 ) ;
#109 = VECTOR ( 'NONE', #765, 1000.000000000000000 ) ;
#110 = EDGE_CURVE ( 'NONE', #1444, #720, #107, .T. ) ;
#111 = PLANE ( 'NONE',  #218 ) ;
#112 = CARTESIAN_POINT ( 'NONE',  ( -50.00000000000000000, 74.99999999999997158, -140.0071426749364036 ) ) ;
#113 = ORIENTED_EDGE ( 'NONE', *, *, #157, .F. ) ;
#114 = DIRECTION ( 'NONE',  ( 1.224646799147353207E-16, -0.000000000000000000, 1.000000000000000000 ) ) ;
#115 = DIRECTION ( 'NONE',  ( 0.000000000000000000, 0.000000000000000000, -1.000000000000000000 ) ) ;
#116 = CARTESIAN_POINT ( 'NONE',  ( 0.000000000000000000, 74.99999999999998579, -140.0071426749364036 ) ) ;
#117 = PLANE ( 'NONE',  #885 ) ;
#118 = ORIENTED_EDGE ( 'NONE', *, *, #1268, .F. ) ;
#119 = CARTESIAN_POINT ( 'NONE',  ( 140.0071426749360057, 150.0000000000000000, -140.0071426749364036 ) ) ;
#120 = CARTESIAN_POINT ( 'NONE',  ( 47.71518800929526094, 92.35487007519931524, -1.168685045325952365E-14 ) ) ;
#121 = AXIS2_PLACEMENT_3D ( 'NONE', #619, #146, #595 ) ;
#122 = DIRECTION ( 'NONE',  ( 0.000000000000000000, 0.000000000000000000, 1.000000000000000000 ) ) ;
#123 = AXIS2_PLACEMENT_3D ( 'NONE', #1466, #439, #893 ) ;
#124 = ORIENTED_EDGE ( 'NONE', *, *, #774, .F. ) ;
#125 = ORIENTED_EDGE ( 'NONE', *, *, #501, .T. ) ;
#126 = CIRCLE ( 'NONE', #648, 43.30127018922194537 ) ;
#127 = DIRECTION ( 'NONE',  ( 0.000000000000000000, 0.000000000000000000, -1.000000000000000000 ) ) ;
#128 = CARTESIAN_POINT ( 'NONE',  ( -50.00000000000000000, 74.99999999999997158, 6.123233995736766085E-15 ) ) ;
#129 = CARTESIAN_POINT ( 'NONE',  ( 50.00000000000000711, 74.99999999999998579, 0.000000000000000000 ) ) ;
#130 = ORIENTED_EDGE ( 'NONE', *, *, #925, .T. ) ;
#131 = EDGE_CURVE ( 'NONE', #627, #728, #927, .T. ) ;
#132 = DIRECTION ( 'NONE',  ( -0.000000000000000000, -1.000000000000000000, -0.000000000000000000 ) ) ;
#133 = CARTESIAN_POINT ( 'NONE',  ( 0.000000000000000000, 0.000000000000000000, 0.000000000000000000 ) ) ;
#134 = CARTESIAN_POINT ( 'NONE',  ( 190.0071426749364036, 83.82783564014661692, 99.99999999999995737 ) ) ;
#135 = ORIENTED_EDGE ( 'NONE', *, *, #252, .F. ) ;
#136 = ORIENTED_EDGE ( 'NONE', *, *, #680, .F. ) ;
#137 = DIRECTION ( 'NONE',  ( -0.000000000000000000, -1.000000000000000000, -0.000000000000000000 ) ) ;
#138 = ADVANCED_FACE ( 'NONE', ( #926 ), #255, .T. ) ;
#139 = CARTESIAN_POINT ( 'NONE',  ( 140.0071426749364036, 137.4999999999998863, -161.6577777695472378 ) ) ;
#140 = FACE_OUTER_BOUND ( 'NONE', #413, .T. ) ;
#141 = AXIS2_PLACEMENT_3D ( 'NONE', #68, #422, #754 ) ;
#142 = ORIENTED_EDGE ( 'NONE', *, *, #716, .T. ) ;
#143 = VECTOR ( 'NONE', #298, 1000.000000000000000 ) ;
#144 = CIRCLE ( 'NONE', #975, 24.99999999999999289 ) ;
#145 = ORIENTED_EDGE ( 'NONE', *, *, #933, .F. ) ;
#146 = DIRECTION ( 'NONE',  ( -0.000000000000000000, -1.000000000000000000, -0.000000000000000000 ) ) ;
#147 = CIRCLE ( 'NONE', #79, 21.65063509461080926 ) ;
#148 = AXIS2_PLACEMENT_3D ( 'NONE', #53, #45, #156 ) ;
#149 = VECTOR ( 'NONE', #1400, 1000.000000000000000 ) ;
#150 = EDGE_CURVE ( 'NONE', #728, #340, #1045, .T. ) ;
#151 = CYLINDRICAL_SURFACE ( 'NONE', #1457, 25.00000000000000000 ) ;
#152 = CARTESIAN_POINT ( 'NONE',  ( 140.0071426749360057, 125.0000000000000000, -140.0071426749364036 ) ) ;
#153 = CARTESIAN_POINT ( 'NONE',  ( 190.0071426749364036, 74.99999999999997158, -140.0071426749364321 ) ) ;
#154 = ORIENTED_EDGE ( 'NONE', *, *, #562, .T. ) ;
#155 = ORIENTED_EDGE ( 'NONE', *, *, #793, .F. ) ;
#156 = DIRECTION ( 'NONE',  ( 0.000000000000000000, 0.000000000000000000, -1.000000000000000000 ) ) ;
#157 = EDGE_CURVE ( 'NONE', #479, #1439, #235, .T. ) ;
#158 = FACE_OUTER_BOUND ( 'NONE', #43, .T. ) ;
#159 = DIRECTION ( 'NONE',  ( 0.000000000000000000, 0.000000000000000000, -1.000000000000000000 ) ) ;
#160 = CARTESIAN_POINT ( 'NONE',  ( 92.29195466564111427, 92.35487007519930103, -235.4375186935268687 ) ) ;
#161 = ORIENTED_EDGE ( 'NONE', *, *, #1004, .F. ) ;
#162 =( BOUNDED_SURFACE ( )  B_SPLINE_SURFACE ( 3, 3, ( 
 ( #1038, #209, #316, #328 ),
 ( #665, #1456, #781, #1012 ),
 ( #658, #904, #1117, #101 ),
 ( #6, #1251, #878, #214 ) ),
 .UNSPECIFIED., .F., .F., .F. ) 
 B_SPLINE_SURFACE_WITH_KNOTS ( ( 4, 4 ),
 ( 4, 4 ),
 ( 0.000000000000000000, 1.000000000000000000 ),
 ( 0.000000000000000000, 1.000000000000000000 ),
 .UNSPECIFIED. ) 
 GEOMETRIC_REPRESENTATION_ITEM ( )  RATIONAL_B_SPLINE_SURFACE ( (
 ( 1.000000000000000000, 0.3333333333333334259, 0.3333333333333334259, 1.000000000000000000),
 ( 0.9772838841927120601, 0.3257612947309040941, 0.3257612947309040941, 0.9772838841927120601),
 ( 0.9772838841927120601, 0.3257612947309040941, 0.3257612947309040941, 0.9772838841927120601),
 ( 1.000000000000000000, 0.3333333333333334259, 0.3333333333333334259, 1.000000000000000000) ) ) 
 REPRESENTATION_ITEM ( '' )  SURFACE ( )  );
#163 = VERTEX_POINT ( 'NONE', #1390 ) ;
#164 = CARTESIAN_POINT ( 'NONE',  ( 2.651438096812248083E-15, 137.4999999999998863, 21.65063509461080926 ) ) ;
#165 = DIRECTION ( 'NONE',  ( 0.000000000000000000, 0.000000000000000000, -1.000000000000000000 ) ) ;
#166 = CARTESIAN_POINT ( 'NONE',  ( 183.3084128641583561, 99.99999999999995737, 0.000000000000000000 ) ) ;
#167 = DIRECTION ( 'NONE',  ( -0.000000000000000000, -1.000000000000000000, -0.000000000000000000 ) ) ;
#168 = ORIENTED_EDGE ( 'NONE', *, *, #605, .T. ) ;
#169 = AXIS2_PLACEMENT_3D ( 'NONE', #1342, #323, #751 ) ;
#170 = ORIENTED_EDGE ( 'NONE', *, *, #881, .F. ) ;
#171 = DIRECTION ( 'NONE',  ( 0.000000000000000000, 0.000000000000000000, -1.000000000000000000 ) ) ;
#172 = AXIS2_PLACEMENT_3D ( 'NONE', #1273, #228, #1372 ) ;
#173 = CARTESIAN_POINT ( 'NONE',  ( 2.651438096812248083E-15, 137.4999999999998863, -118.3565075803256121 ) ) ;
#174 = LINE ( 'NONE', #56, #1409 ) ;
#175 = AXIS2_PLACEMENT_3D ( 'NONE', #980, #1453, #646 ) ;
#176 = LINE ( 'NONE', #485, #518 ) ;
#177 = ORIENTED_EDGE ( 'NONE', *, *, #611, .T. ) ;
#178 = EDGE_LOOP ( 'NONE', ( #251, #934, #259, #124 ) ) ;
#179 =( NAMED_UNIT ( * ) SI_UNIT ( $, .STERADIAN. ) SOLID_ANGLE_UNIT ( ) );
#180 = DIRECTION ( 'NONE',  ( -0.000000000000000000, -1.000000000000000000, -0.000000000000000000 ) ) ;
#181 = CARTESIAN_POINT ( 'NONE',  ( -50.00000000000000000, 74.99999999999998579, -140.0071426749364036 ) ) ;
#182 = DIRECTION ( 'NONE',  ( 0.000000000000000000, 0.000000000000000000, -1.000000000000000000 ) ) ;
#183 = ORIENTED_EDGE ( 'NONE', *, *, #1367, .F. ) ;
#184 = ORIENTED_EDGE ( 'NONE', *, *, #131, .T. ) ;
#185 = CARTESIAN_POINT ( 'NONE',  ( -60.00000000000000000, 442.7056274847713553, -200.0071426749364321 ) ) ;
#186 = EDGE_CURVE ( 'NONE', #1445, #783, #362, .T. ) ;
#187 = CARTESIAN_POINT ( 'NONE',  ( 183.3084128641583561, 99.99999999999998579, -140.0071426749364036 ) ) ;
#188 = DIRECTION ( 'NONE',  ( 0.000000000000000000, -0.8660254037844363761, -0.5000000000000038858 ) ) ;
#189 = FACE_OUTER_BOUND ( 'NONE', #618, .T. ) ;
#190 = ORIENTED_EDGE ( 'NONE', *, *, #1082, .F. ) ;
#191 = VERTEX_POINT ( 'NONE', #375 ) ;
#192 = CARTESIAN_POINT ( 'NONE',  ( 0.000000000000000000, 75.00000000000000000, 0.000000000000000000 ) ) ;
#193 = CARTESIAN_POINT ( 'NONE',  ( 90.00714267493641785, 74.99999999999998579, 0.000000000000000000 ) ) ;
#194 = AXIS2_PLACEMENT_3D ( 'NONE', #459, #1376, #1142 ) ;
#195 = ADVANCED_FACE ( 'NONE', ( #1267 ), #1335, .T. ) ;
#196 = CARTESIAN_POINT ( 'NONE',  ( 25.00000000000000000, 0.000000000000000000, -140.0071426749364036 ) ) ;
#197 = CARTESIAN_POINT ( 'NONE',  ( 0.000000000000000000, 137.4999999999998863, -140.0071426749364036 ) ) ;
#198 = CIRCLE ( 'NONE', #1166, 24.99999999999999289 ) ;
#199 = ORIENTED_EDGE ( 'NONE', *, *, #1296, .T. ) ;
#200 = VERTEX_POINT ( 'NONE', #1204 ) ;
#201 = EDGE_CURVE ( 'NONE', #371, #940, #147, .T. ) ;
#202 = DIRECTION ( 'NONE',  ( 0.000000000000000000, 0.000000000000000000, 1.000000000000000000 ) ) ;
#203 = DIRECTION ( 'NONE',  ( 0.000000000000000000, 0.000000000000000000, -1.000000000000000000 ) ) ;
#204 = CARTESIAN_POINT ( 'NONE',  ( 50.00000000000000000, 74.99999999999997158, 0.000000000000000000 ) ) ;
#205 = ORIENTED_EDGE ( 'NONE', *, *, #933, .T. ) ;
#206 = ORIENTED_EDGE ( 'NONE', *, *, #1325, .F. ) ;
#207 = CARTESIAN_POINT ( 'NONE',  ( 140.0071426749364036, 74.99999999999998579, -90.00714267493641785 ) ) ;
#208 = DIRECTION ( 'NONE',  ( 0.000000000000000000, 0.000000000000000000, -1.000000000000000000 ) ) ;
#209 = CARTESIAN_POINT ( 'NONE',  ( 190.0071426749364036, 74.99999999999997158, -40.00714267493646048 ) ) ;
#210 = CARTESIAN_POINT ( 'NONE',  ( 140.0071426749364036, 99.99999999999998579, -140.0071426749364036 ) ) ;
#211 = ORIENTED_EDGE ( 'NONE', *, *, #611, .F. ) ;
#212 = ADVANCED_FACE ( 'NONE', ( #624, #1324 ), #1424, .F. ) ;
#213 = CARTESIAN_POINT ( 'NONE',  ( 200.0071426749364605, 74.99999999999995737, -200.0071426749364321 ) ) ;
#214 = CARTESIAN_POINT ( 'NONE',  ( 96.70587248571449379, 99.99999999999995737, -140.0071426749363752 ) ) ;
#215 = CIRCLE ( 'NONE', #1214, 50.00000000000000711 ) ;
#216 = DIRECTION ( 'NONE',  ( -0.000000000000000000, -1.000000000000000000, -0.000000000000000000 ) ) ;
#217 = DIRECTION ( 'NONE',  ( -1.000000000000000000, 0.000000000000000000, 0.000000000000000000 ) ) ;
#218 = AXIS2_PLACEMENT_3D ( 'NONE', #451, #1464, #1124 ) ;
#219 = AXIS2_PLACEMENT_3D ( 'NONE', #484, #604, #823 ) ;
#220 = AXIS2_PLACEMENT_3D ( 'NONE', #1430, #303, #407 ) ;
#221 = ORIENTED_EDGE ( 'NONE', *, *, #1381, .F. ) ;
#222 = VERTEX_POINT ( 'NONE', #725 ) ;
#223 = LINE ( 'NONE', #1371, #1435 ) ;
#224 = FACE_BOUND ( 'NONE', #319, .T. ) ;
#225 = ORIENTED_EDGE ( 'NONE', *, *, #1019, .F. ) ;
#226 = CARTESIAN_POINT ( 'NONE',  ( 183.3084128641583561, 99.99999999999998579, -140.0071426749364036 ) ) ;
#227 = EDGE_CURVE ( 'NONE', #1405, #82, #400, .T. ) ;
#228 = DIRECTION ( 'NONE',  ( -0.000000000000000000, -1.000000000000000000, -0.000000000000000000 ) ) ;
#229 = CARTESIAN_POINT ( 'NONE',  ( 43.30127018922195248, 99.99999999999995737, -140.0071426749364036 ) ) ;
#230 = ORIENTED_EDGE ( 'NONE', *, *, #1050, .T. ) ;
#231 = CARTESIAN_POINT ( 'NONE',  ( -43.30127018922194537, 99.99999999999998579, -140.0071426749364036 ) ) ;
#232 = EDGE_CURVE ( 'NONE', #1139, #678, #174, .T. ) ;
#233 = FACE_OUTER_BOUND ( 'NONE', #427, .T. ) ;
#234 = CIRCLE ( 'NONE', #1260, 21.65063509461081992 ) ;
#235 = LINE ( 'NONE', #1044, #149 ) ;
#236 = AXIS2_PLACEMENT_3D ( 'NONE', #273, #399, #1393 ) ;
#237 = VERTEX_POINT ( 'NONE', #196 ) ;
#238 = CIRCLE ( 'NONE', #675, 43.30127018922194537 ) ;
#239 = ORIENTED_EDGE ( 'NONE', *, *, #1387, .T. ) ;
#240 = EDGE_CURVE ( 'NONE', #928, #1375, #126, .T. ) ;
#241 = DIRECTION ( 'NONE',  ( -0.000000000000000000, -1.000000000000000000, -0.000000000000000000 ) ) ;
#242 = PLANE ( 'NONE',  #406 ) ;
#243 = DIRECTION ( 'NONE',  ( 1.000000000000000000, 0.000000000000000000, 0.000000000000000000 ) ) ;
#244 = APPLICATION_CONTEXT ( 'automotive_design' ) ;
#245 = VERTEX_POINT ( 'NONE', #499 ) ;
#246 = EDGE_CURVE ( 'NONE', #678, #325, #78, .T. ) ;
#247 = ORIENTED_EDGE ( 'NONE', *, *, #477, .T. ) ;
#248 = CARTESIAN_POINT ( 'NONE',  ( 140.0071426749364036, 0.000000000000000000, -25.00000000000000000 ) ) ;
#249 = CARTESIAN_POINT ( 'NONE',  ( -50.00000000000002132, 83.82783564014661692, -100.0000000000000000 ) ) ;
#250 = CARTESIAN_POINT ( 'NONE',  ( 90.00714267493641785, 83.82783564014660271, 6.123233995736766085E-15 ) ) ;
#251 = ORIENTED_EDGE ( 'NONE', *, *, #1174, .F. ) ;
#252 = EDGE_CURVE ( 'NONE', #1405, #420, #572, .T. ) ;
#253 = ORIENTED_EDGE ( 'NONE', *, *, #495, .F. ) ;
#254 = CARTESIAN_POINT ( 'NONE',  ( 25.00000000000000000, 75.00000000000000000, -140.0071426749364036 ) ) ;
#255 = PLANE ( 'NONE',  #219 ) ;
#256 = AXIS2_PLACEMENT_3D ( 'NONE', #606, #167, #1292 ) ;
#257 = CARTESIAN_POINT ( 'NONE',  ( 190.0071426749364036, 74.99999999999998579, 0.000000000000000000 ) ) ;
#258 = EDGE_CURVE ( 'NONE', #545, #1239, #766, .T. ) ;
#259 = ORIENTED_EDGE ( 'NONE', *, *, #756, .F. ) ;
#260 = AXIS2_PLACEMENT_3D ( 'NONE', #465, #792, #13 ) ;
#261 = CIRCLE ( 'NONE', #1021, 24.99999999999999289 ) ;
#262 = ORIENTED_EDGE ( 'NONE', *, *, #186, .F. ) ;
#263 = DIRECTION ( 'NONE',  ( -0.000000000000000000, -1.000000000000000000, -0.000000000000000000 ) ) ;
#264 = AXIS2_PLACEMENT_3D ( 'NONE', #63, #613, #305 ) ;
#265 = AXIS2_PLACEMENT_3D ( 'NONE', #286, #272, #497 ) ;
#266 = VECTOR ( 'NONE', #682, 1000.000000000000000 ) ;
#267 = CARTESIAN_POINT ( 'NONE',  ( 90.00714267493641785, 83.82783564014660271, 6.123233995736766874E-15 ) ) ;
#268 = LINE ( 'NONE', #577, #551 ) ;
#269 = FACE_OUTER_BOUND ( 'NONE', #1192, .T. ) ;
#270 = ORIENTED_EDGE ( 'NONE', *, *, #1242, .T. ) ;
#271 = EDGE_LOOP ( 'NONE', ( #440, #738, #695, #806 ) ) ;
#272 = DIRECTION ( 'NONE',  ( 0.000000000000000000, 0.000000000000000000, 1.000000000000000000 ) ) ;
#273 = CARTESIAN_POINT ( 'NONE',  ( 140.0071426749364036, 99.99999999999998579, 0.000000000000000000 ) ) ;
#274 = ADVANCED_FACE ( 'NONE', ( #1190 ), #955, .T. ) ;
#275 = DIRECTION ( 'NONE',  ( 0.000000000000000000, 0.000000000000000000, -1.000000000000000000 ) ) ;
#276 = CARTESIAN_POINT ( 'NONE',  ( 183.3084128641583277, 99.99999999999995737, -226.6096830533803654 ) ) ;
#277 = EDGE_LOOP ( 'NONE', ( #225, #842, #715, #294, #866, #974 ) ) ;
#278 = ORIENTED_EDGE ( 'NONE', *, *, #909, .F. ) ;
#279 = DIRECTION ( 'NONE',  ( -0.000000000000000000, -1.000000000000000000, -0.000000000000000000 ) ) ;
#280 = FACE_OUTER_BOUND ( 'NONE', #874, .T. ) ;
#281 = LINE ( 'NONE', #750, #714 ) ;
#282 = CARTESIAN_POINT ( 'NONE',  ( 200.0071426749364036, 0.000000000000000000, 60.00000000000000000 ) ) ;
#283 = VERTEX_POINT ( 'NONE', #1416 ) ;
#284 = AXIS2_PLACEMENT_3D ( 'NONE', #939, #719, #182 ) ;
#285 = ORIENTED_EDGE ( 'NONE', *, *, #227, .T. ) ;
#286 = CARTESIAN_POINT ( 'NONE',  ( 0.000000000000000000, 442.7056274847713553, -140.0071426749364036 ) ) ;
#287 = VECTOR ( 'NONE', #1454, 999.9999999999998863 ) ;
#288 = APPLICATION_PROTOCOL_DEFINITION ( 'draft international standard', 'automotive_design', 1998, #1059 ) ;
#289 = CIRCLE ( 'NONE', #106, 25.00000000000000000 ) ;
#290 = CARTESIAN_POINT ( 'NONE',  ( 187.7223306842316504, 92.35487007519930103, -95.43037601859047925 ) ) ;
#291 = CARTESIAN_POINT ( 'NONE',  ( 0.000000000000000000, 99.99999999999998579, 0.000000000000000000 ) ) ;
#292 = DIRECTION ( 'NONE',  ( -0.000000000000000000, -1.000000000000000000, -0.000000000000000000 ) ) ;
#293 = ORIENTED_EDGE ( 'NONE', *, *, #661, .F. ) ;
#294 = ORIENTED_EDGE ( 'NONE', *, *, #826, .T. ) ;
#295 = FACE_OUTER_BOUND ( 'NONE', #1032, .T. ) ;
#296 = DIRECTION ( 'NONE',  ( 0.000000000000000000, 0.000000000000000000, -1.000000000000000000 ) ) ;
#297 = CARTESIAN_POINT ( 'NONE',  ( 96.70587248571446537, 99.99999999999998579, 5.713055094680650847E-15 ) ) ;
#298 = DIRECTION ( 'NONE',  ( 0.000000000000000000, 1.000000000000000000, 0.000000000000000000 ) ) ;
#299 = ORIENTED_EDGE ( 'NONE', *, *, #1423, .F. ) ;
#300 = ORIENTED_EDGE ( 'NONE', *, *, #1041, .T. ) ;
#301 = CARTESIAN_POINT ( 'NONE',  ( 140.0071426749364036, 75.00000000000000000, -115.0071426749364178 ) ) ;
#302 = EDGE_CURVE ( 'NONE', #65, #1420, #525, .T. ) ;
#303 = DIRECTION ( 'NONE',  ( -0.000000000000000000, -1.000000000000000000, -0.000000000000000000 ) ) ;
#304 = CARTESIAN_POINT ( 'NONE',  ( -60.00000000000000000, 442.7056274847713553, 60.00000000000000000 ) ) ;
#305 = DIRECTION ( 'NONE',  ( 0.000000000000000000, 0.000000000000000000, -1.000000000000000000 ) ) ;
#306 = CARTESIAN_POINT ( 'NONE',  ( 43.30127018922195958, 99.99999999999998579, 86.60254037844389075 ) ) ;
#307 = VERTEX_POINT ( 'NONE', #181 ) ;
#308 = EDGE_CURVE ( 'NONE', #783, #1026, #639, .T. ) ;
#309 = VERTEX_POINT ( 'NONE', #847 ) ;
#310 =( GEOMETRIC_REPRESENTATION_CONTEXT ( 3 ) GLOBAL_UNCERTAINTY_ASSIGNED_CONTEXT ( ( #1304 ) ) GLOBAL_UNIT_ASSIGNED_CONTEXT ( ( #390, #851, #179 ) ) REPRESENTATION_CONTEXT ( 'NONE', 'WORKASPACE' ) );
#311 = CARTESIAN_POINT ( 'NONE',  ( 0.000000000000000000, 74.99999999999995737, -140.0071426749364036 ) ) ;
#312 =( BOUNDED_CURVE ( )  B_SPLINE_CURVE ( 3, ( #1425, #516, #1077, #1053 ),
 .UNSPECIFIED., .F., .T. ) 
 B_SPLINE_CURVE_WITH_KNOTS ( ( 4, 4 ),
 ( 3.141592653589793116, 3.665191429188091821 ),
 .UNSPECIFIED. ) 
 CURVE ( )  GEOMETRIC_REPRESENTATION_ITEM ( )  RATIONAL_B_SPLINE_CURVE ( ( 1.000000000000000000, 0.9772838841927120601, 0.9772838841927120601, 1.000000000000000000 ) ) 
 REPRESENTATION_ITEM ( '' )  );
#313 = AXIS2_PLACEMENT_3D ( 'NONE', #478, #1057, #1297 ) ;
#314 = CARTESIAN_POINT ( 'NONE',  ( 140.0071426749364036, 74.99999999999995737, 0.000000000000000000 ) ) ;
#315 = AXIS2_PLACEMENT_3D ( 'NONE', #1196, #1203, #1091 ) ;
#316 = CARTESIAN_POINT ( 'NONE',  ( 90.00714267493650311, 74.99999999999997158, -40.00714267493649601 ) ) ;
#317 = CARTESIAN_POINT ( 'NONE',  ( 0.000000000000000000, 75.00000000000000000, -140.0071426749364036 ) ) ;
#318 = ORIENTED_EDGE ( 'NONE', *, *, #768, .F. ) ;
#319 = EDGE_LOOP ( 'NONE', ( #447, #91, #662, #1293, #239, #300, #531, #1200 ) ) ;
#320 = PLANE ( 'NONE',  #945 ) ;
#321 = CARTESIAN_POINT ( 'NONE',  ( -60.00000000000000000, 74.99999999999995737, -200.0071426749364605 ) ) ;
#322 = EDGE_CURVE ( 'NONE', #21, #396, #198, .T. ) ;
#323 = DIRECTION ( 'NONE',  ( -0.000000000000000000, -1.000000000000000000, -0.000000000000000000 ) ) ;
#324 = ORIENTED_EDGE ( 'NONE', *, *, #723, .T. ) ;
#325 = VERTEX_POINT ( 'NONE', #1298 ) ;
#326 = EDGE_CURVE ( 'NONE', #1280, #44, #970, .T. ) ;
#327 = CARTESIAN_POINT ( 'NONE',  ( 200.0071426749364036, 442.7056274847713553, 60.00000000000000000 ) ) ;
#328 = CARTESIAN_POINT ( 'NONE',  ( 90.00714267493644627, 74.99999999999997158, -140.0071426749363752 ) ) ;
#329 = CARTESIAN_POINT ( 'NONE',  ( 0.000000000000000000, 137.4999999999998863, 0.000000000000000000 ) ) ;
#330 = EDGE_LOOP ( 'NONE', ( #331, #481, #745, #959, #1309, #843 ) ) ;
#331 = ORIENTED_EDGE ( 'NONE', *, *, #1187, .F. ) ;
#332 = CIRCLE ( 'NONE', #141, 49.99999999999998579 ) ;
#333 = CARTESIAN_POINT ( 'NONE',  ( 140.0071426749364036, 0.000000000000000000, 0.000000000000000000 ) ) ;
#334 = AXIS2_PLACEMENT_3D ( 'NONE', #1449, #1436, #88 ) ;
#335 = CARTESIAN_POINT ( 'NONE',  ( 140.0071426749364036, 137.4999999999998863, -21.65063509461080926 ) ) ;
#336 = VECTOR ( 'NONE', #1380, 1000.000000000000000 ) ;
#337 = CARTESIAN_POINT ( 'NONE',  ( 140.0071426749364036, 137.4999999999998863, 21.65063509461080926 ) ) ;
#338 = FACE_OUTER_BOUND ( 'NONE', #428, .T. ) ;
#339 = AXIS2_PLACEMENT_3D ( 'NONE', #291, #742, #1197 ) ;
#340 = VERTEX_POINT ( 'NONE', #297 ) ;
#341 = EDGE_CURVE ( 'NONE', #372, #108, #281, .T. ) ;
#342 = DIRECTION ( 'NONE',  ( 1.224646799147353207E-16, -0.000000000000000000, 1.000000000000000000 ) ) ;
#343 = DIRECTION ( 'NONE',  ( 0.000000000000000000, 0.000000000000000000, 1.000000000000000000 ) ) ;
#344 = CARTESIAN_POINT ( 'NONE',  ( -43.30127018922196669, 99.99999999999998579, -86.60254037844389075 ) ) ;
#345 = CARTESIAN_POINT ( 'NONE',  ( 47.71518800929525383, 92.35487007519930103, -235.4375186935268971 ) ) ;
#346 = ORIENTED_EDGE ( 'NONE', *, *, #383, .T. ) ;
#347 = EDGE_CURVE ( 'NONE', #1439, #827, #384, .T. ) ;
#348 = CARTESIAN_POINT ( 'NONE',  ( 140.0071426749360057, 125.0000000000000000, -140.0071426749364036 ) ) ;
#349 = DIRECTION ( 'NONE',  ( 0.000000000000000000, 0.000000000000000000, -1.000000000000000000 ) ) ;
#350 = CARTESIAN_POINT ( 'NONE',  ( -50.00000000000001421, 74.99999999999997158, -40.00714267493643206 ) ) ;
#351 = VERTEX_POINT ( 'NONE', #321 ) ;
#352 = ADVANCED_FACE ( 'NONE', ( #557 ), #438, .T. ) ;
#353 = CARTESIAN_POINT ( 'NONE',  ( -4.287811248607207984E-13, 125.0000000000000000, -140.0071426749364036 ) ) ;
#354 = CARTESIAN_POINT ( 'NONE',  ( -60.00000000000000000, 442.7056274847713553, 60.00000000000000000 ) ) ;
#355 = VECTOR ( 'NONE', #482, 1000.000000000000000 ) ;
#356 = DIRECTION ( 'NONE',  ( 0.000000000000000000, 0.000000000000000000, -1.000000000000000000 ) ) ;
#357 = CIRCLE ( 'NONE', #76, 25.00000000000000000 ) ;
#358 = ORIENTED_EDGE ( 'NONE', *, *, #322, .F. ) ;
#359 = AXIS2_PLACEMENT_3D ( 'NONE', #1471, #432, #203 ) ;
#360 = AXIS2_PLACEMENT_3D ( 'NONE', #1388, #132, #1033 ) ;
#361 = DIRECTION ( 'NONE',  ( 1.000000000000000000, 0.000000000000000000, 0.000000000000000000 ) ) ;
#362 = LINE ( 'NONE', #1394, #979 ) ;
#363 = EDGE_CURVE ( 'NONE', #1106, #964, #1006, .T. ) ;
#364 = ORIENTED_EDGE ( 'NONE', *, *, #1187, .T. ) ;
#365 = ORIENTED_EDGE ( 'NONE', *, *, #302, .F. ) ;
#366 = DIRECTION ( 'NONE',  ( 0.000000000000000000, 0.000000000000000000, -1.000000000000000000 ) ) ;
#367 = EDGE_CURVE ( 'NONE', #371, #309, #1350, .T. ) ;
#368 = CARTESIAN_POINT ( 'NONE',  ( 2.081668171172168198E-14, 74.99999999999998579, -140.0071426749364036 ) ) ;
#369 = DIRECTION ( 'NONE',  ( -0.000000000000000000, -0.000000000000000000, 1.000000000000000000 ) ) ;
#370 = FACE_OUTER_BOUND ( 'NONE', #457, .T. ) ;
#371 = VERTEX_POINT ( 'NONE', #1355 ) ;
#372 = VERTEX_POINT ( 'NONE', #1234 ) ;
#373 = CARTESIAN_POINT ( 'NONE',  ( 0.000000000000000000, 99.99999999999998579, 0.000000000000000000 ) ) ;
#374 = CARTESIAN_POINT ( 'NONE',  ( 0.000000000000000000, 99.99999999999998579, 0.000000000000000000 ) ) ;
#375 = CARTESIAN_POINT ( 'NONE',  ( 190.0071426749364036, 74.99999999999998579, 0.000000000000000000 ) ) ;
#376 = CIRCLE ( 'NONE', #284, 43.30127018922194537 ) ;
#377 = CARTESIAN_POINT ( 'NONE',  ( 187.7223306842316788, 92.35487007519931524, -140.0071426749364321 ) ) ;
#378 = ORIENTED_EDGE ( 'NONE', *, *, #201, .F. ) ;
#379 = VECTOR ( 'NONE', #1382, 1000.000000000000000 ) ;
#380 = AXIS2_PLACEMENT_3D ( 'NONE', #1146, #801, #127 ) ;
#381 = ORIENTED_EDGE ( 'NONE', *, *, #992, .F. ) ;
#382 = SURFACE_STYLE_USAGE ( .BOTH. , #839 ) ;
#383 = EDGE_CURVE ( 'NONE', #1276, #865, #736, .T. ) ;
#384 = CIRCLE ( 'NONE', #1023, 24.99999999999999289 ) ;
#385 = CARTESIAN_POINT ( 'NONE',  ( 47.71518800929526094, 92.35487007519932945, -140.0071426749364036 ) ) ;
#386 = DIRECTION ( 'NONE',  ( -0.000000000000000000, -1.000000000000000000, -0.000000000000000000 ) ) ;
#387 = CARTESIAN_POINT ( 'NONE',  ( 0.000000000000000000, 137.4999999999998863, 0.000000000000000000 ) ) ;
#388 = ORIENTED_EDGE ( 'NONE', *, *, #1373, .F. ) ;
#389 = ORIENTED_EDGE ( 'NONE', *, *, #543, .F. ) ;
#390 =( LENGTH_UNIT ( ) NAMED_UNIT ( * ) SI_UNIT ( .MILLI., .METRE. ) );
#391 = ADVANCED_FACE ( 'NONE', ( #891 ), #1263, .T. ) ;
#392 = CARTESIAN_POINT ( 'NONE',  ( 190.0071426749363752, 83.82783564014661692, -99.99999999999995737 ) ) ;
#393 = CARTESIAN_POINT ( 'NONE',  ( 200.0071426749364036, 0.000000000000000000, 60.00000000000000000 ) ) ;
#394 = CARTESIAN_POINT ( 'NONE',  ( 140.0071426749364036, 137.4999999999998863, 0.000000000000000000 ) ) ;
#395 = ORIENTED_EDGE ( 'NONE', *, *, #680, .T. ) ;
#396 = VERTEX_POINT ( 'NONE', #797 ) ;
#397 = FACE_OUTER_BOUND ( 'NONE', #1206, .T. ) ;
#398 = CARTESIAN_POINT ( 'NONE',  ( 140.0071426749364036, 0.000000000000000000, -115.0071426749364178 ) ) ;
#399 = DIRECTION ( 'NONE',  ( -0.000000000000000000, -1.000000000000000000, -0.000000000000000000 ) ) ;
#400 = LINE ( 'NONE', #758, #949 ) ;
#401 = EDGE_CURVE ( 'NONE', #1334, #1199, #674, .T. ) ;
#402 = CARTESIAN_POINT ( 'NONE',  ( 183.3084128641583845, 99.99999999999994316, -140.0071426749364321 ) ) ;
#403 = ORIENTED_EDGE ( 'NONE', *, *, #461, .T. ) ;
#404 = ORIENTED_EDGE ( 'NONE', *, *, #383, .F. ) ;
#405 = DIRECTION ( 'NONE',  ( -0.000000000000000000, -1.000000000000000000, -0.000000000000000000 ) ) ;
#406 = AXIS2_PLACEMENT_3D ( 'NONE', #1143, #803, #697 ) ;
#407 = DIRECTION ( 'NONE',  ( 0.000000000000000000, 0.000000000000000000, -1.000000000000000000 ) ) ;
#408 = LINE ( 'NONE', #1354, #287 ) ;
#409 = DIRECTION ( 'NONE',  ( -1.000000000000000000, 0.000000000000000000, 0.000000000000000000 ) ) ;
#410 = DIRECTION ( 'NONE',  ( 0.000000000000000000, 1.000000000000000000, 0.000000000000000000 ) ) ;
#411 = ORIENTED_EDGE ( 'NONE', *, *, #341, .F. ) ;
#412 = ADVANCED_FACE ( 'NONE', ( #1229 ), #162, .T. ) ;
#413 = EDGE_LOOP ( 'NONE', ( #555, #1300, #38, #641 ) ) ;
#414 = DIRECTION ( 'NONE',  ( 0.000000000000000000, 0.000000000000000000, 1.000000000000000000 ) ) ;
#415 =( NAMED_UNIT ( * ) SI_UNIT ( $, .STERADIAN. ) SOLID_ANGLE_UNIT ( ) );
#416 = DIRECTION ( 'NONE',  ( 0.000000000000000000, 0.000000000000000000, -1.000000000000000000 ) ) ;
#417 = CARTESIAN_POINT ( 'NONE',  ( 140.0071426749364036, 0.000000000000000000, -140.0071426749364036 ) ) ;
#418 = ADVANCED_FACE ( 'NONE', ( #550 ), #111, .T. ) ;
#419 = DIRECTION ( 'NONE',  ( 0.000000000000000000, 0.000000000000000000, -1.000000000000000000 ) ) ;
#420 = VERTEX_POINT ( 'NONE', #1222 ) ;
#421 = ORIENTED_EDGE ( 'NONE', *, *, #258, .F. ) ;
#422 = DIRECTION ( 'NONE',  ( -0.000000000000000000, -1.000000000000000000, -0.000000000000000000 ) ) ;
#423 = DIRECTION ( 'NONE',  ( 1.000000000000000000, 0.000000000000000000, -1.224646799147353207E-16 ) ) ;
#424 = CARTESIAN_POINT ( 'NONE',  ( 90.00714267493641785, 83.82783564014663114, 6.123233995736766085E-15 ) ) ;
#425 = DIRECTION ( 'NONE',  ( 0.000000000000000000, 0.000000000000000000, -1.000000000000000000 ) ) ;
#426 = CARTESIAN_POINT ( 'NONE',  ( -60.00000000000000000, 442.7056274847713553, 60.00000000000000000 ) ) ;
#427 = EDGE_LOOP ( 'NONE', ( #1015, #395, #1151, #510, #1128, #388 ) ) ;
#428 = EDGE_LOOP ( 'NONE', ( #1225, #1078, #378, #1061 ) ) ;
#429 = CIRCLE ( 'NONE', #256, 21.65063509461081992 ) ;
#430 = FACE_OUTER_BOUND ( 'NONE', #1328, .T. ) ;
#431 = VECTOR ( 'NONE', #533, 1000.000000000000000 ) ;
#432 = DIRECTION ( 'NONE',  ( -0.000000000000000000, -1.000000000000000000, -0.000000000000000000 ) ) ;
#433 = PRODUCT_DEFINITION_SHAPE ( 'NONE', 'NONE',  #1125 ) ;
#434 = CARTESIAN_POINT ( 'NONE',  ( -50.00000000000001421, 83.82783564014660271, 6.123233995736766874E-15 ) ) ;
#435 = CARTESIAN_POINT ( 'NONE',  ( 43.30127018922195958, 99.99999999999998579, -226.6096830533803086 ) ) ;
#436 = ORIENTED_EDGE ( 'NONE', *, *, #1004, .T. ) ;
#437 = CARTESIAN_POINT ( 'NONE',  ( 25.00000000000000000, 0.000000000000000000, -140.0071426749364036 ) ) ;
#438 = SPHERICAL_SURFACE ( 'NONE', #81, 24.99999999999999289 ) ;
#439 = DIRECTION ( 'NONE',  ( -0.000000000000000000, -1.000000000000000000, -0.000000000000000000 ) ) ;
#440 = ORIENTED_EDGE ( 'NONE', *, *, #1019, .T. ) ;
#441 = ORIENTED_EDGE ( 'NONE', *, *, #992, .T. ) ;
#442 = FACE_OUTER_BOUND ( 'NONE', #753, .T. ) ;
#443 = LINE ( 'NONE', #898, #593 ) ;
#444 = CARTESIAN_POINT ( 'NONE',  ( 161.6577777695471241, 137.4999999999998863, 0.000000000000000000 ) ) ;
#445 = CARTESIAN_POINT ( 'NONE',  ( -4.272503163617866469E-13, 150.0000000000000000, -140.0071426749364036 ) ) ;
#446 = EDGE_CURVE ( 'NONE', #191, #44, #810, .T. ) ;
#447 = ORIENTED_EDGE ( 'NONE', *, *, #853, .T. ) ;
#448 = AXIS2_PLACEMENT_3D ( 'NONE', #387, #492, #508 ) ;
#449 = DIRECTION ( 'NONE',  ( 1.000000000000000000, 0.000000000000000000, 0.000000000000000000 ) ) ;
#450 = AXIS2_PLACEMENT_3D ( 'NONE', #816, #1137, #570 ) ;
#451 = CARTESIAN_POINT ( 'NONE',  ( 140.0071426749364321, 74.99999999999998579, 0.000000000000000000 ) ) ;
#452 = VECTOR ( 'NONE', #202, 1000.000000000000000 ) ;
#453 = CARTESIAN_POINT ( 'NONE',  ( -50.00000000000002132, 74.99999999999997158, -99.99999999999998579 ) ) ;
#454 = CARTESIAN_POINT ( 'NONE',  ( 50.00000000000000000, 74.99999999999997158, -140.0071426749364036 ) ) ;
#455 = AXIS2_PLACEMENT_3D ( 'NONE', #1104, #1314, #732 ) ;
#456 = VECTOR ( 'NONE', #637, 1000.000000000000000 ) ;
#457 = EDGE_LOOP ( 'NONE', ( #584, #984, #142, #1468, #746, #1451 ) ) ;
#458 = EDGE_CURVE ( 'NONE', #805, #720, #443, .T. ) ;
#459 = CARTESIAN_POINT ( 'NONE',  ( -4.287811248607207984E-13, 125.0000000000000000, 0.000000000000000000 ) ) ;
#460 = FACE_OUTER_BOUND ( 'NONE', #1047, .T. ) ;
#461 = EDGE_CURVE ( 'NONE', #1280, #1275, #289, .T. ) ;
#462 = CARTESIAN_POINT ( 'NONE',  ( -47.71518800929526094, 92.35487007519931524, -140.0071426749364036 ) ) ;
#463 = ORIENTED_EDGE ( 'NONE', *, *, #543, .T. ) ;
#464 = CARTESIAN_POINT ( 'NONE',  ( 190.0071426749364321, 83.82783564014663114, -140.0071426749364036 ) ) ;
#465 = CARTESIAN_POINT ( 'NONE',  ( -4.287811248607207984E-13, 125.0000000000000000, 0.000000000000000000 ) ) ;
#466 = CARTESIAN_POINT ( 'NONE',  ( -4.287811248607207984E-13, 125.0000000000000000, -140.0071426749364036 ) ) ;
#467 = EDGE_LOOP ( 'NONE', ( #1374, #838, #1099, #1113, #530 ) ) ;
#468 = ORIENTED_EDGE ( 'NONE', *, *, #538, .F. ) ;
#469 = DIRECTION ( 'NONE',  ( 0.000000000000000000, 0.000000000000000000, -1.000000000000000000 ) ) ;
#470 = CARTESIAN_POINT ( 'NONE',  ( -43.30127018922195248, 99.99999999999995737, 5.302876193624537187E-15 ) ) ;
#471 = AXIS2_PLACEMENT_3D ( 'NONE', #856, #292, #632 ) ;
#472 = CARTESIAN_POINT ( 'NONE',  ( 47.71518800929526094, 92.35487007519932945, 0.000000000000000000 ) ) ;
#473 = AXIS2_PLACEMENT_3D ( 'NONE', #1349, #513, #968 ) ;
#474 = ORIENTED_EDGE ( 'NONE', *, *, #495, .T. ) ;
#475 = EDGE_LOOP ( 'NONE', ( #404, #1327, #977, #880 ) ) ;
#476 = DIRECTION ( 'NONE',  ( -0.000000000000000000, -1.000000000000000000, -0.000000000000000000 ) ) ;
#477 = EDGE_CURVE ( 'NONE', #644, #283, #223, .T. ) ;
#478 = CARTESIAN_POINT ( 'NONE',  ( 0.000000000000000000, 137.4999999999998863, 0.000000000000000000 ) ) ;
#479 = VERTEX_POINT ( 'NONE', #248 ) ;
#480 = PRODUCT_RELATED_PRODUCT_CATEGORY ( 'part', '', ( #552 ) ) ;
#481 = ORIENTED_EDGE ( 'NONE', *, *, #756, .T. ) ;
#482 = DIRECTION ( 'NONE',  ( -0.000000000000000000, -1.000000000000000000, -0.000000000000000000 ) ) ;
#483 = CARTESIAN_POINT ( 'NONE',  ( 187.7223306842316788, 92.35487007519931524, -1.168685045325952365E-14 ) ) ;
#484 = CARTESIAN_POINT ( 'NONE',  ( 140.0071426749364321, 74.99999999999998579, -140.0071426749364036 ) ) ;
#485 = CARTESIAN_POINT ( 'NONE',  ( 0.000000000000000000, 0.000000000000000000, -25.00000000000000000 ) ) ;
#486 = EDGE_LOOP ( 'NONE', ( #685, #1269, #1282, #154, #600, #1000, #1414, #130, #615, #1461, #502, #58 ) ) ;
#487 = ADVANCED_FACE ( 'NONE', ( #701 ), #951, .T. ) ;
#488 = ORIENTED_EDGE ( 'NONE', *, *, #258, .T. ) ;
#489 = CARTESIAN_POINT ( 'NONE',  ( 0.000000000000000000, 137.4999999999998863, -140.0071426749364036 ) ) ;
#490 = CARTESIAN_POINT ( 'NONE',  ( 50.00000000000000711, 83.82783564014663114, 0.000000000000000000 ) ) ;
#491 = AXIS2_PLACEMENT_3D ( 'NONE', #192, #405, #860 ) ;
#492 = DIRECTION ( 'NONE',  ( -0.000000000000000000, -1.000000000000000000, -0.000000000000000000 ) ) ;
#493 = ORIENTED_EDGE ( 'NONE', *, *, #477, .F. ) ;
#494 = CIRCLE ( 'NONE', #831, 24.99999999999999289 ) ;
#495 = EDGE_CURVE ( 'NONE', #986, #1072, #1316, .T. ) ;
#496 = EDGE_LOOP ( 'NONE', ( #1149, #578, #574, #247 ) ) ;
#497 = DIRECTION ( 'NONE',  ( 1.000000000000000000, 0.000000000000000000, -0.000000000000000000 ) ) ;
#498 = SPHERICAL_SURFACE ( 'NONE', #591, 24.99999999999999289 ) ;
#499 = CARTESIAN_POINT ( 'NONE',  ( 5.302876193624537187E-15, 99.99999999999998579, -96.70587248571446537 ) ) ;
#500 = CARTESIAN_POINT ( 'NONE',  ( 187.7223306842316219, 92.35487007519930103, -235.4375186935268971 ) ) ;
#501 = EDGE_CURVE ( 'NONE', #964, #325, #976, .T. ) ;
#502 = ORIENTED_EDGE ( 'NONE', *, *, #1131, .T. ) ;
#503 = ORIENTED_EDGE ( 'NONE', *, *, #579, .F. ) ;
#504 = CARTESIAN_POINT ( 'NONE',  ( 140.0071426749364036, 137.4999999999998863, -140.0071426749364036 ) ) ;
#505 = EDGE_CURVE ( 'NONE', #396, #163, #524, .T. ) ;
#506 = CARTESIAN_POINT ( 'NONE',  ( 183.3084128641583277, 99.99999999999998579, -86.60254037844389075 ) ) ;
#507 = CARTESIAN_POINT ( 'NONE',  ( 96.70587248571447958, 99.99999999999998579, 86.60254037844387653 ) ) ;
#508 = DIRECTION ( 'NONE',  ( 0.000000000000000000, 0.000000000000000000, -1.000000000000000000 ) ) ;
#509 = ORIENTED_EDGE ( 'NONE', *, *, #597, .T. ) ;
#510 = ORIENTED_EDGE ( 'NONE', *, *, #1062, .T. ) ;
#511 = CARTESIAN_POINT ( 'NONE',  ( 140.0071426749364036, 74.99999999999995737, 0.000000000000000000 ) ) ;
#512 =( NAMED_UNIT ( * ) PLANE_ANGLE_UNIT ( ) SI_UNIT ( $, .RADIAN. ) );
#513 = DIRECTION ( 'NONE',  ( -0.000000000000000000, -1.000000000000000000, -0.000000000000000000 ) ) ;
#514 = ADVANCED_FACE ( 'NONE', ( #397 ), #1185, .T. ) ;
#515 = DIRECTION ( 'NONE',  ( 0.000000000000000000, 0.000000000000000000, -1.000000000000000000 ) ) ;
#516 = CARTESIAN_POINT ( 'NONE',  ( -50.00000000000000711, 83.82783564014663114, 6.123233995736766085E-15 ) ) ;
#517 = EDGE_LOOP ( 'NONE', ( #358, #818, #318, #536 ) ) ;
#518 = VECTOR ( 'NONE', #956, 1000.000000000000000 ) ;
#519 = VERTEX_POINT ( 'NONE', #1421 ) ;
#520 = LINE ( 'NONE', #1440, #1385 ) ;
#521 = AXIS2_PLACEMENT_3D ( 'NONE', #1233, #696, #681 ) ;
#522 = EDGE_CURVE ( 'NONE', #1420, #1444, #1098, .T. ) ;
#523 = AXIS2_PLACEMENT_3D ( 'NONE', #704, #590, #938 ) ;
#524 = CIRCLE ( 'NONE', #713, 21.65063509461081992 ) ;
#525 = CIRCLE ( 'NONE', #339, 43.30127018922194537 ) ;
#526 = CARTESIAN_POINT ( 'NONE',  ( 0.000000000000000000, 74.99999999999995737, 0.000000000000000000 ) ) ;
#527 = AXIS2_PLACEMENT_3D ( 'NONE', #702, #773, #1220 ) ;
#528 = DIRECTION ( 'NONE',  ( -1.000000000000000000, 0.000000000000000000, 0.000000000000000000 ) ) ;
#529 = CARTESIAN_POINT ( 'NONE',  ( -49.99999999999999289, 74.99999999999997158, 99.99999999999998579 ) ) ;
#530 = ORIENTED_EDGE ( 'NONE', *, *, #1010, .F. ) ;
#531 = ORIENTED_EDGE ( 'NONE', *, *, #80, .T. ) ;
#532 = CARTESIAN_POINT ( 'NONE',  ( -60.00000000000000000, 0.000000000000000000, -200.0071426749364321 ) ) ;
#533 = DIRECTION ( 'NONE',  ( -0.000000000000000000, -1.000000000000000000, -0.000000000000000000 ) ) ;
#534 = CARTESIAN_POINT ( 'NONE',  ( 0.000000000000000000, 74.99999999999998579, 0.000000000000000000 ) ) ;
#535 = CARTESIAN_POINT ( 'NONE',  ( 47.71518800929526094, 92.35487007519931524, 0.000000000000000000 ) ) ;
#536 = ORIENTED_EDGE ( 'NONE', *, *, #505, .F. ) ;
#537 = ORIENTED_EDGE ( 'NONE', *, *, #1319, .F. ) ;
#538 = EDGE_CURVE ( 'NONE', #948, #519, #969, .T. ) ;
#539 = DIRECTION ( 'NONE',  ( 1.000000000000000000, -0.000000000000000000, 0.000000000000000000 ) ) ;
#540 = DIRECTION ( 'NONE',  ( 0.000000000000000000, 0.000000000000000000, -1.000000000000000000 ) ) ;
#541 = MANIFOLD_SOLID_BREP ( 'Sketch-Pattern1', #1345 ) ;
#542 = CARTESIAN_POINT ( 'NONE',  ( 43.30127018922195248, 99.99999999999995737, 0.000000000000000000 ) ) ;
#543 = EDGE_CURVE ( 'NONE', #752, #1420, #1171, .T. ) ;
#544 = DIRECTION ( 'NONE',  ( 0.000000000000000000, 0.000000000000000000, 1.000000000000000000 ) ) ;
#545 = VERTEX_POINT ( 'NONE', #628 ) ;
#546 = AXIS2_PLACEMENT_3D ( 'NONE', #1080, #1179, #1302 ) ;
#547 = AXIS2_PLACEMENT_3D ( 'NONE', #116, #563, #349 ) ;
#548 = CARTESIAN_POINT ( 'NONE',  ( 140.0071426749360057, 125.0000000000000000, 0.000000000000000000 ) ) ;
#549 =( BOUNDED_CURVE ( )  B_SPLINE_CURVE ( 3, ( #193, #424, #886, #1338 ),
 .UNSPECIFIED., .F., .T. ) 
 B_SPLINE_CURVE_WITH_KNOTS ( ( 4, 4 ),
 ( 3.141592653589793116, 3.665191429188091821 ),
 .UNSPECIFIED. ) 
 CURVE ( )  GEOMETRIC_REPRESENTATION_ITEM ( )  RATIONAL_B_SPLINE_CURVE ( ( 1.000000000000000000, 0.9772838841927120601, 0.9772838841927120601, 1.000000000000000000 ) ) 
 REPRESENTATION_ITEM ( '' )  );
#550 = FACE_OUTER_BOUND ( 'NONE', #271, .T. ) ;
#551 = VECTOR ( 'NONE', #932, 1000.000000000000000 ) ;
#552 = PRODUCT ( 'N1404_base', 'N1404_base', '', ( #989 ) ) ;
#553 = CARTESIAN_POINT ( 'NONE',  ( 25.00000000000000000, 0.000000000000000000, 0.000000000000000000 ) ) ;
#554 = CARTESIAN_POINT ( 'NONE',  ( 50.00000000000000000, 74.99999999999997158, -140.0071426749364036 ) ) ;
#555 = ORIENTED_EDGE ( 'NONE', *, *, #1358, .F. ) ;
#556 = DIRECTION ( 'NONE',  ( -0.000000000000000000, -1.000000000000000000, -0.000000000000000000 ) ) ;
#557 = FACE_OUTER_BOUND ( 'NONE', #517, .T. ) ;
#558 = EDGE_CURVE ( 'NONE', #1275, #479, #602, .T. ) ;
#559 = FACE_OUTER_BOUND ( 'NONE', #1216, .T. ) ;
#560 = VERTEX_POINT ( 'NONE', #844 ) ;
#561 = DIRECTION ( 'NONE',  ( 1.000000000000000000, 0.000000000000000000, 0.000000000000000000 ) ) ;
#562 = EDGE_CURVE ( 'NONE', #44, #1405, #707, .T. ) ;
#563 = DIRECTION ( 'NONE',  ( -0.000000000000000000, -1.000000000000000000, -0.000000000000000000 ) ) ;
#564 = ORIENTED_EDGE ( 'NONE', *, *, #1452, .T. ) ;
#565 = AXIS2_PLACEMENT_3D ( 'NONE', #197, #1224, #872 ) ;
#566 = EDGE_CURVE ( 'NONE', #307, #964, #1429, .T. ) ;
#567 = CARTESIAN_POINT ( 'NONE',  ( 140.0071426749364036, 75.00000000000000000, -25.00000000000000000 ) ) ;
#568 = VECTOR ( 'NONE', #1164, 999.9999999999998863 ) ;
#569 = CIRCLE ( 'NONE', #360, 50.00000000000000711 ) ;
#570 = DIRECTION ( 'NONE',  ( 0.000000000000000000, 0.000000000000000000, -1.000000000000000000 ) ) ;
#571 = CARTESIAN_POINT ( 'NONE',  ( 140.0071426749364036, 442.7056274847713553, 0.000000000000000000 ) ) ;
#572 = CIRCLE ( 'NONE', #1290, 50.00000000000000711 ) ;
#573 = ORIENTED_EDGE ( 'NONE', *, *, #347, .F. ) ;
#574 = ORIENTED_EDGE ( 'NONE', *, *, #834, .T. ) ;
#575 = CARTESIAN_POINT ( 'NONE',  ( 96.70587248571446537, 99.99999999999998579, -140.0071426749364036 ) ) ;
#576 = CARTESIAN_POINT ( 'NONE',  ( 50.00000000000000000, 74.99999999999997158, -1.224646799147353217E-14 ) ) ;
#577 = CARTESIAN_POINT ( 'NONE',  ( 140.0071426749364036, 74.99999999999995737, 0.000000000000000000 ) ) ;
#578 = ORIENTED_EDGE ( 'NONE', *, *, #1155, .T. ) ;
#579 = EDGE_CURVE ( 'NONE', #200, #928, #1159, .T. ) ;
#580 = ORIENTED_EDGE ( 'NONE', *, *, #1285, .F. ) ;
#581 = CARTESIAN_POINT ( 'NONE',  ( 0.000000000000000000, 74.99999999999998579, 0.000000000000000000 ) ) ;
#582 = CARTESIAN_POINT ( 'NONE',  ( -47.71518800929526805, 92.35487007519930103, -95.43037601859047925 ) ) ;
#583 = EDGE_CURVE ( 'NONE', #245, #1301, #1140, .T. ) ;
#584 = ORIENTED_EDGE ( 'NONE', *, *, #1050, .F. ) ;
#585 = ORIENTED_EDGE ( 'NONE', *, *, #1446, .T. ) ;
#586 = DIRECTION ( 'NONE',  ( 0.000000000000000000, 0.000000000000000000, 1.000000000000000000 ) ) ;
#587 = COLOUR_RGB ( '',0.7921568627450980005, 0.8196078431372548767, 0.9333333333333333481 ) ;
#588 = CARTESIAN_POINT ( 'NONE',  ( 183.3084128641583561, 99.99999999999995737, -1.060575238724907280E-14 ) ) ;
#589 = VECTOR ( 'NONE', #649, 1000.000000000000000 ) ;
#590 = DIRECTION ( 'NONE',  ( -0.000000000000000000, -1.000000000000000000, -0.000000000000000000 ) ) ;
#591 = AXIS2_PLACEMENT_3D ( 'NONE', #623, #1422, #62 ) ;
#592 = VERTEX_POINT ( 'NONE', #1049 ) ;
#593 = VECTOR ( 'NONE', #1361, 999.9999999999998863 ) ;
#594 = ORIENTED_EDGE ( 'NONE', *, *, #1207, .F. ) ;
#595 = DIRECTION ( 'NONE',  ( 0.000000000000000000, 0.000000000000000000, -1.000000000000000000 ) ) ;
#596 = CARTESIAN_POINT ( 'NONE',  ( 0.000000000000000000, 0.000000000000000000, 0.000000000000000000 ) ) ;
#597 = EDGE_CURVE ( 'NONE', #1072, #545, #978, .T. ) ;
#598 = DIRECTION ( 'NONE',  ( 0.000000000000000000, 0.000000000000000000, 1.000000000000000000 ) ) ;
#599 = CARTESIAN_POINT ( 'NONE',  ( 92.29195466564115691, 92.35487007519931524, -140.0071426749363752 ) ) ;
#600 = ORIENTED_EDGE ( 'NONE', *, *, #252, .T. ) ;
#601 = ORIENTED_EDGE ( 'NONE', *, *, #583, .T. ) ;
#602 = LINE ( 'NONE', #722, #355 ) ;
#603 = LINE ( 'NONE', #173, #568 ) ;
#604 = DIRECTION ( 'NONE',  ( 0.000000000000000000, -1.000000000000000000, -0.000000000000000000 ) ) ;
#605 = EDGE_CURVE ( 'NONE', #1139, #82, #786, .T. ) ;
#606 = CARTESIAN_POINT ( 'NONE',  ( 0.000000000000000000, 137.4999999999998863, -140.0071426749364036 ) ) ;
#607 = ORIENTED_EDGE ( 'NONE', *, *, #897, .F. ) ;
#608 = EDGE_LOOP ( 'NONE', ( #221, #1384, #727, #1353, #1054, #601 ) ) ;
#609 = DIRECTION ( 'NONE',  ( -0.000000000000000000, -1.000000000000000000, -0.000000000000000000 ) ) ;
#610 =( BOUNDED_CURVE ( )  B_SPLINE_CURVE ( 3, ( #257, #744, #1191, #64 ),
 .UNSPECIFIED., .F., .T. ) 
 B_SPLINE_CURVE_WITH_KNOTS ( ( 4, 4 ),
 ( 3.141592653589793116, 3.665191429188091821 ),
 .UNSPECIFIED. ) 
 CURVE ( )  GEOMETRIC_REPRESENTATION_ITEM ( )  RATIONAL_B_SPLINE_CURVE ( ( 1.000000000000000000, 0.9772838841927120601, 0.9772838841927120601, 1.000000000000000000 ) ) 
 REPRESENTATION_ITEM ( '' )  );
#611 = EDGE_CURVE ( 'NONE', #1439, #655, #520, .T. ) ;
#612 = FACE_OUTER_BOUND ( 'NONE', #1226, .T. ) ;
#613 = DIRECTION ( 'NONE',  ( 0.000000000000000000, -1.000000000000000000, -0.000000000000000000 ) ) ;
#614 = DIRECTION ( 'NONE',  ( -0.000000000000000000, -1.000000000000000000, -0.000000000000000000 ) ) ;
#615 = ORIENTED_EDGE ( 'NONE', *, *, #566, .T. ) ;
#616 = AXIS2_PLACEMENT_3D ( 'NONE', #782, #216, #419 ) ;
#617 = CIRCLE ( 'NONE', #1459, 21.65063509461080926 ) ;
#618 = EDGE_LOOP ( 'NONE', ( #901, #712, #580, #170 ) ) ;
#619 = CARTESIAN_POINT ( 'NONE',  ( 0.000000000000000000, 74.99999999999998579, -140.0071426749364036 ) ) ;
#620 = AXIS2_PLACEMENT_3D ( 'NONE', #152, #698, #718 ) ;
#621 = CARTESIAN_POINT ( 'NONE',  ( 50.00000000000000711, 74.99999999999998579, 0.000000000000000000 ) ) ;
#622 = VECTOR ( 'NONE', #1090, 1000.000000000000000 ) ;
#623 = CARTESIAN_POINT ( 'NONE',  ( 140.0071426749360057, 125.0000000000000000, 0.000000000000000000 ) ) ;
#624 = FACE_BOUND ( 'NONE', #486, .T. ) ;
#625 = CARTESIAN_POINT ( 'NONE',  ( 3.977157145218392044E-15, 137.4999999999998863, 21.65063509461080926 ) ) ;
#626 = ORIENTED_EDGE ( 'NONE', *, *, #80, .F. ) ;
#627 = VERTEX_POINT ( 'NONE', #1321 ) ;
#628 = CARTESIAN_POINT ( 'NONE',  ( 140.0071426749364036, 99.99999999999998579, -183.3084128641583845 ) ) ;
#629 = ADVANCED_FACE ( 'NONE', ( #295 ), #747, .F. ) ;
#630 = DIRECTION ( 'NONE',  ( 0.000000000000000000, 0.000000000000000000, -1.000000000000000000 ) ) ;
#631 = DIRECTION ( 'NONE',  ( -0.000000000000000000, -1.000000000000000000, -0.000000000000000000 ) ) ;
#632 = DIRECTION ( 'NONE',  ( 0.000000000000000000, 0.000000000000000000, -1.000000000000000000 ) ) ;
#633 = VERTEX_POINT ( 'NONE', #1329 ) ;
#634 = EDGE_CURVE ( 'NONE', #1026, #37, #1100, .T. ) ;
#635 = ORIENTED_EDGE ( 'NONE', *, *, #743, .F. ) ;
#636 = CARTESIAN_POINT ( 'NONE',  ( 0.000000000000000000, 442.7056274847713553, 0.000000000000000000 ) ) ;
#637 = DIRECTION ( 'NONE',  ( 0.000000000000000000, 0.000000000000000000, -1.000000000000000000 ) ) ;
#638 = DIRECTION ( 'NONE',  ( -0.000000000000000000, -1.000000000000000000, -0.000000000000000000 ) ) ;
#639 = LINE ( 'NONE', #393, #1368 ) ;
#640 = FACE_OUTER_BOUND ( 'NONE', #59, .T. ) ;
#641 = ORIENTED_EDGE ( 'NONE', *, *, #716, .F. ) ;
#642 = AXIS2_PLACEMENT_3D ( 'NONE', #185, #414, #966 ) ;
#643 = CIRCLE ( 'NONE', #334, 24.99999999999999289 ) ;
#644 = VERTEX_POINT ( 'NONE', #84 ) ;
#645 = DIRECTION ( 'NONE',  ( -1.000000000000000000, -0.000000000000000000, -0.000000000000000000 ) ) ;
#646 = DIRECTION ( 'NONE',  ( 1.000000000000000000, 0.000000000000000000, 0.000000000000000000 ) ) ;
#647 = AXIS2_PLACEMENT_3D ( 'NONE', #373, #476, #1064 ) ;
#648 = AXIS2_PLACEMENT_3D ( 'NONE', #1094, #982, #855 ) ;
#649 = DIRECTION ( 'NONE',  ( 0.000000000000000000, 1.000000000000000000, 0.000000000000000000 ) ) ;
#650 = PRODUCT_DEFINITION_FORMATION_WITH_SPECIFIED_SOURCE ( 'ANY', '', #552, .NOT_KNOWN. ) ;
#651 = DIRECTION ( 'NONE',  ( -0.000000000000000000, -1.000000000000000000, -0.000000000000000000 ) ) ;
#652 = ADVANCED_FACE ( 'NONE', ( #1201 ), #868, .T. ) ;
#653 = CARTESIAN_POINT ( 'NONE',  ( 47.71518800929525383, 92.35487007519930103, 95.43037601859047925 ) ) ;
#654 = ORIENTED_EDGE ( 'NONE', *, *, #240, .F. ) ;
#655 = VERTEX_POINT ( 'NONE', #301 ) ;
#656 = APPLICATION_PROTOCOL_DEFINITION ( 'draft international standard', 'automotive_design', 1998, #244 ) ;
#657 = DIRECTION ( 'NONE',  ( 0.000000000000000000, 0.000000000000000000, -1.000000000000000000 ) ) ;
#658 = CARTESIAN_POINT ( 'NONE',  ( 187.7223306842316788, 92.35487007519931524, -140.0071426749364036 ) ) ;
#659 = CARTESIAN_POINT ( 'NONE',  ( 50.00000000000001421, 83.82783564014660271, 0.000000000000000000 ) ) ;
#660 = CARTESIAN_POINT ( 'NONE',  ( -50.00000000000001421, 74.99999999999997158, -240.0071426749364036 ) ) ;
#661 = EDGE_CURVE ( 'NONE', #1218, #1427, #332, .T. ) ;
#662 = ORIENTED_EDGE ( 'NONE', *, *, #157, .T. ) ;
#663 = CARTESIAN_POINT ( 'NONE',  ( 90.00714267493640364, 74.99999999999998579, -140.0071426749364036 ) ) ;
#664 = DIRECTION ( 'NONE',  ( -1.000000000000000000, 0.000000000000000000, 0.000000000000000000 ) ) ;
#665 = CARTESIAN_POINT ( 'NONE',  ( 190.0071426749364321, 83.82783564014660271, -140.0071426749364036 ) ) ;
#666 = FACE_OUTER_BOUND ( 'NONE', #1134, .T. ) ;
#667 = CARTESIAN_POINT ( 'NONE',  ( -43.30127018922195248, 99.99999999999995737, -140.0071426749364036 ) ) ;
#668 = ORIENTED_EDGE ( 'NONE', *, *, #232, .F. ) ;
#669 = AXIS2_PLACEMENT_3D ( 'NONE', #426, #887, #1443 ) ;
#670 = EDGE_CURVE ( 'NONE', #592, #1275, #1209, .T. ) ;
#671 = VECTOR ( 'NONE', #361, 1000.000000000000000 ) ;
#672 = DIRECTION ( 'NONE',  ( 1.000000000000000000, 0.000000000000000000, 0.000000000000000000 ) ) ;
#673 = VECTOR ( 'NONE', #416, 1000.000000000000000 ) ;
#674 = LINE ( 'NONE', #1110, #1241 ) ;
#675 = AXIS2_PLACEMENT_3D ( 'NONE', #1014, #907, #1247 ) ;
#676 = CARTESIAN_POINT ( 'NONE',  ( -50.00000000000000000, 74.99999999999997158, 6.123233995736766085E-15 ) ) ;
#677 = CARTESIAN_POINT ( 'NONE',  ( 50.00000000000001421, 83.82783564014660271, -140.0071426749364036 ) ) ;
#678 = VERTEX_POINT ( 'NONE', #1279 ) ;
#679 = EDGE_LOOP ( 'NONE', ( #98, #1232, #285, #734 ) ) ;
#680 = EDGE_CURVE ( 'NONE', #420, #1444, #312, .T. ) ;
#681 = DIRECTION ( 'NONE',  ( 0.000000000000000000, 0.000000000000000000, -1.000000000000000000 ) ) ;
#682 = DIRECTION ( 'NONE',  ( 1.000000000000000000, 0.000000000000000000, 0.000000000000000000 ) ) ;
#683 = CYLINDRICAL_SURFACE ( 'NONE', #172, 24.99999999999999289 ) ;
#684 = SPHERICAL_SURFACE ( 'NONE', #739, 24.99999999999999289 ) ;
#685 = ORIENTED_EDGE ( 'NONE', *, *, #1255, .T. ) ;
#686 = EDGE_CURVE ( 'NONE', #191, #627, #610, .T. ) ;
#687 = DIRECTION ( 'NONE',  ( -0.000000000000000000, -1.000000000000000000, -0.000000000000000000 ) ) ;
#688 = CARTESIAN_POINT ( 'NONE',  ( 118.3565075803252853, 137.4999999999998863, -140.0071426749364036 ) ) ;
#689 = CARTESIAN_POINT ( 'NONE',  ( 43.30127018922195958, 99.99999999999998579, -53.40460229649251289 ) ) ;
#690 = ORIENTED_EDGE ( 'NONE', *, *, #670, .F. ) ;
#691 = AXIS2_PLACEMENT_3D ( 'NONE', #636, #1089, #987 ) ;
#692 = DIRECTION ( 'NONE',  ( -0.000000000000000000, -1.000000000000000000, -0.000000000000000000 ) ) ;
#693 = CONICAL_SURFACE ( 'NONE', #313, 21.65063509461080926, 0.5235987755983033676 ) ;
#694 = DIRECTION ( 'NONE',  ( -0.000000000000000000, -1.000000000000000000, -0.000000000000000000 ) ) ;
#695 = ORIENTED_EDGE ( 'NONE', *, *, #461, .F. ) ;
#696 = DIRECTION ( 'NONE',  ( -0.000000000000000000, -1.000000000000000000, -0.000000000000000000 ) ) ;
#697 = DIRECTION ( 'NONE',  ( 0.000000000000000000, 0.000000000000000000, -1.000000000000000000 ) ) ;
#698 = DIRECTION ( 'NONE',  ( 0.000000000000000000, 0.000000000000000000, 1.000000000000000000 ) ) ;
#699 = EDGE_LOOP ( 'NONE', ( #913, #965, #1248, #184, #1184 ) ) ;
#700 = VERTEX_POINT ( 'NONE', #1060 ) ;
#701 = FACE_OUTER_BOUND ( 'NONE', #784, .T. ) ;
#702 = CARTESIAN_POINT ( 'NONE',  ( 140.0071426749360057, 125.0000000000000000, -140.0071426749364036 ) ) ;
#703 = LINE ( 'NONE', #1153, #27 ) ;
#704 = CARTESIAN_POINT ( 'NONE',  ( 140.0071426749364036, 99.99999999999998579, 0.000000000000000000 ) ) ;
#705 = ORIENTED_EDGE ( 'NONE', *, *, #1460, .T. ) ;
#706 = ORIENTED_EDGE ( 'NONE', *, *, #1155, .F. ) ;
#707 = LINE ( 'NONE', #942, #1363 ) ;
#708 = ADVANCED_FACE ( 'NONE', ( #711 ), #769, .T. ) ;
#709 = CARTESIAN_POINT ( 'NONE',  ( 190.0071426749364321, 83.82783564014660271, -1.224646799147353217E-14 ) ) ;
#710 = CARTESIAN_POINT ( 'NONE',  ( 187.7223306842316504, 92.35487007519930103, 95.43037601859046504 ) ) ;
#711 = FACE_OUTER_BOUND ( 'NONE', #1036, .T. ) ;
#712 = ORIENTED_EDGE ( 'NONE', *, *, #538, .T. ) ;
#713 = AXIS2_PLACEMENT_3D ( 'NONE', #489, #609, #366 ) ;
#714 = VECTOR ( 'NONE', #188, 999.9999999999998863 ) ;
#715 = ORIENTED_EDGE ( 'NONE', *, *, #1092, .T. ) ;
#716 = EDGE_CURVE ( 'NONE', #1170, #372, #429, .T. ) ;
#717 = DIRECTION ( 'NONE',  ( 0.000000000000000000, -1.000000000000000000, -0.000000000000000000 ) ) ;
#718 = DIRECTION ( 'NONE',  ( 1.000000000000000000, 0.000000000000000000, 0.000000000000000000 ) ) ;
#719 = DIRECTION ( 'NONE',  ( -0.000000000000000000, -1.000000000000000000, -0.000000000000000000 ) ) ;
#720 = VERTEX_POINT ( 'NONE', #1176 ) ;
#721 = ORIENTED_EDGE ( 'NONE', *, *, #1136, .F. ) ;
#722 = CARTESIAN_POINT ( 'NONE',  ( 140.0071426749364036, 0.000000000000000000, -25.00000000000000000 ) ) ;
#723 = EDGE_CURVE ( 'NONE', #1139, #1402, #176, .T. ) ;
#724 = FACE_OUTER_BOUND ( 'NONE', #950, .T. ) ;
#725 = CARTESIAN_POINT ( 'NONE',  ( 90.00714267493640364, 74.99999999999998579, -140.0071426749364036 ) ) ;
#726 = CARTESIAN_POINT ( 'NONE',  ( 140.0071426749364036, 137.4999999999998863, 0.000000000000000000 ) ) ;
#727 = ORIENTED_EDGE ( 'NONE', *, *, #501, .F. ) ;
#728 = VERTEX_POINT ( 'NONE', #833 ) ;
#729 = FILL_AREA_STYLE_COLOUR ( '', #587 ) ;
#730 = PRODUCT_DEFINITION_CONTEXT ( 'detailed design', #1059, 'design' ) ;
#731 = DIRECTION ( 'NONE',  ( -0.000000000000000000, -1.000000000000000000, -0.000000000000000000 ) ) ;
#732 = DIRECTION ( 'NONE',  ( 0.000000000000000000, 0.000000000000000000, -1.000000000000000000 ) ) ;
#733 = CONICAL_SURFACE ( 'NONE', #565, 21.65063509461081992, 0.5235987755983033676 ) ;
#734 = ORIENTED_EDGE ( 'NONE', *, *, #605, .F. ) ;
#735 = AXIS2_PLACEMENT_3D ( 'NONE', #1103, #70, #981 ) ;
#736 = CIRCLE ( 'NONE', #28, 24.99999999999999289 ) ;
#737 = ADVANCED_FACE ( 'NONE', ( #269 ), #1065, .T. ) ;
#738 = ORIENTED_EDGE ( 'NONE', *, *, #670, .T. ) ;
#739 = AXIS2_PLACEMENT_3D ( 'NONE', #104, #544, #778 ) ;
#740 = SHAPE_DEFINITION_REPRESENTATION ( #433, #1087 ) ;
#741 = CARTESIAN_POINT ( 'NONE',  ( 0.000000000000000000, 0.000000000000000000, -140.0071426749364036 ) ) ;
#742 = DIRECTION ( 'NONE',  ( -0.000000000000000000, -1.000000000000000000, -0.000000000000000000 ) ) ;
#743 = EDGE_CURVE ( 'NONE', #108, #633, #376, .T. ) ;
#744 = CARTESIAN_POINT ( 'NONE',  ( 190.0071426749364321, 83.82783564014663114, 0.000000000000000000 ) ) ;
#745 = ORIENTED_EDGE ( 'NONE', *, *, #785, .T. ) ;
#746 = ORIENTED_EDGE ( 'NONE', *, *, #4, .F. ) ;
#747 = PLANE ( 'NONE',  #642 ) ;
#748 =( BOUNDED_CURVE ( )  B_SPLINE_CURVE ( 3, ( #663, #869, #755, #852 ),
 .UNSPECIFIED., .F., .T. ) 
 B_SPLINE_CURVE_WITH_KNOTS ( ( 4, 4 ),
 ( 3.141592653589793116, 3.665191429188091377 ),
 .UNSPECIFIED. ) 
 CURVE ( )  GEOMETRIC_REPRESENTATION_ITEM ( )  RATIONAL_B_SPLINE_CURVE ( ( 1.000000000000000000, 0.9772838841927120601, 0.9772838841927120601, 1.000000000000000000 ) ) 
 REPRESENTATION_ITEM ( '' )  );
#749 = CARTESIAN_POINT ( 'NONE',  ( 200.0071426749364605, 74.99999999999995737, 60.00000000000000000 ) ) ;
#750 = CARTESIAN_POINT ( 'NONE',  ( 0.000000000000000000, 137.4999999999998863, -161.6577777695472378 ) ) ;
#751 = DIRECTION ( 'NONE',  ( 0.000000000000000000, 0.000000000000000000, -1.000000000000000000 ) ) ;
#752 = VERTEX_POINT ( 'NONE', #625 ) ;
#753 = EDGE_LOOP ( 'NONE', ( #468, #1086, #721, #607 ) ) ;
#754 = DIRECTION ( 'NONE',  ( 0.000000000000000000, 0.000000000000000000, -1.000000000000000000 ) ) ;
#755 = CARTESIAN_POINT ( 'NONE',  ( 92.29195466564118533, 92.35487007519932945, -140.0071426749363752 ) ) ;
#756 = EDGE_CURVE ( 'NONE', #1003, #1158, #1093, .T. ) ;
#757 = DIRECTION ( 'NONE',  ( 0.000000000000000000, 0.000000000000000000, -1.000000000000000000 ) ) ;
#758 = CARTESIAN_POINT ( 'NONE',  ( 0.000000000000000000, 74.99999999999995737, 0.000000000000000000 ) ) ;
#759 = CARTESIAN_POINT ( 'NONE',  ( -43.30127018922195248, 99.99999999999995737, 5.302876193624537187E-15 ) ) ;
#760 = ORIENTED_EDGE ( 'NONE', *, *, #1367, .T. ) ;
#761 =( BOUNDED_SURFACE ( )  B_SPLINE_SURFACE ( 3, 3, ( 
 ( #1188, #830, #1180, #840 ),
 ( #267, #1399, #392, #709 ),
 ( #845, #944, #290, #483 ),
 ( #937, #1043, #506, #588 ) ),
 .UNSPECIFIED., .F., .F., .F. ) 
 B_SPLINE_SURFACE_WITH_KNOTS ( ( 4, 4 ),
 ( 4, 4 ),
 ( 0.000000000000000000, 1.000000000000000000 ),
 ( 0.000000000000000000, 1.000000000000000000 ),
 .UNSPECIFIED. ) 
 GEOMETRIC_REPRESENTATION_ITEM ( )  RATIONAL_B_SPLINE_SURFACE ( (
 ( 1.000000000000000000, 0.3333333333333334259, 0.3333333333333334259, 1.000000000000000000),
 ( 0.9772838841927120601, 0.3257612947309040941, 0.3257612947309040941, 0.9772838841927120601),
 ( 0.9772838841927120601, 0.3257612947309040941, 0.3257612947309040941, 0.9772838841927120601),
 ( 1.000000000000000000, 0.3333333333333334259, 0.3333333333333334259, 1.000000000000000000) ) ) 
 REPRESENTATION_ITEM ( '' )  SURFACE ( )  );
#762 = PRESENTATION_LAYER_ASSIGNMENT (  '', '', ( #1186 ) ) ;
#763 = AXIS2_PLACEMENT_3D ( 'NONE', #100, #180, #657 ) ;
#764 = ORIENTED_EDGE ( 'NONE', *, *, #774, .T. ) ;
#765 = DIRECTION ( 'NONE',  ( -0.000000000000000000, -1.000000000000000000, -0.000000000000000000 ) ) ;
#766 = CIRCLE ( 'NONE', #1219, 43.30127018922194537 ) ;
#767 = CARTESIAN_POINT ( 'NONE',  ( 0.000000000000000000, 137.4999999999998863, -140.0071426749364036 ) ) ;
#768 = EDGE_CURVE ( 'NONE', #163, #1170, #234, .T. ) ;
#769 =( BOUNDED_SURFACE ( )  B_SPLINE_SURFACE ( 3, 3, ( 
 ( #1168, #1411, #57, #153 ),
 ( #1395, #1317, #1401, #1299 ),
 ( #599, #160, #500, #377 ),
 ( #42, #49, #276, #402 ) ),
 .UNSPECIFIED., .F., .F., .F. ) 
 B_SPLINE_SURFACE_WITH_KNOTS ( ( 4, 4 ),
 ( 4, 4 ),
 ( 0.000000000000000000, 1.000000000000000000 ),
 ( 0.000000000000000000, 1.000000000000000000 ),
 .UNSPECIFIED. ) 
 GEOMETRIC_REPRESENTATION_ITEM ( )  RATIONAL_B_SPLINE_SURFACE ( (
 ( 1.000000000000000000, 0.3333333333333334259, 0.3333333333333334259, 1.000000000000000000),
 ( 0.9772838841927120601, 0.3257612947309040941, 0.3257612947309040941, 0.9772838841927120601),
 ( 0.9772838841927120601, 0.3257612947309040941, 0.3257612947309040941, 0.9772838841927120601),
 ( 1.000000000000000000, 0.3333333333333334259, 0.3333333333333334259, 1.000000000000000000) ) ) 
 REPRESENTATION_ITEM ( '' )  SURFACE ( )  );
#770 = DIRECTION ( 'NONE',  ( -0.000000000000000000, -1.000000000000000000, -0.000000000000000000 ) ) ;
#771 = ORIENTED_EDGE ( 'NONE', *, *, #1325, .T. ) ;
#772 = ORIENTED_EDGE ( 'NONE', *, *, #186, .T. ) ;
#773 = DIRECTION ( 'NONE',  ( 0.000000000000000000, 0.000000000000000000, 1.000000000000000000 ) ) ;
#774 = EDGE_CURVE ( 'NONE', #940, #1003, #1281, .T. ) ;
#775 = DIRECTION ( 'NONE',  ( 0.000000000000000000, -1.000000000000000000, -0.000000000000000000 ) ) ;
#776 = CARTESIAN_POINT ( 'NONE',  ( 0.000000000000000000, 74.99999999999995737, -140.0071426749364036 ) ) ;
#777 = CARTESIAN_POINT ( 'NONE',  ( -47.71518800929523962, 92.35487007519930103, 95.43037601859047925 ) ) ;
#778 = DIRECTION ( 'NONE',  ( 1.000000000000000000, 0.000000000000000000, 0.000000000000000000 ) ) ;
#779 = ORIENTED_EDGE ( 'NONE', *, *, #246, .F. ) ;
#780 = LINE ( 'NONE', #903, #336 ) ;
#781 = CARTESIAN_POINT ( 'NONE',  ( 90.00714267493650311, 83.82783564014661692, -40.00714267493648890 ) ) ;
#782 = CARTESIAN_POINT ( 'NONE',  ( 140.0071426749364036, 99.99999999999998579, 0.000000000000000000 ) ) ;
#783 = VERTEX_POINT ( 'NONE', #282 ) ;
#784 = EDGE_LOOP ( 'NONE', ( #573, #177, #705, #585 ) ) ;
#785 = EDGE_CURVE ( 'NONE', #1158, #371, #1212, .T. ) ;
#786 = CIRCLE ( 'NONE', #491, 25.00000000000000000 ) ;
#787 = VECTOR ( 'NONE', #1356, 1000.000000000000000 ) ;
#788 = DIRECTION ( 'NONE',  ( -1.000000000000000000, -0.000000000000000000, -0.000000000000000000 ) ) ;
#789 = AXIS2_PLACEMENT_3D ( 'NONE', #910, #241, #1470 ) ;
#790 = AXIS2_PLACEMENT_3D ( 'NONE', #504, #263, #828 ) ;
#791 = CARTESIAN_POINT ( 'NONE',  ( 140.0071426749364036, 75.00000000000000000, 0.000000000000000000 ) ) ;
#792 = DIRECTION ( 'NONE',  ( 0.000000000000000000, 0.000000000000000000, 1.000000000000000000 ) ) ;
#793 = EDGE_CURVE ( 'NONE', #1199, #1379, #1198, .T. ) ;
#794 = CARTESIAN_POINT ( 'NONE',  ( -43.30127018922195958, 99.99999999999998579, -53.40460229649251289 ) ) ;
#795 = ORIENTED_EDGE ( 'NONE', *, *, #522, .T. ) ;
#796 = LINE ( 'NONE', #808, #813 ) ;
#797 = CARTESIAN_POINT ( 'NONE',  ( 21.65063509461069557, 137.4999999999998863, -140.0071426749364036 ) ) ;
#798 = CARTESIAN_POINT ( 'NONE',  ( 140.0071426749364036, 99.99999999999998579, -96.70587248571446537 ) ) ;
#799 = CARTESIAN_POINT ( 'NONE',  ( 43.30127018922195248, 99.99999999999995737, -140.0071426749364036 ) ) ;
#800 = ORIENTED_EDGE ( 'NONE', *, *, #90, .F. ) ;
#801 = DIRECTION ( 'NONE',  ( -0.000000000000000000, -1.000000000000000000, -0.000000000000000000 ) ) ;
#802 = ADVANCED_FACE ( 'NONE', ( #370 ), #733, .T. ) ;
#803 = DIRECTION ( 'NONE',  ( 0.000000000000000000, -1.000000000000000000, -0.000000000000000000 ) ) ;
#804 = CARTESIAN_POINT ( 'NONE',  ( 50.00000000000001421, 83.82783564014660271, -140.0071426749364036 ) ) ;
#805 = VERTEX_POINT ( 'NONE', #103 ) ;
#806 = ORIENTED_EDGE ( 'NONE', *, *, #326, .T. ) ;
#807 = ADVANCED_FACE ( 'NONE', ( #666 ), #1404, .T. ) ;
#808 = CARTESIAN_POINT ( 'NONE',  ( 0.000000000000000000, 0.000000000000000000, -140.0071426749364036 ) ) ;
#809 = VECTOR ( 'NONE', #1005, 1000.000000000000000 ) ;
#810 = CIRCLE ( 'NONE', #359, 50.00000000000000711 ) ;
#811 = DIRECTION ( 'NONE',  ( 1.000000000000000000, -0.000000000000000000, 0.000000000000000000 ) ) ;
#812 = CARTESIAN_POINT ( 'NONE',  ( 0.000000000000000000, 0.000000000000000000, 0.000000000000000000 ) ) ;
#813 = VECTOR ( 'NONE', #788, 1000.000000000000000 ) ;
#814 = EDGE_LOOP ( 'NONE', ( #299, #381, #293, #1270, #1097, #1079 ) ) ;
#815 =( BOUNDED_SURFACE ( )  B_SPLINE_SURFACE ( 3, 3, ( 
 ( #454, #1231, #350, #9 ),
 ( #804, #1008, #1352, #894 ),
 ( #14, #97, #1018, #462 ),
 ( #229, #689, #794, #900 ) ),
 .UNSPECIFIED., .F., .F., .T. ) 
 B_SPLINE_SURFACE_WITH_KNOTS ( ( 4, 4 ),
 ( 4, 4 ),
 ( 0.000000000000000000, 1.000000000000000000 ),
 ( 0.000000000000000000, 1.000000000000000000 ),
 .UNSPECIFIED. ) 
 GEOMETRIC_REPRESENTATION_ITEM ( )  RATIONAL_B_SPLINE_SURFACE ( (
 ( 1.000000000000000000, 0.3333333333333334259, 0.3333333333333334259, 1.000000000000000000),
 ( 0.9772838841927120601, 0.3257612947309040941, 0.3257612947309040941, 0.9772838841927120601),
 ( 0.9772838841927120601, 0.3257612947309040941, 0.3257612947309040941, 0.9772838841927120601),
 ( 1.000000000000000000, 0.3333333333333334259, 0.3333333333333334259, 1.000000000000000000) ) ) 
 REPRESENTATION_ITEM ( '' )  SURFACE ( )  );
#816 = CARTESIAN_POINT ( 'NONE',  ( 140.0071426749364036, 74.99999999999998579, -140.0071426749364036 ) ) ;
#817 = CARTESIAN_POINT ( 'NONE',  ( 90.00714267493644627, 74.99999999999997158, 99.99999999999995737 ) ) ;
#818 = ORIENTED_EDGE ( 'NONE', *, *, #1358, .T. ) ;
#819 = ADVANCED_FACE ( 'NONE', ( #1235 ), #983, .F. ) ;
#820 = ORIENTED_EDGE ( 'NONE', *, *, #1387, .F. ) ;
#821 = PRESENTATION_STYLE_ASSIGNMENT (( #382 ) ) ;
#822 = FACE_OUTER_BOUND ( 'NONE', #277, .T. ) ;
#823 = DIRECTION ( 'NONE',  ( 0.000000000000000000, 0.000000000000000000, -1.000000000000000000 ) ) ;
#824 = DIRECTION ( 'NONE',  ( 0.000000000000000000, 0.000000000000000000, 1.000000000000000000 ) ) ;
#825 = ORIENTED_EDGE ( 'NONE', *, *, #875, .F. ) ;
#826 = EDGE_CURVE ( 'NONE', #309, #627, #26, .T. ) ;
#827 = VERTEX_POINT ( 'NONE', #879 ) ;
#828 = DIRECTION ( 'NONE',  ( 0.000000000000000000, 0.000000000000000000, -1.000000000000000000 ) ) ;
#829 = VECTOR ( 'NONE', #72, 1000.000000000000000 ) ;
#830 = CARTESIAN_POINT ( 'NONE',  ( 90.00714267493640364, 74.99999999999997158, -99.99999999999998579 ) ) ;
#831 = AXIS2_PLACEMENT_3D ( 'NONE', #317, #770, #1458 ) ;
#832 = CARTESIAN_POINT ( 'NONE',  ( 190.0071426749364036, 74.99999999999997158, 0.000000000000000000 ) ) ;
#833 = CARTESIAN_POINT ( 'NONE',  ( 140.0071426749364036, 99.99999999999998579, 43.30127018922194537 ) ) ;
#834 = EDGE_CURVE ( 'NONE', #1106, #644, #494, .T. ) ;
#835 = AXIS2_PLACEMENT_3D ( 'NONE', #1175, #1031, #159 ) ;
#836 = ORIENTED_EDGE ( 'NONE', *, *, #723, .F. ) ;
#837 = VECTOR ( 'NONE', #409, 1000.000000000000000 ) ;
#838 = ORIENTED_EDGE ( 'NONE', *, *, #1381, .T. ) ;
#839 = SURFACE_SIDE_STYLE ('',( #1415 ) ) ;
#840 = CARTESIAN_POINT ( 'NONE',  ( 190.0071426749364036, 74.99999999999997158, -1.224646799147353217E-14 ) ) ;
#841 = DIRECTION ( 'NONE',  ( 0.000000000000000000, 0.000000000000000000, -1.000000000000000000 ) ) ;
#842 = ORIENTED_EDGE ( 'NONE', *, *, #1249, .T. ) ;
#843 = ORIENTED_EDGE ( 'NONE', *, *, #150, .F. ) ;
#844 = CARTESIAN_POINT ( 'NONE',  ( 115.0071426749364178, 0.000000000000000000, 0.000000000000000000 ) ) ;
#845 = CARTESIAN_POINT ( 'NONE',  ( 92.29195466564115691, 92.35487007519931524, 5.843425226629761827E-15 ) ) ;
#846 = ADVANCED_FACE ( 'NONE', ( #640 ), #914, .T. ) ;
#847 = CARTESIAN_POINT ( 'NONE',  ( 140.0071426749364036, 99.99999999999998579, -43.30127018922194537 ) ) ;
#848 = DIRECTION ( 'NONE',  ( -0.000000000000000000, -1.000000000000000000, -0.000000000000000000 ) ) ;
#849 = VERTEX_POINT ( 'NONE', #1215 ) ;
#850 = ORIENTED_EDGE ( 'NONE', *, *, #558, .T. ) ;
#851 =( NAMED_UNIT ( * ) PLANE_ANGLE_UNIT ( ) SI_UNIT ( $, .RADIAN. ) );
#852 = CARTESIAN_POINT ( 'NONE',  ( 96.70587248571446537, 99.99999999999998579, -140.0071426749364036 ) ) ;
#853 = EDGE_CURVE ( 'NONE', #857, #560, #1105, .T. ) ;
#854 = CARTESIAN_POINT ( 'NONE',  ( 50.00000000000000000, 74.99999999999998579, -140.0071426749364036 ) ) ;
#855 = DIRECTION ( 'NONE',  ( 0.000000000000000000, 0.000000000000000000, -1.000000000000000000 ) ) ;
#856 = CARTESIAN_POINT ( 'NONE',  ( 140.0071426749364036, 137.4999999999998863, 0.000000000000000000 ) ) ;
#857 = VERTEX_POINT ( 'NONE', #553 ) ;
#858 = VECTOR ( 'NONE', #931, 1000.000000000000000 ) ;
#859 = ORIENTED_EDGE ( 'NONE', *, *, #1194, .F. ) ;
#860 = DIRECTION ( 'NONE',  ( 0.000000000000000000, 0.000000000000000000, -1.000000000000000000 ) ) ;
#861 = AXIS2_PLACEMENT_3D ( 'NONE', #1408, #1274, #356 ) ;
#862 = CARTESIAN_POINT ( 'NONE',  ( 0.000000000000000000, 99.99999999999998579, -140.0071426749364036 ) ) ;
#863 = CARTESIAN_POINT ( 'NONE',  ( 96.70587248571446537, 99.99999999999995737, 5.302876193624537187E-15 ) ) ;
#864 = DIRECTION ( 'NONE',  ( 0.000000000000000000, 0.000000000000000000, -1.000000000000000000 ) ) ;
#865 = VERTEX_POINT ( 'NONE', #1096 ) ;
#866 = ORIENTED_EDGE ( 'NONE', *, *, #686, .F. ) ;
#867 = EDGE_CURVE ( 'NONE', #948, #849, #643, .T. ) ;
#868 = PLANE ( 'NONE',  #691 ) ;
#869 = CARTESIAN_POINT ( 'NONE',  ( 90.00714267493643206, 83.82783564014661692, -140.0071426749363752 ) ) ;
#870 = CARTESIAN_POINT ( 'NONE',  ( 0.000000000000000000, 442.7056274847713553, 0.000000000000000000 ) ) ;
#871 = CARTESIAN_POINT ( 'NONE',  ( 183.3084128641583561, 99.99999999999998579, 86.60254037844387653 ) ) ;
#872 = DIRECTION ( 'NONE',  ( 0.000000000000000000, 0.000000000000000000, -1.000000000000000000 ) ) ;
#873 = ORIENTED_EDGE ( 'NONE', *, *, #131, .F. ) ;
#874 = EDGE_LOOP ( 'NONE', ( #389, #1366, #1177, #935, #1243, #1336 ) ) ;
#875 = EDGE_CURVE ( 'NONE', #560, #1280, #993, .T. ) ;
#876 = CARTESIAN_POINT ( 'NONE',  ( 115.0071426749364178, 0.000000000000000000, -140.0071426749364036 ) ) ;
#877 = CARTESIAN_POINT ( 'NONE',  ( 140.0071426749364036, 74.99999999999998579, 0.000000000000000000 ) ) ;
#878 = CARTESIAN_POINT ( 'NONE',  ( 96.70587248571453642, 99.99999999999998579, -53.40460229649255552 ) ) ;
#879 = CARTESIAN_POINT ( 'NONE',  ( 115.0071426749364178, 0.000000000000000000, -140.0071426749364036 ) ) ;
#880 = ORIENTED_EDGE ( 'NONE', *, *, #1337, .F. ) ;
#881 = EDGE_CURVE ( 'NONE', #849, #805, #1432, .T. ) ;
#882 = VECTOR ( 'NONE', #410, 1000.000000000000000 ) ;
#883 = EDGE_LOOP ( 'NONE', ( #206, #941, #155, #1020 ) ) ;
#884 = AXIS2_PLACEMENT_3D ( 'NONE', #870, #539, #86 ) ;
#885 = AXIS2_PLACEMENT_3D ( 'NONE', #571, #217, #122 ) ;
#886 = CARTESIAN_POINT ( 'NONE',  ( 92.29195466564114270, 92.35487007519932945, 5.843425226629761827E-15 ) ) ;
#887 = DIRECTION ( 'NONE',  ( 0.000000000000000000, 0.000000000000000000, -1.000000000000000000 ) ) ;
#888 = CARTESIAN_POINT ( 'NONE',  ( -50.00000000000001421, 83.82783564014660271, -140.0071426749364036 ) ) ;
#889 = ORIENTED_EDGE ( 'NONE', *, *, #1062, .F. ) ;
#890 = CARTESIAN_POINT ( 'NONE',  ( 118.3565075803252853, 137.4999999999998863, 2.651438096812236250E-15 ) ) ;
#891 = FACE_OUTER_BOUND ( 'NONE', #25, .T. ) ;
#892 = EDGE_CURVE ( 'NONE', #1239, #928, #1189, .T. ) ;
#893 = DIRECTION ( 'NONE',  ( 0.000000000000000000, 0.000000000000000000, -1.000000000000000000 ) ) ;
#894 = CARTESIAN_POINT ( 'NONE',  ( -50.00000000000001421, 83.82783564014660271, -140.0071426749364036 ) ) ;
#895 = ORIENTED_EDGE ( 'NONE', *, *, #1460, .F. ) ;
#896 = ORIENTED_EDGE ( 'NONE', *, *, #579, .T. ) ;
#897 = EDGE_CURVE ( 'NONE', #519, #752, #1160, .T. ) ;
#898 = CARTESIAN_POINT ( 'NONE',  ( 0.000000000000000000, 137.4999999999998863, -21.65063509461080926 ) ) ;
#899 = CARTESIAN_POINT ( 'NONE',  ( -60.00000000000000000, 0.000000000000000000, 60.00000000000000000 ) ) ;
#900 = CARTESIAN_POINT ( 'NONE',  ( -43.30127018922195248, 99.99999999999995737, -140.0071426749364036 ) ) ;
#901 = ORIENTED_EDGE ( 'NONE', *, *, #867, .F. ) ;
#902 = AXIS2_PLACEMENT_3D ( 'NONE', #329, #1230, #1007 ) ;
#903 = CARTESIAN_POINT ( 'NONE',  ( -60.00000000000000000, 74.99999999999995737, -200.0071426749364321 ) ) ;
#904 = CARTESIAN_POINT ( 'NONE',  ( 187.7223306842316504, 92.35487007519930103, -44.57676665634593860 ) ) ;
#905 = VECTOR ( 'NONE', #1181, 1000.000000000000000 ) ;
#906 = CARTESIAN_POINT ( 'NONE',  ( -50.00000000000001421, 83.82783564014660271, 6.123233995736766874E-15 ) ) ;
#907 = DIRECTION ( 'NONE',  ( -0.000000000000000000, -1.000000000000000000, -0.000000000000000000 ) ) ;
#908 = ORIENTED_EDGE ( 'NONE', *, *, #958, .F. ) ;
#909 = EDGE_CURVE ( 'NONE', #857, #82, #973, .T. ) ;
#910 = CARTESIAN_POINT ( 'NONE',  ( 140.0071426749364036, 137.4999999999998863, 0.000000000000000000 ) ) ;
#911 = PLANE ( 'NONE',  #1040 ) ;
#912 = CARTESIAN_POINT ( 'NONE',  ( -60.00000000000000000, 0.000000000000000000, -200.0071426749364321 ) ) ;
#913 = ORIENTED_EDGE ( 'NONE', *, *, #1249, .F. ) ;
#914 =( BOUNDED_SURFACE ( )  B_SPLINE_SURFACE ( 3, 3, ( 
 ( #204, #1205, #529, #676 ),
 ( #659, #1111, #96, #434 ),
 ( #535, #653, #777, #1333 ),
 ( #542, #306, #1118, #759 ) ),
 .UNSPECIFIED., .F., .F., .F. ) 
 B_SPLINE_SURFACE_WITH_KNOTS ( ( 4, 4 ),
 ( 4, 4 ),
 ( 0.000000000000000000, 1.000000000000000000 ),
 ( 0.000000000000000000, 1.000000000000000000 ),
 .UNSPECIFIED. ) 
 GEOMETRIC_REPRESENTATION_ITEM ( )  RATIONAL_B_SPLINE_SURFACE ( (
 ( 1.000000000000000000, 0.3333333333333334259, 0.3333333333333334259, 1.000000000000000000),
 ( 0.9772838841927120601, 0.3257612947309040941, 0.3257612947309040941, 0.9772838841927120601),
 ( 0.9772838841927120601, 0.3257612947309040941, 0.3257612947309040941, 0.9772838841927120601),
 ( 1.000000000000000000, 0.3333333333333334259, 0.3333333333333334259, 1.000000000000000000) ) ) 
 REPRESENTATION_ITEM ( '' )  SURFACE ( )  );
#915 = ADVANCED_FACE ( 'NONE', ( #189 ), #1266, .T. ) ;
#916 = FACE_OUTER_BOUND ( 'NONE', #330, .T. ) ;
#917 = CARTESIAN_POINT ( 'NONE',  ( -47.71518800929526094, 92.35487007519931524, 5.843425226629761827E-15 ) ) ;
#918 = CARTESIAN_POINT ( 'NONE',  ( 190.0071426749364321, 83.82783564014660271, 0.000000000000000000 ) ) ;
#919 = ORIENTED_EDGE ( 'NONE', *, *, #892, .F. ) ;
#920 = ADVANCED_FACE ( 'NONE', ( #460 ), #911, .F. ) ;
#921 = CARTESIAN_POINT ( 'NONE',  ( 0.000000000000000000, 0.000000000000000000, -25.00000000000000000 ) ) ;
#922 = CIRCLE ( 'NONE', #1261, 24.99999999999999289 ) ;
#923 = AXIS2_PLACEMENT_3D ( 'NONE', #1152, #137, #115 ) ;
#924 = CARTESIAN_POINT ( 'NONE',  ( 43.30127018922195248, 99.99999999999995737, -1.060575238724907437E-14 ) ) ;
#925 = EDGE_CURVE ( 'NONE', #325, #307, #1002, .T. ) ;
#926 = FACE_OUTER_BOUND ( 'NONE', #1107, .T. ) ;
#927 = CIRCLE ( 'NONE', #32, 43.30127018922194537 ) ;
#928 = VERTEX_POINT ( 'NONE', #798 ) ;
#929 = ORIENTED_EDGE ( 'NONE', *, *, #308, .T. ) ;
#930 = CARTESIAN_POINT ( 'NONE',  ( -4.287811248607207984E-13, 125.0000000000000000, 0.000000000000000000 ) ) ;
#931 = DIRECTION ( 'NONE',  ( -0.000000000000000000, -1.000000000000000000, -0.000000000000000000 ) ) ;
#932 = DIRECTION ( 'NONE',  ( 0.000000000000000000, 0.000000000000000000, 1.000000000000000000 ) ) ;
#933 = EDGE_CURVE ( 'NONE', #37, #1445, #1132, .T. ) ;
#934 = ORIENTED_EDGE ( 'NONE', *, *, #1412, .T. ) ;
#935 = ORIENTED_EDGE ( 'NONE', *, *, #458, .T. ) ;
#936 = ADVANCED_FACE ( 'NONE', ( #224, #23 ), #242, .T. ) ;
#937 = CARTESIAN_POINT ( 'NONE',  ( 96.70587248571446537, 99.99999999999995737, 5.302876193624537187E-15 ) ) ;
#938 = DIRECTION ( 'NONE',  ( 0.000000000000000000, 0.000000000000000000, -1.000000000000000000 ) ) ;
#939 = CARTESIAN_POINT ( 'NONE',  ( 0.000000000000000000, 99.99999999999998579, -140.0071426749364036 ) ) ;
#940 = VERTEX_POINT ( 'NONE', #444 ) ;
#941 = ORIENTED_EDGE ( 'NONE', *, *, #1452, .F. ) ;
#942 = CARTESIAN_POINT ( 'NONE',  ( 0.000000000000000000, 74.99999999999995737, 0.000000000000000000 ) ) ;
#943 = VECTOR ( 'NONE', #1283, 999.9999999999998863 ) ;
#944 = CARTESIAN_POINT ( 'NONE',  ( 92.29195466564114270, 92.35487007519930103, -95.43037601859046504 ) ) ;
#945 = AXIS2_PLACEMENT_3D ( 'NONE', #1083, #775, #1433 ) ;
#946 = CARTESIAN_POINT ( 'NONE',  ( 43.30127018922194537, 99.99999999999998579, 0.000000000000000000 ) ) ;
#947 = DIRECTION ( 'NONE',  ( -0.000000000000000000, -1.000000000000000000, -0.000000000000000000 ) ) ;
#948 = VERTEX_POINT ( 'NONE', #1147 ) ;
#949 = VECTOR ( 'NONE', #1213, 1000.000000000000000 ) ;
#950 = EDGE_LOOP ( 'NONE', ( #1037, #1294, #125, #270 ) ) ;
#951 = CYLINDRICAL_SURFACE ( 'NONE', #148, 24.99999999999999289 ) ;
#952 = ADVANCED_FACE ( 'NONE', ( #7 ), #683, .T. ) ;
#953 =( BOUNDED_CURVE ( )  B_SPLINE_CURVE ( 3, ( #854, #1075, #385, #954 ),
 .UNSPECIFIED., .F., .F. ) 
 B_SPLINE_CURVE_WITH_KNOTS ( ( 4, 4 ),
 ( 3.141592653589793116, 3.665191429188091821 ),
 .UNSPECIFIED. ) 
 CURVE ( )  GEOMETRIC_REPRESENTATION_ITEM ( )  RATIONAL_B_SPLINE_CURVE ( ( 1.000000000000000000, 0.9772838841927120601, 0.9772838841927120601, 1.000000000000000000 ) ) 
 REPRESENTATION_ITEM ( '' )  );
#954 = CARTESIAN_POINT ( 'NONE',  ( 43.30127018922194537, 99.99999999999998579, -140.0071426749364036 ) ) ;
#955 = CYLINDRICAL_SURFACE ( 'NONE', #455, 25.00000000000000000 ) ;
#956 = DIRECTION ( 'NONE',  ( -0.000000000000000000, -1.000000000000000000, -0.000000000000000000 ) ) ;
#957 = EDGE_LOOP ( 'NONE', ( #764, #364, #873, #1392, #52, #1009 ) ) ;
#958 = EDGE_CURVE ( 'NONE', #1402, #857, #357, .T. ) ;
#959 = ORIENTED_EDGE ( 'NONE', *, *, #367, .T. ) ;
#960 = DIRECTION ( 'NONE',  ( 0.000000000000000000, 0.000000000000000000, -1.000000000000000000 ) ) ;
#961 = DIRECTION ( 'NONE',  ( -0.000000000000000000, -1.000000000000000000, -0.000000000000000000 ) ) ;
#962 = CARTESIAN_POINT ( 'NONE',  ( 92.29195466564115691, 92.35487007519931524, 5.843425226629761038E-15 ) ) ;
#963 = CARTESIAN_POINT ( 'NONE',  ( 0.000000000000000000, 137.4999999999998863, -140.0071426749364036 ) ) ;
#964 = VERTEX_POINT ( 'NONE', #1013 ) ;
#965 = ORIENTED_EDGE ( 'NONE', *, *, #446, .F. ) ;
#966 = DIRECTION ( 'NONE',  ( 1.000000000000000000, 0.000000000000000000, -0.000000000000000000 ) ) ;
#967 = LINE ( 'NONE', #1311, #456 ) ;
#968 = DIRECTION ( 'NONE',  ( 0.000000000000000000, 0.000000000000000000, -1.000000000000000000 ) ) ;
#969 = CIRCLE ( 'NONE', #1236, 24.99999999999999289 ) ;
#970 = LINE ( 'NONE', #1306, #837 ) ;
#971 = CIRCLE ( 'NONE', #473, 49.99999999999998579 ) ;
#972 = ADVANCED_FACE ( 'NONE', ( #233 ), #1330, .T. ) ;
#973 = LINE ( 'NONE', #1326, #143 ) ;
#974 = ORIENTED_EDGE ( 'NONE', *, *, #1223, .F. ) ;
#975 = AXIS2_PLACEMENT_3D ( 'NONE', #348, #342, #449 ) ;
#976 = CIRCLE ( 'NONE', #1163, 50.00000000000001421 ) ;
#977 = ORIENTED_EDGE ( 'NONE', *, *, #1465, .F. ) ;
#978 = LINE ( 'NONE', #1428, #1455 ) ;
#979 = VECTOR ( 'NONE', #243, 1000.000000000000000 ) ;
#980 = CARTESIAN_POINT ( 'NONE',  ( 0.000000000000000000, 0.000000000000000000, 0.000000000000000000 ) ) ;
#981 = DIRECTION ( 'NONE',  ( 0.000000000000000000, 0.000000000000000000, 1.000000000000000000 ) ) ;
#982 = DIRECTION ( 'NONE',  ( -0.000000000000000000, -1.000000000000000000, -0.000000000000000000 ) ) ;
#983 = PLANE ( 'NONE',  #669 ) ;
#984 = ORIENTED_EDGE ( 'NONE', *, *, #768, .T. ) ;
#985 = EDGE_CURVE ( 'NONE', #964, #222, #1389, .T. ) ;
#986 = VERTEX_POINT ( 'NONE', #688 ) ;
#987 = DIRECTION ( 'NONE',  ( -1.000000000000000000, 0.000000000000000000, -0.000000000000000000 ) ) ;
#988 = UNCERTAINTY_MEASURE_WITH_UNIT (LENGTH_MEASURE( 1.000000000000000082E-05 ), #1115, 'distance_accuracy_value', 'NONE');
#989 = PRODUCT_CONTEXT ( 'NONE', #244, 'mechanical' ) ;
#990 = DIRECTION ( 'NONE',  ( -0.000000000000000000, -1.000000000000000000, -0.000000000000000000 ) ) ;
#991 = DIRECTION ( 'NONE',  ( 0.000000000000000000, 0.000000000000000000, -1.000000000000000000 ) ) ;
#992 = EDGE_CURVE ( 'NONE', #1427, #222, #1095, .T. ) ;
#993 = LINE ( 'NONE', #1351, #882 ) ;
#994 = ORIENTED_EDGE ( 'NONE', *, *, #302, .T. ) ;
#995 = ORIENTED_EDGE ( 'NONE', *, *, #1446, .F. ) ;
#996 = CARTESIAN_POINT ( 'NONE',  ( -60.00000000000000000, 0.000000000000000000, 60.00000000000000000 ) ) ;
#997 = LINE ( 'NONE', #327, #431 ) ;
#998 = DIRECTION ( 'NONE',  ( -1.000000000000000000, 0.000000000000000000, 0.000000000000000000 ) ) ;
#999 = CARTESIAN_POINT ( 'NONE',  ( 0.000000000000000000, 0.000000000000000000, 0.000000000000000000 ) ) ;
#1000 = ORIENTED_EDGE ( 'NONE', *, *, #1397, .T. ) ;
#1001 = MECHANICAL_DESIGN_GEOMETRIC_PRESENTATION_REPRESENTATION (  '', ( #1186 ), #310 ) ;
#1002 = CIRCLE ( 'NONE', #547, 49.99999999999998579 ) ;
#1003 = VERTEX_POINT ( 'NONE', #337 ) ;
#1004 = EDGE_CURVE ( 'NONE', #1334, #1026, #703, .T. ) ;
#1005 = DIRECTION ( 'NONE',  ( -0.000000000000000000, -1.000000000000000000, -0.000000000000000000 ) ) ;
#1006 = LINE ( 'NONE', #776, #266 ) ;
#1007 = DIRECTION ( 'NONE',  ( 0.000000000000000000, 0.000000000000000000, -1.000000000000000000 ) ) ;
#1008 = CARTESIAN_POINT ( 'NONE',  ( 50.00000000000001421, 83.82783564014661692, -40.00714267493641785 ) ) ;
#1009 = ORIENTED_EDGE ( 'NONE', *, *, #201, .T. ) ;
#1010 = EDGE_CURVE ( 'NONE', #964, #633, #953, .T. ) ;
#1011 = CARTESIAN_POINT ( 'NONE',  ( 140.0071426749364036, 99.99999999999998579, -140.0071426749364036 ) ) ;
#1012 = CARTESIAN_POINT ( 'NONE',  ( 90.00714267493644627, 83.82783564014660271, -140.0071426749363752 ) ) ;
#1013 = CARTESIAN_POINT ( 'NONE',  ( 50.00000000000000000, 74.99999999999998579, -140.0071426749364036 ) ) ;
#1014 = CARTESIAN_POINT ( 'NONE',  ( 0.000000000000000000, 99.99999999999998579, -140.0071426749364036 ) ) ;
#1015 = ORIENTED_EDGE ( 'NONE', *, *, #1397, .F. ) ;
#1016 = CARTESIAN_POINT ( 'NONE',  ( -47.71518800929526094, 92.35487007519932945, -140.0071426749364036 ) ) ;
#1017 = CARTESIAN_POINT ( 'NONE',  ( 140.0071426749360057, 125.0000000000000000, -140.0071426749364036 ) ) ;
#1018 = CARTESIAN_POINT ( 'NONE',  ( -47.71518800929525383, 92.35487007519930103, -44.57676665634592439 ) ) ;
#1019 = EDGE_CURVE ( 'NONE', #44, #592, #215, .T. ) ;
#1020 = ORIENTED_EDGE ( 'NONE', *, *, #401, .F. ) ;
#1021 = AXIS2_PLACEMENT_3D ( 'NONE', #353, #114, #672 ) ;
#1022 = CARTESIAN_POINT ( 'NONE',  ( 0.000000000000000000, 137.4999999999998863, 0.000000000000000000 ) ) ;
#1023 = AXIS2_PLACEMENT_3D ( 'NONE', #417, #87, #425 ) ;
#1024 = DIRECTION ( 'NONE',  ( -0.000000000000000000, -1.000000000000000000, -0.000000000000000000 ) ) ;
#1025 = CARTESIAN_POINT ( 'NONE',  ( 50.00000000000001421, 74.99999999999997158, -240.0071426749364036 ) ) ;
#1026 = VERTEX_POINT ( 'NONE', #39 ) ;
#1027 = ADVANCED_FACE ( 'NONE', ( #822 ), #761, .T. ) ;
#1028 = CARTESIAN_POINT ( 'NONE',  ( -60.00000000000000000, 74.99999999999995737, 60.00000000000000000 ) ) ;
#1029 = CARTESIAN_POINT ( 'NONE',  ( 49.99999999999997868, 83.82783564014661692, -100.0000000000000000 ) ) ;
#1030 = ADVANCED_FACE ( 'NONE', ( #280 ), #693, .T. ) ;
#1031 = DIRECTION ( 'NONE',  ( -0.000000000000000000, -1.000000000000000000, -0.000000000000000000 ) ) ;
#1032 = EDGE_LOOP ( 'NONE', ( #190, #771, #436, #1145 ) ) ;
#1033 = DIRECTION ( 'NONE',  ( 0.000000000000000000, 0.000000000000000000, -1.000000000000000000 ) ) ;
#1034 = CARTESIAN_POINT ( 'NONE',  ( 47.71518800929523252, 92.35487007519930103, -95.43037601859049346 ) ) ;
#1035 = CARTESIAN_POINT ( 'NONE',  ( 140.0071426749364036, 99.99999999999998579, 0.000000000000000000 ) ) ;
#1036 = EDGE_LOOP ( 'NONE', ( #1183, #1378, #199, #488, #118 ) ) ;
#1037 = ORIENTED_EDGE ( 'NONE', *, *, #834, .F. ) ;
#1038 = CARTESIAN_POINT ( 'NONE',  ( 190.0071426749364036, 74.99999999999997158, -140.0071426749364036 ) ) ;
#1039 = VECTOR ( 'NONE', #60, 999.9999999999998863 ) ;
#1040 = AXIS2_PLACEMENT_3D ( 'NONE', #354, #811, #1377 ) ;
#1041 = EDGE_CURVE ( 'NONE', #237, #283, #1121, .T. ) ;
#1042 = AXIS2_PLACEMENT_3D ( 'NONE', #1011, #687, #1264 ) ;
#1043 = CARTESIAN_POINT ( 'NONE',  ( 96.70587248571445116, 99.99999999999998579, -86.60254037844387653 ) ) ;
#1044 = CARTESIAN_POINT ( 'NONE',  ( 140.0071426749364036, 0.000000000000000000, 0.000000000000000000 ) ) ;
#1045 = CIRCLE ( 'NONE', #523, 43.30127018922194537 ) ;
#1046 = AXIS2_PLACEMENT_3D ( 'NONE', #581, #22, #469 ) ;
#1047 = EDGE_LOOP ( 'NONE', ( #1419, #564, #1318, #205 ) ) ;
#1048 = ORIENTED_EDGE ( 'NONE', *, *, #985, .F. ) ;
#1049 = CARTESIAN_POINT ( 'NONE',  ( 140.0071426749364036, 74.99999999999998579, -50.00000000000000711 ) ) ;
#1050 = EDGE_CURVE ( 'NONE', #163, #245, #603, .T. ) ;
#1051 = DIRECTION ( 'NONE',  ( -0.000000000000000000, -1.000000000000000000, -0.000000000000000000 ) ) ;
#1052 = LINE ( 'NONE', #812, #1162 ) ;
#1053 = CARTESIAN_POINT ( 'NONE',  ( -43.30127018922194537, 99.99999999999998579, 5.713055094680650847E-15 ) ) ;
#1054 = ORIENTED_EDGE ( 'NONE', *, *, #1194, .T. ) ;
#1055 = ORIENTED_EDGE ( 'NONE', *, *, #1337, .T. ) ;
#1056 = DIRECTION ( 'NONE',  ( -1.000000000000000000, 0.000000000000000000, 0.000000000000000000 ) ) ;
#1057 = DIRECTION ( 'NONE',  ( -0.000000000000000000, -1.000000000000000000, -0.000000000000000000 ) ) ;
#1058 = CARTESIAN_POINT ( 'NONE',  ( 0.000000000000000000, 99.99999999999998579, -183.3084128641583845 ) ) ;
#1059 = APPLICATION_CONTEXT ( 'automotive_design' ) ;
#1060 = CARTESIAN_POINT ( 'NONE',  ( 140.0071426749360057, 150.0000000000000000, 0.000000000000000000 ) ) ;
#1061 = ORIENTED_EDGE ( 'NONE', *, *, #785, .F. ) ;
#1062 = EDGE_CURVE ( 'NONE', #720, #65, #1386, .T. ) ;
#1063 = ORIENTED_EDGE ( 'NONE', *, *, #558, .F. ) ;
#1064 = DIRECTION ( 'NONE',  ( 0.000000000000000000, 0.000000000000000000, -1.000000000000000000 ) ) ;
#1065 = CONICAL_SURFACE ( 'NONE', #448, 21.65063509461080926, 0.5235987755983033676 ) ;
#1066 = PLANE ( 'NONE',  #1365 ) ;
#1067 = CIRCLE ( 'NONE', #236, 43.30127018922194537 ) ;
#1068 = CARTESIAN_POINT ( 'NONE',  ( 140.0071426749364036, 137.4999999999998863, 0.000000000000000000 ) ) ;
#1069 = ADVANCED_FACE ( 'NONE', ( #1288 ), #498, .T. ) ;
#1070 = DIRECTION ( 'NONE',  ( 0.000000000000000000, 0.000000000000000000, -1.000000000000000000 ) ) ;
#1071 = AXIS2_PLACEMENT_3D ( 'NONE', #466, #598, #40 ) ;
#1072 = VERTEX_POINT ( 'NONE', #139 ) ;
#1073 = ORIENTED_EDGE ( 'NONE', *, *, #505, .T. ) ;
#1074 = CARTESIAN_POINT ( 'NONE',  ( 140.0071426749364036, 137.4999999999998863, -118.3565075803256121 ) ) ;
#1075 = CARTESIAN_POINT ( 'NONE',  ( 50.00000000000000711, 83.82783564014663114, -140.0071426749364036 ) ) ;
#1076 = DIRECTION ( 'NONE',  ( 0.000000000000000000, 0.000000000000000000, -1.000000000000000000 ) ) ;
#1077 = CARTESIAN_POINT ( 'NONE',  ( -47.71518800929526094, 92.35487007519932945, 5.843425226629761827E-15 ) ) ;
#1078 = ORIENTED_EDGE ( 'NONE', *, *, #1174, .T. ) ;
#1079 = ORIENTED_EDGE ( 'NONE', *, *, #240, .T. ) ;
#1080 = CARTESIAN_POINT ( 'NONE',  ( 0.000000000000000000, 99.99999999999998579, -140.0071426749364036 ) ) ;
#1081 = LINE ( 'NONE', #311, #622 ) ;
#1082 = EDGE_CURVE ( 'NONE', #351, #37, #1407, .T. ) ;
#1083 = CARTESIAN_POINT ( 'NONE',  ( 2.081668171172168198E-14, 74.99999999999998579, 0.000000000000000000 ) ) ;
#1084 = CARTESIAN_POINT ( 'NONE',  ( -4.287811248607207984E-13, 125.0000000000000000, -140.0071426749364036 ) ) ;
#1085 = CARTESIAN_POINT ( 'NONE',  ( -60.00000000000000000, 74.99999999999995737, 60.00000000000000000 ) ) ;
#1086 = ORIENTED_EDGE ( 'NONE', *, *, #867, .T. ) ;
#1087 = ADVANCED_BREP_SHAPE_REPRESENTATION ( 'N1404_base', ( #541, #175 ), #1410 ) ;
#1088 = ORIENTED_EDGE ( 'NONE', *, *, #401, .T. ) ;
#1089 = DIRECTION ( 'NONE',  ( 0.000000000000000000, 0.000000000000000000, -1.000000000000000000 ) ) ;
#1090 = DIRECTION ( 'NONE',  ( 1.000000000000000000, 0.000000000000000000, 0.000000000000000000 ) ) ;
#1091 = DIRECTION ( 'NONE',  ( 0.000000000000000000, 0.000000000000000000, -1.000000000000000000 ) ) ;
#1092 = EDGE_CURVE ( 'NONE', #340, #309, #1067, .T. ) ;
#1093 = CIRCLE ( 'NONE', #51, 21.65063509461080926 ) ;
#1094 = CARTESIAN_POINT ( 'NONE',  ( 140.0071426749364036, 99.99999999999998579, -140.0071426749364036 ) ) ;
#1095 = CIRCLE ( 'NONE', #450, 50.00000000000001421 ) ;
#1096 = CARTESIAN_POINT ( 'NONE',  ( 161.6577777695471241, 137.4999999999998863, -140.0071426749364036 ) ) ;
#1097 = ORIENTED_EDGE ( 'NONE', *, *, #892, .T. ) ;
#1098 = CIRCLE ( 'NONE', #647, 43.30127018922194537 ) ;
#1099 = ORIENTED_EDGE ( 'NONE', *, *, #4, .T. ) ;
#1100 = LINE ( 'NONE', #532, #1339 ) ;
#1101 = VECTOR ( 'NONE', #1340, 999.9999999999998863 ) ;
#1102 = ADVANCED_FACE ( 'NONE', ( #724 ), #1066, .T. ) ;
#1103 = CARTESIAN_POINT ( 'NONE',  ( 200.0071426749364036, 442.7056274847713553, 60.00000000000000000 ) ) ;
#1104 = CARTESIAN_POINT ( 'NONE',  ( 140.0071426749364036, 0.000000000000000000, 0.000000000000000000 ) ) ;
#1105 = LINE ( 'NONE', #999, #787 ) ;
#1106 = VERTEX_POINT ( 'NONE', #254 ) ;
#1107 = EDGE_LOOP ( 'NONE', ( #895, #1208, #441, #1364 ) ) ;
#1108 = DIRECTION ( 'NONE',  ( 1.224646799147353207E-16, -0.000000000000000000, 1.000000000000000000 ) ) ;
#1109 = CARTESIAN_POINT ( 'NONE',  ( -21.65063509461112545, 137.4999999999998863, -140.0071426749364036 ) ) ;
#1110 = CARTESIAN_POINT ( 'NONE',  ( 200.0071426749364036, 74.99999999999995737, 60.00000000000000000 ) ) ;
#1111 = CARTESIAN_POINT ( 'NONE',  ( 50.00000000000001421, 83.82783564014661692, 100.0000000000000000 ) ) ;
#1112 = CARTESIAN_POINT ( 'NONE',  ( -50.00000000000001421, 83.82783564014661692, -240.0071426749364036 ) ) ;
#1113 = ORIENTED_EDGE ( 'NONE', *, *, #743, .T. ) ;
#1114 = ADVANCED_FACE ( 'NONE', ( #158 ), #151, .T. ) ;
#1115 =( LENGTH_UNIT ( ) NAMED_UNIT ( * ) SI_UNIT ( .MILLI., .METRE. ) );
#1116 = CARTESIAN_POINT ( 'NONE',  ( 0.000000000000000000, 75.00000000000000000, -25.00000000000000000 ) ) ;
#1117 = CARTESIAN_POINT ( 'NONE',  ( 92.29195466564124217, 92.35487007519930103, -44.57676665634596702 ) ) ;
#1118 = CARTESIAN_POINT ( 'NONE',  ( -43.30127018922193827, 99.99999999999998579, 86.60254037844389075 ) ) ;
#1119 = ADVANCED_FACE ( 'NONE', ( #612 ), #55, .F. ) ;
#1120 = CARTESIAN_POINT ( 'NONE',  ( 47.71518800929526094, 92.35487007519931524, -140.0071426749364036 ) ) ;
#1121 = CIRCLE ( 'NONE', #54, 24.99999999999999289 ) ;
#1122 = ORIENTED_EDGE ( 'NONE', *, *, #1150, .T. ) ;
#1123 = CARTESIAN_POINT ( 'NONE',  ( -50.00000000000000711, 83.82783564014663114, -140.0071426749364036 ) ) ;
#1124 = DIRECTION ( 'NONE',  ( 0.000000000000000000, 0.000000000000000000, -1.000000000000000000 ) ) ;
#1125 = PRODUCT_DEFINITION ( 'UNKNOWN', '', #650, #730 ) ;
#1126 = DIRECTION ( 'NONE',  ( -0.000000000000000000, -1.000000000000000000, -0.000000000000000000 ) ) ;
#1127 = CARTESIAN_POINT ( 'NONE',  ( -47.71518800929526094, 92.35487007519931524, -140.0071426749364036 ) ) ;
#1128 = ORIENTED_EDGE ( 'NONE', *, *, #46, .F. ) ;
#1129 = DIRECTION ( 'NONE',  ( 0.000000000000000000, 0.000000000000000000, -1.000000000000000000 ) ) ;
#1130 = DIRECTION ( 'NONE',  ( -0.000000000000000000, -1.000000000000000000, -0.000000000000000000 ) ) ;
#1131 = EDGE_CURVE ( 'NONE', #222, #1218, #971, .T. ) ;
#1132 = LINE ( 'NONE', #899, #379 ) ;
#1133 = CARTESIAN_POINT ( 'NONE',  ( -47.71518800929525383, 92.35487007519930103, -235.4375186935268971 ) ) ;
#1134 = EDGE_LOOP ( 'NONE', ( #503, #1398, #474, #509, #15, #654 ) ) ;
#1135 = CARTESIAN_POINT ( 'NONE',  ( 115.0071426749364178, 75.00000000000000000, 0.000000000000000000 ) ) ;
#1136 = EDGE_CURVE ( 'NONE', #752, #849, #1284, .T. ) ;
#1137 = DIRECTION ( 'NONE',  ( -0.000000000000000000, -1.000000000000000000, -0.000000000000000000 ) ) ;
#1138 = CARTESIAN_POINT ( 'NONE',  ( 50.00000000000001421, 83.82783564014661692, -240.0071426749364036 ) ) ;
#1139 = VERTEX_POINT ( 'NONE', #1116 ) ;
#1140 = CIRCLE ( 'NONE', #546, 43.30127018922194537 ) ;
#1141 = EDGE_CURVE ( 'NONE', #1379, #1445, #1463, .T. ) ;
#1142 = DIRECTION ( 'NONE',  ( 1.000000000000000000, 0.000000000000000000, 0.000000000000000000 ) ) ;
#1143 = CARTESIAN_POINT ( 'NONE',  ( 0.000000000000000000, 0.000000000000000000, 0.000000000000000000 ) ) ;
#1144 = CARTESIAN_POINT ( 'NONE',  ( 25.00000000000000000, 75.00000000000000000, 0.000000000000000000 ) ) ;
#1145 = ORIENTED_EDGE ( 'NONE', *, *, #634, .T. ) ;
#1146 = CARTESIAN_POINT ( 'NONE',  ( 140.0071426749364036, 137.4999999999998863, -140.0071426749364036 ) ) ;
#1147 = CARTESIAN_POINT ( 'NONE',  ( -4.272503163617866469E-13, 150.0000000000000000, 0.000000000000000000 ) ) ;
#1148 = FACE_OUTER_BOUND ( 'NONE', #1320, .T. ) ;
#1149 = ORIENTED_EDGE ( 'NONE', *, *, #1041, .F. ) ;
#1150 = EDGE_CURVE ( 'NONE', #372, #396, #102, .T. ) ;
#1151 = ORIENTED_EDGE ( 'NONE', *, *, #110, .T. ) ;
#1152 = CARTESIAN_POINT ( 'NONE',  ( 140.0071426749364036, 137.4999999999998863, -140.0071426749364036 ) ) ;
#1153 = CARTESIAN_POINT ( 'NONE',  ( 200.0071426749364036, 442.7056274847713553, -200.0071426749364321 ) ) ;
#1154 = SPHERICAL_SURFACE ( 'NONE', #620, 24.99999999999999289 ) ;
#1155 = EDGE_CURVE ( 'NONE', #237, #1106, #77, .T. ) ;
#1156 = ORIENTED_EDGE ( 'NONE', *, *, #597, .F. ) ;
#1157 = VECTOR ( 'NONE', #824, 1000.000000000000000 ) ;
#1158 = VERTEX_POINT ( 'NONE', #890 ) ;
#1159 = LINE ( 'NONE', #1074, #1039 ) ;
#1160 = CIRCLE ( 'NONE', #123, 21.65063509461080926 ) ;
#1161 = CIRCLE ( 'NONE', #521, 21.65063509461081992 ) ;
#1162 = VECTOR ( 'NONE', #369, 1000.000000000000000 ) ;
#1163 = AXIS2_PLACEMENT_3D ( 'NONE', #1310, #279, #171 ) ;
#1164 = DIRECTION ( 'NONE',  ( 6.123233995736815340E-17, -0.8660254037844363761, 0.5000000000000038858 ) ) ;
#1165 = CARTESIAN_POINT ( 'NONE',  ( 92.29195466564117112, 92.35487007519930103, 95.43037601859046504 ) ) ;
#1166 = AXIS2_PLACEMENT_3D ( 'NONE', #1084, #515, #528 ) ;
#1167 = CIRCLE ( 'NONE', #1046, 50.00000000000000711 ) ;
#1168 = CARTESIAN_POINT ( 'NONE',  ( 90.00714267493643206, 74.99999999999997158, -140.0071426749363752 ) ) ;
#1169 = ORIENTED_EDGE ( 'NONE', *, *, #562, .F. ) ;
#1170 = VERTEX_POINT ( 'NONE', #1109 ) ;
#1171 = LINE ( 'NONE', #164, #943 ) ;
#1172 = DIRECTION ( 'NONE',  ( 0.000000000000000000, 0.000000000000000000, -1.000000000000000000 ) ) ;
#1173 =( BOUNDED_SURFACE ( )  B_SPLINE_SURFACE ( 3, 3, ( 
 ( #112, #660, #1025, #554 ),
 ( #888, #1112, #1138, #677 ),
 ( #1127, #1133, #345, #1120 ),
 ( #667, #1467, #435, #799 ) ),
 .UNSPECIFIED., .F., .F., .F. ) 
 B_SPLINE_SURFACE_WITH_KNOTS ( ( 4, 4 ),
 ( 4, 4 ),
 ( 0.000000000000000000, 1.000000000000000000 ),
 ( 0.000000000000000000, 1.000000000000000000 ),
 .UNSPECIFIED. ) 
 GEOMETRIC_REPRESENTATION_ITEM ( )  RATIONAL_B_SPLINE_SURFACE ( (
 ( 1.000000000000000000, 0.3333333333333334259, 0.3333333333333334259, 1.000000000000000000),
 ( 0.9772838841927120601, 0.3257612947309040941, 0.3257612947309040941, 0.9772838841927120601),
 ( 0.9772838841927120601, 0.3257612947309040941, 0.3257612947309040941, 0.9772838841927120601),
 ( 1.000000000000000000, 0.3333333333333334259, 0.3333333333333334259, 1.000000000000000000) ) ) 
 REPRESENTATION_ITEM ( '' )  SURFACE ( )  );
#1174 = EDGE_CURVE ( 'NONE', #700, #940, #922, .T. ) ;
#1175 = CARTESIAN_POINT ( 'NONE',  ( 140.0071426749364036, 137.4999999999998863, 0.000000000000000000 ) ) ;
#1176 = CARTESIAN_POINT ( 'NONE',  ( 0.000000000000000000, 99.99999999999998579, -43.30127018922194537 ) ) ;
#1177 = ORIENTED_EDGE ( 'NONE', *, *, #881, .T. ) ;
#1178 = ORIENTED_EDGE ( 'NONE', *, *, #458, .F. ) ;
#1179 = DIRECTION ( 'NONE',  ( -0.000000000000000000, -1.000000000000000000, -0.000000000000000000 ) ) ;
#1180 = CARTESIAN_POINT ( 'NONE',  ( 190.0071426749364036, 74.99999999999997158, -99.99999999999998579 ) ) ;
#1181 = DIRECTION ( 'NONE',  ( 0.000000000000000000, 0.000000000000000000, -1.000000000000000000 ) ) ;
#1182 = ADVANCED_FACE ( 'NONE', ( #1228 ), #320, .T. ) ;
#1183 = ORIENTED_EDGE ( 'NONE', *, *, #1131, .F. ) ;
#1184 = ORIENTED_EDGE ( 'NONE', *, *, #150, .T. ) ;
#1185 = PLANE ( 'NONE',  #265 ) ;
#1186 = STYLED_ITEM ( 'NONE', ( #821 ), #541 ) ;
#1187 = EDGE_CURVE ( 'NONE', #1003, #728, #408, .T. ) ;
#1188 = CARTESIAN_POINT ( 'NONE',  ( 90.00714267493640364, 74.99999999999997158, 6.123233995736766085E-15 ) ) ;
#1189 = CIRCLE ( 'NONE', #1341, 43.30127018922194537 ) ;
#1190 = FACE_OUTER_BOUND ( 'NONE', #1359, .T. ) ;
#1191 = CARTESIAN_POINT ( 'NONE',  ( 187.7223306842316504, 92.35487007519932945, 0.000000000000000000 ) ) ;
#1192 = EDGE_LOOP ( 'NONE', ( #74, #463, #365, #889, #1178, #3 ) ) ;
#1193 = ORIENTED_EDGE ( 'NONE', *, *, #853, .F. ) ;
#1194 = EDGE_CURVE ( 'NONE', #633, #245, #1313, .T. ) ;
#1195 = FILL_AREA_STYLE ('',( #729 ) ) ;
#1196 = CARTESIAN_POINT ( 'NONE',  ( 0.000000000000000000, 137.4999999999998863, -140.0071426749364036 ) ) ;
#1197 = DIRECTION ( 'NONE',  ( 0.000000000000000000, 0.000000000000000000, -1.000000000000000000 ) ) ;
#1198 = LINE ( 'NONE', #1085, #829 ) ;
#1199 = VERTEX_POINT ( 'NONE', #749 ) ;
#1200 = ORIENTED_EDGE ( 'NONE', *, *, #958, .T. ) ;
#1201 = FACE_OUTER_BOUND ( 'NONE', #1450, .T. ) ;
#1202 = ADVANCED_FACE ( 'NONE', ( #1441 ), #1211, .T. ) ;
#1203 = DIRECTION ( 'NONE',  ( -0.000000000000000000, -1.000000000000000000, -0.000000000000000000 ) ) ;
#1204 = CARTESIAN_POINT ( 'NONE',  ( 140.0071426749364036, 137.4999999999998863, -118.3565075803256121 ) ) ;
#1205 = CARTESIAN_POINT ( 'NONE',  ( 50.00000000000001421, 74.99999999999997158, 99.99999999999998579 ) ) ;
#1206 = EDGE_LOOP ( 'NONE', ( #706, #820, #995, #11, #1048, #1346 ) ) ;
#1207 = EDGE_CURVE ( 'NONE', #1199, #783, #997, .T. ) ;
#1208 = ORIENTED_EDGE ( 'NONE', *, *, #90, .T. ) ;
#1209 = LINE ( 'NONE', #511, #1157 ) ;
#1210 = CARTESIAN_POINT ( 'NONE',  ( 140.0071426749364036, 137.4999999999998863, -140.0071426749364036 ) ) ;
#1211 = PLANE ( 'NONE',  #884 ) ;
#1212 = CIRCLE ( 'NONE', #471, 21.65063509461080926 ) ;
#1213 = DIRECTION ( 'NONE',  ( -1.000000000000000000, 0.000000000000000000, 0.000000000000000000 ) ) ;
#1214 = AXIS2_PLACEMENT_3D ( 'NONE', #1246, #1312, #1305 ) ;
#1215 = CARTESIAN_POINT ( 'NONE',  ( -21.65063509461112545, 137.4999999999998863, 2.651438096812234673E-15 ) ) ;
#1216 = EDGE_LOOP ( 'NONE', ( #1063, #690, #1357, #800, #211, #113 ) ) ;
#1217 = AXIS2_PLACEMENT_3D ( 'NONE', #877, #990, #296 ) ;
#1218 = VERTEX_POINT ( 'NONE', #1221 ) ;
#1219 = AXIS2_PLACEMENT_3D ( 'NONE', #1442, #631, #991 ) ;
#1220 = DIRECTION ( 'NONE',  ( 1.000000000000000000, 0.000000000000000000, 0.000000000000000000 ) ) ;
#1221 = CARTESIAN_POINT ( 'NONE',  ( 190.0071426749364036, 74.99999999999998579, -140.0071426749364036 ) ) ;
#1222 = CARTESIAN_POINT ( 'NONE',  ( -50.00000000000000000, 74.99999999999998579, 6.123233995736766085E-15 ) ) ;
#1223 = EDGE_CURVE ( 'NONE', #592, #191, #10, .T. ) ;
#1224 = DIRECTION ( 'NONE',  ( -0.000000000000000000, -1.000000000000000000, -0.000000000000000000 ) ) ;
#1225 = ORIENTED_EDGE ( 'NONE', *, *, #1412, .F. ) ;
#1226 = EDGE_LOOP ( 'NONE', ( #161, #1088, #1413, #929 ) ) ;
#1227 = ADVANCED_FACE ( 'NONE', ( #430 ), #1344, .T. ) ;
#1228 = FACE_OUTER_BOUND ( 'NONE', #679, .T. ) ;
#1229 = FACE_OUTER_BOUND ( 'NONE', #814, .T. ) ;
#1230 = DIRECTION ( 'NONE',  ( -0.000000000000000000, -1.000000000000000000, -0.000000000000000000 ) ) ;
#1231 = CARTESIAN_POINT ( 'NONE',  ( 50.00000000000001421, 74.99999999999997158, -40.00714267493643206 ) ) ;
#1232 = ORIENTED_EDGE ( 'NONE', *, *, #1373, .T. ) ;
#1233 = CARTESIAN_POINT ( 'NONE',  ( 140.0071426749364036, 137.4999999999998863, -140.0071426749364036 ) ) ;
#1234 = CARTESIAN_POINT ( 'NONE',  ( 0.000000000000000000, 137.4999999999998863, -161.6577777695472378 ) ) ;
#1235 = FACE_OUTER_BOUND ( 'NONE', #1343, .T. ) ;
#1236 = AXIS2_PLACEMENT_3D ( 'NONE', #930, #960, #1056 ) ;
#1237 = FACE_OUTER_BOUND ( 'NONE', #467, .T. ) ;
#1238 = AXIS2_PLACEMENT_3D ( 'NONE', #767, #638, #630 ) ;
#1239 = VERTEX_POINT ( 'NONE', #187 ) ;
#1240 = CONICAL_SURFACE ( 'NONE', #789, 21.65063509461080926, 0.5235987755983033676 ) ;
#1241 = VECTOR ( 'NONE', #586, 1000.000000000000000 ) ;
#1242 = EDGE_CURVE ( 'NONE', #325, #644, #93, .T. ) ;
#1243 = ORIENTED_EDGE ( 'NONE', *, *, #110, .F. ) ;
#1244 = CARTESIAN_POINT ( 'NONE',  ( 187.7223306842316504, 92.35487007519932945, -140.0071426749364036 ) ) ;
#1245 = DIRECTION ( 'NONE',  ( 0.000000000000000000, 0.000000000000000000, -1.000000000000000000 ) ) ;
#1246 = CARTESIAN_POINT ( 'NONE',  ( 140.0071426749364036, 74.99999999999998579, 0.000000000000000000 ) ) ;
#1247 = DIRECTION ( 'NONE',  ( 0.000000000000000000, 0.000000000000000000, -1.000000000000000000 ) ) ;
#1248 = ORIENTED_EDGE ( 'NONE', *, *, #686, .T. ) ;
#1249 = EDGE_CURVE ( 'NONE', #44, #340, #549, .T. ) ;
#1250 = CARTESIAN_POINT ( 'NONE',  ( 115.0071426749364178, 75.00000000000000000, -140.0071426749364036 ) ) ;
#1251 = CARTESIAN_POINT ( 'NONE',  ( 183.3084128641583561, 99.99999999999998579, -53.40460229649253421 ) ) ;
#1252 = CARTESIAN_POINT ( 'NONE',  ( 43.30127018922193827, 99.99999999999998579, -86.60254037844391917 ) ) ;
#1253 = FACE_OUTER_BOUND ( 'NONE', #608, .T. ) ;
#1254 = EDGE_LOOP ( 'NONE', ( #493, #20, #779, #668, #324, #626 ) ) ;
#1255 = EDGE_CURVE ( 'NONE', #1427, #592, #1331, .T. ) ;
#1256 = CARTESIAN_POINT ( 'NONE',  ( 190.0071426749364036, 74.99999999999998579, -140.0071426749364036 ) ) ;
#1257 = DIRECTION ( 'NONE',  ( 0.000000000000000000, 0.000000000000000000, -1.000000000000000000 ) ) ;
#1258 = CARTESIAN_POINT ( 'NONE',  ( 90.00714267493641785, 74.99999999999998579, 0.000000000000000000 ) ) ;
#1259 = ORIENTED_EDGE ( 'NONE', *, *, #326, .F. ) ;
#1260 = AXIS2_PLACEMENT_3D ( 'NONE', #963, #947, #1418 ) ;
#1261 = AXIS2_PLACEMENT_3D ( 'NONE', #548, #757, #664 ) ;
#1262 = CIRCLE ( 'NONE', #1315, 25.00000000000000000 ) ;
#1263 = CONICAL_SURFACE ( 'NONE', #923, 21.65063509461081992, 0.5235987755983033676 ) ;
#1264 = DIRECTION ( 'NONE',  ( 0.000000000000000000, 0.000000000000000000, -1.000000000000000000 ) ) ;
#1265 = CIRCLE ( 'NONE', #1462, 21.65063509461081992 ) ;
#1266 = SPHERICAL_SURFACE ( 'NONE', #260, 24.99999999999999289 ) ;
#1267 = FACE_OUTER_BOUND ( 'NONE', #699, .T. ) ;
#1268 = EDGE_CURVE ( 'NONE', #1218, #1239, #1417, .T. ) ;
#1269 = ORIENTED_EDGE ( 'NONE', *, *, #1223, .T. ) ;
#1270 = ORIENTED_EDGE ( 'NONE', *, *, #1268, .T. ) ;
#1271 = SPHERICAL_SURFACE ( 'NONE', #527, 24.99999999999999289 ) ;
#1272 = EDGE_CURVE ( 'NONE', #560, #479, #1262, .T. ) ;
#1273 = CARTESIAN_POINT ( 'NONE',  ( 0.000000000000000000, 0.000000000000000000, -140.0071426749364036 ) ) ;
#1274 = DIRECTION ( 'NONE',  ( -0.000000000000000000, -1.000000000000000000, -0.000000000000000000 ) ) ;
#1275 = VERTEX_POINT ( 'NONE', #567 ) ;
#1276 = VERTEX_POINT ( 'NONE', #119 ) ;
#1277 = DIRECTION ( 'NONE',  ( 0.000000000000000000, 0.000000000000000000, -1.000000000000000000 ) ) ;
#1278 = CARTESIAN_POINT ( 'NONE',  ( 90.00714267493641785, 74.99999999999997158, 6.123233995736764507E-15 ) ) ;
#1279 = CARTESIAN_POINT ( 'NONE',  ( 0.000000000000000000, 74.99999999999998579, -50.00000000000000000 ) ) ;
#1280 = VERTEX_POINT ( 'NONE', #1135 ) ;
#1281 = CIRCLE ( 'NONE', #8, 21.65063509461080926 ) ;
#1282 = ORIENTED_EDGE ( 'NONE', *, *, #446, .T. ) ;
#1283 = DIRECTION ( 'NONE',  ( 6.123233995736815340E-17, -0.8660254037844363761, 0.5000000000000038858 ) ) ;
#1284 = CIRCLE ( 'NONE', #763, 21.65063509461080926 ) ;
#1285 = EDGE_CURVE ( 'NONE', #805, #519, #617, .T. ) ;
#1286 = CIRCLE ( 'NONE', #380, 21.65063509461081992 ) ;
#1287 = CONICAL_SURFACE ( 'NONE', #835, 21.65063509461080926, 0.5235987755983033676 ) ;
#1288 = FACE_OUTER_BOUND ( 'NONE', #178, .T. ) ;
#1289 = SPHERICAL_SURFACE ( 'NONE', #1071, 24.99999999999999289 ) ;
#1290 = AXIS2_PLACEMENT_3D ( 'NONE', #534, #651, #71 ) ;
#1291 = AXIS2_PLACEMENT_3D ( 'NONE', #85, #1108, #423 ) ;
#1292 = DIRECTION ( 'NONE',  ( 0.000000000000000000, 0.000000000000000000, -1.000000000000000000 ) ) ;
#1293 = ORIENTED_EDGE ( 'NONE', *, *, #347, .T. ) ;
#1294 = ORIENTED_EDGE ( 'NONE', *, *, #363, .T. ) ;
#1295 = DIRECTION ( 'NONE',  ( -1.000000000000000000, 0.000000000000000000, 0.000000000000000000 ) ) ;
#1296 = EDGE_CURVE ( 'NONE', #1375, #545, #31, .T. ) ;
#1297 = DIRECTION ( 'NONE',  ( 0.000000000000000000, 0.000000000000000000, -1.000000000000000000 ) ) ;
#1298 = CARTESIAN_POINT ( 'NONE',  ( 0.000000000000000000, 74.99999999999998579, -90.00714267493640364 ) ) ;
#1299 = CARTESIAN_POINT ( 'NONE',  ( 190.0071426749364321, 83.82783564014658850, -140.0071426749364321 ) ) ;
#1300 = ORIENTED_EDGE ( 'NONE', *, *, #322, .T. ) ;
#1301 = VERTEX_POINT ( 'NONE', #231 ) ;
#1302 = DIRECTION ( 'NONE',  ( 0.000000000000000000, 0.000000000000000000, -1.000000000000000000 ) ) ;
#1303 = ADVANCED_FACE ( 'NONE', ( #916 ), #1240, .T. ) ;
#1304 = UNCERTAINTY_MEASURE_WITH_UNIT (LENGTH_MEASURE( 1.000000000000000082E-05 ), #390, 'distance_accuracy_value', 'NONE');
#1305 = DIRECTION ( 'NONE',  ( 0.000000000000000000, 0.000000000000000000, -1.000000000000000000 ) ) ;
#1306 = CARTESIAN_POINT ( 'NONE',  ( 0.000000000000000000, 74.99999999999995737, 0.000000000000000000 ) ) ;
#1307 = DIRECTION ( 'NONE',  ( 0.000000000000000000, 0.000000000000000000, -1.000000000000000000 ) ) ;
#1308 = ORIENTED_EDGE ( 'NONE', *, *, #634, .F. ) ;
#1309 = ORIENTED_EDGE ( 'NONE', *, *, #1092, .F. ) ;
#1310 = CARTESIAN_POINT ( 'NONE',  ( 0.000000000000000000, 74.99999999999998579, -140.0071426749364036 ) ) ;
#1311 = CARTESIAN_POINT ( 'NONE',  ( -60.00000000000000000, 74.99999999999995737, 60.00000000000000000 ) ) ;
#1312 = DIRECTION ( 'NONE',  ( -0.000000000000000000, -1.000000000000000000, -0.000000000000000000 ) ) ;
#1313 = CIRCLE ( 'NONE', #105, 43.30127018922194537 ) ;
#1314 = DIRECTION ( 'NONE',  ( -0.000000000000000000, -1.000000000000000000, -0.000000000000000000 ) ) ;
#1315 = AXIS2_PLACEMENT_3D ( 'NONE', #333, #692, #5 ) ;
#1316 = CIRCLE ( 'NONE', #790, 21.65063509461081992 ) ;
#1317 = CARTESIAN_POINT ( 'NONE',  ( 90.00714267493637522, 83.82783564014660271, -240.0071426749363184 ) ) ;
#1318 = ORIENTED_EDGE ( 'NONE', *, *, #1082, .T. ) ;
#1319 = EDGE_CURVE ( 'NONE', #1276, #986, #144, .T. ) ;
#1320 = EDGE_LOOP ( 'NONE', ( #537, #346, #183, #253 ) ) ;
#1321 = CARTESIAN_POINT ( 'NONE',  ( 183.3084128641583561, 99.99999999999998579, 0.000000000000000000 ) ) ;
#1322 = DIRECTION ( 'NONE',  ( 0.000000000000000000, 0.000000000000000000, -1.000000000000000000 ) ) ;
#1323 = DIRECTION ( 'NONE',  ( -0.000000000000000000, -1.000000000000000000, -0.000000000000000000 ) ) ;
#1324 = FACE_OUTER_BOUND ( 'NONE', #883, .T. ) ;
#1325 = EDGE_CURVE ( 'NONE', #351, #1334, #780, .T. ) ;
#1326 = CARTESIAN_POINT ( 'NONE',  ( 25.00000000000000000, 0.000000000000000000, 0.000000000000000000 ) ) ;
#1327 = ORIENTED_EDGE ( 'NONE', *, *, #1319, .T. ) ;
#1328 = EDGE_LOOP ( 'NONE', ( #1073, #230, #859, #635, #411, #1122 ) ) ;
#1329 = CARTESIAN_POINT ( 'NONE',  ( 43.30127018922194537, 99.99999999999998579, -140.0071426749364036 ) ) ;
#1330 =( BOUNDED_SURFACE ( )  B_SPLINE_SURFACE ( 3, 3, ( 
 ( #128, #453, #2, #576 ),
 ( #906, #249, #1029, #18 ),
 ( #917, #582, #1034, #120 ),
 ( #470, #344, #1252, #924 ) ),
 .UNSPECIFIED., .F., .F., .T. ) 
 B_SPLINE_SURFACE_WITH_KNOTS ( ( 4, 4 ),
 ( 4, 4 ),
 ( 0.000000000000000000, 1.000000000000000000 ),
 ( 0.000000000000000000, 1.000000000000000000 ),
 .UNSPECIFIED. ) 
 GEOMETRIC_REPRESENTATION_ITEM ( )  RATIONAL_B_SPLINE_SURFACE ( (
 ( 1.000000000000000000, 0.3333333333333334259, 0.3333333333333334259, 1.000000000000000000),
 ( 0.9772838841927120601, 0.3257612947309040941, 0.3257612947309040941, 0.9772838841927120601),
 ( 0.9772838841927120601, 0.3257612947309040941, 0.3257612947309040941, 0.9772838841927120601),
 ( 1.000000000000000000, 0.3333333333333334259, 0.3333333333333334259, 1.000000000000000000) ) ) 
 REPRESENTATION_ITEM ( '' )  SURFACE ( )  );
#1331 = LINE ( 'NONE', #314, #452 ) ;
#1332 = DIRECTION ( 'NONE',  ( -0.000000000000000000, -1.000000000000000000, -0.000000000000000000 ) ) ;
#1333 = CARTESIAN_POINT ( 'NONE',  ( -47.71518800929526094, 92.35487007519931524, 5.843425226629761827E-15 ) ) ;
#1334 = VERTEX_POINT ( 'NONE', #213 ) ;
#1335 =( BOUNDED_SURFACE ( )  B_SPLINE_SURFACE ( 3, 3, ( 
 ( #832, #19, #817, #1278 ),
 ( #918, #134, #24, #250 ),
 ( #36, #710, #1165, #962 ),
 ( #166, #871, #507, #863 ) ),
 .UNSPECIFIED., .F., .F., .T. ) 
 B_SPLINE_SURFACE_WITH_KNOTS ( ( 4, 4 ),
 ( 4, 4 ),
 ( 0.000000000000000000, 1.000000000000000000 ),
 ( 0.000000000000000000, 1.000000000000000000 ),
 .UNSPECIFIED. ) 
 GEOMETRIC_REPRESENTATION_ITEM ( )  RATIONAL_B_SPLINE_SURFACE ( (
 ( 1.000000000000000000, 0.3333333333333334259, 0.3333333333333334259, 1.000000000000000000),
 ( 0.9772838841927120601, 0.3257612947309040941, 0.3257612947309040941, 0.9772838841927120601),
 ( 0.9772838841927120601, 0.3257612947309040941, 0.3257612947309040941, 0.9772838841927120601),
 ( 1.000000000000000000, 0.3333333333333334259, 0.3333333333333334259, 1.000000000000000000) ) ) 
 REPRESENTATION_ITEM ( '' )  SURFACE ( )  );
#1336 = ORIENTED_EDGE ( 'NONE', *, *, #522, .F. ) ;
#1337 = EDGE_CURVE ( 'NONE', #865, #200, #1161, .T. ) ;
#1338 = CARTESIAN_POINT ( 'NONE',  ( 96.70587248571446537, 99.99999999999998579, 5.713055094680650847E-15 ) ) ;
#1339 = VECTOR ( 'NONE', #645, 1000.000000000000000 ) ;
#1340 = DIRECTION ( 'NONE',  ( 0.000000000000000000, -0.8660254037844363761, -0.5000000000000038858 ) ) ;
#1341 = AXIS2_PLACEMENT_3D ( 'NONE', #210, #1126, #864 ) ;
#1342 = CARTESIAN_POINT ( 'NONE',  ( 140.0071426749364036, 137.4999999999998863, -140.0071426749364036 ) ) ;
#1343 = EDGE_LOOP ( 'NONE', ( #594, #1437, #89, #772 ) ) ;
#1344 = CONICAL_SURFACE ( 'NONE', #315, 21.65063509461081992, 0.5235987755983033676 ) ;
#1345 = CLOSED_SHELL ( 'NONE', ( #1027, #16, #708, #972, #95, #1069, #1227, #352, #391, #1403, #737, #1347, #915, #936, #1114, #1182, #846, #1030, #1119, #629, #920, #819, #1, #514, #1202, #652, #212, #61, #487, #138, #412, #807, #66, #952, #1102, #35, #802, #41, #274, #418, #195, #1303 ) ) ;
#1346 = ORIENTED_EDGE ( 'NONE', *, *, #363, .F. ) ;
#1347 = ADVANCED_FACE ( 'NONE', ( #442 ), #12, .T. ) ;
#1348 = CARTESIAN_POINT ( 'NONE',  ( -43.30127018922194537, 99.99999999999998579, 5.713055094680650847E-15 ) ) ;
#1349 = CARTESIAN_POINT ( 'NONE',  ( 140.0071426749364036, 74.99999999999998579, -140.0071426749364036 ) ) ;
#1350 = LINE ( 'NONE', #335, #1101 ) ;
#1351 = CARTESIAN_POINT ( 'NONE',  ( 115.0071426749364178, 0.000000000000000000, 0.000000000000000000 ) ) ;
#1352 = CARTESIAN_POINT ( 'NONE',  ( -50.00000000000001421, 83.82783564014661692, -40.00714267493641785 ) ) ;
#1353 = ORIENTED_EDGE ( 'NONE', *, *, #1010, .T. ) ;
#1354 = CARTESIAN_POINT ( 'NONE',  ( 140.0071426749364036, 137.4999999999998863, 21.65063509461080926 ) ) ;
#1355 = CARTESIAN_POINT ( 'NONE',  ( 140.0071426749364036, 137.4999999999998863, -21.65063509461080926 ) ) ;
#1356 = DIRECTION ( 'NONE',  ( 1.000000000000000000, 0.000000000000000000, 0.000000000000000000 ) ) ;
#1357 = ORIENTED_EDGE ( 'NONE', *, *, #1255, .F. ) ;
#1358 = EDGE_CURVE ( 'NONE', #21, #1170, #261, .T. ) ;
#1359 = EDGE_LOOP ( 'NONE', ( #403, #850, #83, #29 ) ) ;
#1360 = FACE_OUTER_BOUND ( 'NONE', #475, .T. ) ;
#1361 = DIRECTION ( 'NONE',  ( 0.000000000000000000, -0.8660254037844363761, -0.5000000000000038858 ) ) ;
#1362 = CARTESIAN_POINT ( 'NONE',  ( 0.000000000000000000, 74.99999999999995737, -140.0071426749364036 ) ) ;
#1363 = VECTOR ( 'NONE', #1295, 1000.000000000000000 ) ;
#1364 = ORIENTED_EDGE ( 'NONE', *, *, #1431, .T. ) ;
#1365 = AXIS2_PLACEMENT_3D ( 'NONE', #368, #717, #1277 ) ;
#1366 = ORIENTED_EDGE ( 'NONE', *, *, #1136, .T. ) ;
#1367 = EDGE_CURVE ( 'NONE', #1072, #865, #1286, .T. ) ;
#1368 = VECTOR ( 'NONE', #1434, 1000.000000000000000 ) ;
#1369 = CIRCLE ( 'NONE', #220, 24.99999999999999289 ) ;
#1370 = CARTESIAN_POINT ( 'NONE',  ( -43.30127018922194537, 99.99999999999998579, -140.0071426749364036 ) ) ;
#1371 = CARTESIAN_POINT ( 'NONE',  ( 0.000000000000000000, 0.000000000000000000, -115.0071426749364178 ) ) ;
#1372 = DIRECTION ( 'NONE',  ( 0.000000000000000000, 0.000000000000000000, -1.000000000000000000 ) ) ;
#1373 = EDGE_CURVE ( 'NONE', #678, #1405, #569, .T. ) ;
#1374 = ORIENTED_EDGE ( 'NONE', *, *, #566, .F. ) ;
#1375 = VERTEX_POINT ( 'NONE', #575 ) ;
#1376 = DIRECTION ( 'NONE',  ( 0.000000000000000000, 0.000000000000000000, 1.000000000000000000 ) ) ;
#1377 = DIRECTION ( 'NONE',  ( 0.000000000000000000, 0.000000000000000000, -1.000000000000000000 ) ) ;
#1378 = ORIENTED_EDGE ( 'NONE', *, *, #1423, .T. ) ;
#1379 = VERTEX_POINT ( 'NONE', #1028 ) ;
#1380 = DIRECTION ( 'NONE',  ( 1.000000000000000000, 0.000000000000000000, 0.000000000000000000 ) ) ;
#1381 = EDGE_CURVE ( 'NONE', #307, #1301, #1469, .T. ) ;
#1382 = DIRECTION ( 'NONE',  ( -0.000000000000000000, -0.000000000000000000, 1.000000000000000000 ) ) ;
#1383 = FACE_OUTER_BOUND ( 'NONE', #957, .T. ) ;
#1384 = ORIENTED_EDGE ( 'NONE', *, *, #925, .F. ) ;
#1385 = VECTOR ( 'NONE', #75, 1000.000000000000000 ) ;
#1386 = CIRCLE ( 'NONE', #1406, 43.30127018922194537 ) ;
#1387 = EDGE_CURVE ( 'NONE', #827, #237, #796, .T. ) ;
#1388 = CARTESIAN_POINT ( 'NONE',  ( 0.000000000000000000, 74.99999999999998579, 0.000000000000000000 ) ) ;
#1389 = LINE ( 'NONE', #1362, #671 ) ;
#1390 = CARTESIAN_POINT ( 'NONE',  ( 3.977157145218392832E-15, 137.4999999999998863, -118.3565075803256121 ) ) ;
#1391 = ORIENTED_EDGE ( 'NONE', *, *, #46, .T. ) ;
#1392 = ORIENTED_EDGE ( 'NONE', *, *, #826, .F. ) ;
#1393 = DIRECTION ( 'NONE',  ( 0.000000000000000000, 0.000000000000000000, -1.000000000000000000 ) ) ;
#1394 = CARTESIAN_POINT ( 'NONE',  ( -60.00000000000000000, 0.000000000000000000, 60.00000000000000000 ) ) ;
#1395 = CARTESIAN_POINT ( 'NONE',  ( 90.00714267493643206, 83.82783564014658850, -140.0071426749363752 ) ) ;
#1396 = VERTEX_POINT ( 'NONE', #1250 ) ;
#1397 = EDGE_CURVE ( 'NONE', #420, #678, #1167, .T. ) ;
#1398 = ORIENTED_EDGE ( 'NONE', *, *, #1465, .T. ) ;
#1399 = CARTESIAN_POINT ( 'NONE',  ( 90.00714267493640364, 83.82783564014661692, -99.99999999999995737 ) ) ;
#1400 = DIRECTION ( 'NONE',  ( 0.000000000000000000, 0.000000000000000000, -1.000000000000000000 ) ) ;
#1401 = CARTESIAN_POINT ( 'NONE',  ( 190.0071426749363468, 83.82783564014660271, -240.0071426749364036 ) ) ;
#1402 = VERTEX_POINT ( 'NONE', #921 ) ;
#1403 = ADVANCED_FACE ( 'NONE', ( #1360 ), #1271, .T. ) ;
#1404 = CONICAL_SURFACE ( 'NONE', #169, 21.65063509461081992, 0.5235987755983033676 ) ;
#1405 = VERTEX_POINT ( 'NONE', #621 ) ;
#1406 = AXIS2_PLACEMENT_3D ( 'NONE', #374, #731, #1172 ) ;
#1407 = LINE ( 'NONE', #34, #858 ) ;
#1408 = CARTESIAN_POINT ( 'NONE',  ( 0.000000000000000000, 99.99999999999998579, 0.000000000000000000 ) ) ;
#1409 = VECTOR ( 'NONE', #275, 1000.000000000000000 ) ;
#1410 =( GEOMETRIC_REPRESENTATION_CONTEXT ( 3 ) GLOBAL_UNCERTAINTY_ASSIGNED_CONTEXT ( ( #988 ) ) GLOBAL_UNIT_ASSIGNED_CONTEXT ( ( #1115, #512, #415 ) ) REPRESENTATION_CONTEXT ( 'NONE', 'WORKASPACE' ) );
#1411 = CARTESIAN_POINT ( 'NONE',  ( 90.00714267493637522, 74.99999999999997158, -240.0071426749363184 ) ) ;
#1412 = EDGE_CURVE ( 'NONE', #700, #1158, #33, .T. ) ;
#1413 = ORIENTED_EDGE ( 'NONE', *, *, #1207, .T. ) ;
#1414 = ORIENTED_EDGE ( 'NONE', *, *, #246, .T. ) ;
#1415 = SURFACE_STYLE_FILL_AREA ( #1195 ) ;
#1416 = CARTESIAN_POINT ( 'NONE',  ( 0.000000000000000000, 0.000000000000000000, -115.0071426749364178 ) ) ;
#1417 =( BOUNDED_CURVE ( )  B_SPLINE_CURVE ( 3, ( #1256, #464, #1244, #226 ),
 .UNSPECIFIED., .F., .F. ) 
 B_SPLINE_CURVE_WITH_KNOTS ( ( 4, 4 ),
 ( 3.141592653589793116, 3.665191429188091821 ),
 .UNSPECIFIED. ) 
 CURVE ( )  GEOMETRIC_REPRESENTATION_ITEM ( )  RATIONAL_B_SPLINE_CURVE ( ( 1.000000000000000000, 0.9772838841927120601, 0.9772838841927120601, 1.000000000000000000 ) ) 
 REPRESENTATION_ITEM ( '' )  );
#1418 = DIRECTION ( 'NONE',  ( 0.000000000000000000, 0.000000000000000000, -1.000000000000000000 ) ) ;
#1419 = ORIENTED_EDGE ( 'NONE', *, *, #1141, .F. ) ;
#1420 = VERTEX_POINT ( 'NONE', #92 ) ;
#1421 = CARTESIAN_POINT ( 'NONE',  ( 21.65063509461069557, 137.4999999999998863, 0.000000000000000000 ) ) ;
#1422 = DIRECTION ( 'NONE',  ( 0.000000000000000000, 0.000000000000000000, 1.000000000000000000 ) ) ;
#1423 = EDGE_CURVE ( 'NONE', #222, #1375, #748, .T. ) ;
#1424 = PLANE ( 'NONE',  #264 ) ;
#1425 = CARTESIAN_POINT ( 'NONE',  ( -50.00000000000000000, 74.99999999999998579, 6.123233995736766085E-15 ) ) ;
#1426 = ORIENTED_EDGE ( 'NONE', *, *, #308, .F. ) ;
#1427 = VERTEX_POINT ( 'NONE', #207 ) ;
#1428 = CARTESIAN_POINT ( 'NONE',  ( 140.0071426749364036, 137.4999999999998863, -161.6577777695472378 ) ) ;
#1429 = CIRCLE ( 'NONE', #121, 49.99999999999998579 ) ;
#1430 = CARTESIAN_POINT ( 'NONE',  ( 140.0071426749364036, 75.00000000000000000, -140.0071426749364036 ) ) ;
#1431 = EDGE_CURVE ( 'NONE', #222, #1396, #1081, .T. ) ;
#1432 = CIRCLE ( 'NONE', #902, 21.65063509461080926 ) ;
#1433 = DIRECTION ( 'NONE',  ( 0.000000000000000000, 0.000000000000000000, -1.000000000000000000 ) ) ;
#1434 = DIRECTION ( 'NONE',  ( 0.000000000000000000, 0.000000000000000000, -1.000000000000000000 ) ) ;
#1435 = VECTOR ( 'NONE', #1130, 1000.000000000000000 ) ;
#1436 = DIRECTION ( 'NONE',  ( 1.224646799147353207E-16, -0.000000000000000000, 1.000000000000000000 ) ) ;
#1437 = ORIENTED_EDGE ( 'NONE', *, *, #793, .T. ) ;
#1438 =( BOUNDED_CURVE ( )  B_SPLINE_CURVE ( 3, ( #129, #490, #472, #48 ),
 .UNSPECIFIED., .F., .F. ) 
 B_SPLINE_CURVE_WITH_KNOTS ( ( 4, 4 ),
 ( 3.141592653589793116, 3.665191429188091821 ),
 .UNSPECIFIED. ) 
 CURVE ( )  GEOMETRIC_REPRESENTATION_ITEM ( )  RATIONAL_B_SPLINE_CURVE ( ( 1.000000000000000000, 0.9772838841927120601, 0.9772838841927120601, 1.000000000000000000 ) ) 
 REPRESENTATION_ITEM ( '' )  );
#1439 = VERTEX_POINT ( 'NONE', #398 ) ;
#1440 = CARTESIAN_POINT ( 'NONE',  ( 140.0071426749364036, 0.000000000000000000, -115.0071426749364178 ) ) ;
#1441 = FACE_OUTER_BOUND ( 'NONE', #1254, .T. ) ;
#1442 = CARTESIAN_POINT ( 'NONE',  ( 140.0071426749364036, 99.99999999999998579, -140.0071426749364036 ) ) ;
#1443 = DIRECTION ( 'NONE',  ( -1.000000000000000000, 0.000000000000000000, -0.000000000000000000 ) ) ;
#1444 = VERTEX_POINT ( 'NONE', #1348 ) ;
#1445 = VERTEX_POINT ( 'NONE', #996 ) ;
#1446 = EDGE_CURVE ( 'NONE', #1396, #827, #69, .T. ) ;
#1447 = DIRECTION ( 'NONE',  ( 0.000000000000000000, -0.8660254037844363761, -0.5000000000000038858 ) ) ;
#1448 = CARTESIAN_POINT ( 'NONE',  ( 0.000000000000000000, 74.99999999999995737, 0.000000000000000000 ) ) ;
#1449 = CARTESIAN_POINT ( 'NONE',  ( -4.287811248607207984E-13, 125.0000000000000000, 0.000000000000000000 ) ) ;
#1450 = EDGE_LOOP ( 'NONE', ( #825, #1193, #67, #50, #1169, #1259 ) ) ;
#1451 = ORIENTED_EDGE ( 'NONE', *, *, #583, .F. ) ;
#1452 = EDGE_CURVE ( 'NONE', #1379, #351, #967, .T. ) ;
#1453 = DIRECTION ( 'NONE',  ( 0.000000000000000000, 0.000000000000000000, 1.000000000000000000 ) ) ;
#1454 = DIRECTION ( 'NONE',  ( 6.123233995736815340E-17, -0.8660254037844363761, 0.5000000000000038858 ) ) ;
#1455 = VECTOR ( 'NONE', #1447, 999.9999999999998863 ) ;
#1456 = CARTESIAN_POINT ( 'NONE',  ( 190.0071426749364036, 83.82783564014661692, -40.00714267493646759 ) ) ;
#1457 = AXIS2_PLACEMENT_3D ( 'NONE', #596, #1051, #165 ) ;
#1458 = DIRECTION ( 'NONE',  ( 0.000000000000000000, 0.000000000000000000, -1.000000000000000000 ) ) ;
#1459 = AXIS2_PLACEMENT_3D ( 'NONE', #1022, #556, #1129 ) ;
#1460 = EDGE_CURVE ( 'NONE', #655, #1396, #1369, .T. ) ;
#1461 = ORIENTED_EDGE ( 'NONE', *, *, #985, .T. ) ;
#1462 = AXIS2_PLACEMENT_3D ( 'NONE', #1210, #99, #1322 ) ;
#1463 = LINE ( 'NONE', #304, #809 ) ;
#1464 = DIRECTION ( 'NONE',  ( 0.000000000000000000, -1.000000000000000000, -0.000000000000000000 ) ) ;
#1465 = EDGE_CURVE ( 'NONE', #200, #986, #1265, .T. ) ;
#1466 = CARTESIAN_POINT ( 'NONE',  ( 0.000000000000000000, 137.4999999999998863, 0.000000000000000000 ) ) ;
#1467 = CARTESIAN_POINT ( 'NONE',  ( -43.30127018922195958, 99.99999999999998579, -226.6096830533803086 ) ) ;
#1468 = ORIENTED_EDGE ( 'NONE', *, *, #341, .T. ) ;
#1469 =( BOUNDED_CURVE ( )  B_SPLINE_CURVE ( 3, ( #17, #1123, #1016, #1370 ),
 .UNSPECIFIED., .F., .F. ) 
 B_SPLINE_CURVE_WITH_KNOTS ( ( 4, 4 ),
 ( 3.141592653589793116, 3.665191429188091821 ),
 .UNSPECIFIED. ) 
 CURVE ( )  GEOMETRIC_REPRESENTATION_ITEM ( )  RATIONAL_B_SPLINE_CURVE ( ( 1.000000000000000000, 0.9772838841927120601, 0.9772838841927120601, 1.000000000000000000 ) ) 
 REPRESENTATION_ITEM ( '' )  );
#1470 = DIRECTION ( 'NONE',  ( 0.000000000000000000, 0.000000000000000000, -1.000000000000000000 ) ) ;
#1471 = CARTESIAN_POINT ( 'NONE',  ( 140.0071426749364036, 74.99999999999998579, 0.000000000000000000 ) ) ;
ENDSEC;
END-ISO-10303-21;
