ISO-10303-21;
HEADER;
FILE_DESCRIPTION (( 'STEP AP214' ),
    '1' );
FILE_NAME ('N308_assmb.STEP',
    '2026-01-16T02:27:06',
    ( '' ),
    ( '' ),
    'SwSTEP 2.0',
    'SolidWorks 2024',
    '' );
FILE_SCHEMA (( 'AUTOMOTIVE_DESIGN' ));
ENDSEC;

DATA;
#1 = CARTESIAN_POINT ( 'NONE',  ( 84.17737355687924605, 86.75444679663210934, -251.6666809110499230 ) ) ;
#2 = DIRECTION ( 'NONE',  ( 1.000000000000000000, -0.000000000000000000, 0.000000000000000000 ) ) ;
#3 =( BOUNDED_CURVE ( )  B_SPLINE_CURVE ( 3, ( #760, #1022, #885, #1377 ),
 .UNSPECIFIED., .F., .F. ) 
 B_SPLINE_CURVE_WITH_KNOTS ( ( 4, 4 ),
 ( 2.940234732799469786, 4.712388980384696779 ),
 .UNSPECIFIED. ) 
 CURVE ( )  GEOMETRIC_REPRESENTATION_ITEM ( )  RATIONAL_B_SPLINE_CURVE ( ( 1.000000000000000000, 0.7549703546891173289, 0.7549703546891173289, 1.000000000000000000 ) ) 
 REPRESENTATION_ITEM ( '' )  );
#4 = EDGE_CURVE ( 'NONE', #342, #709, #1353, .T. ) ;
#5 = ORIENTED_EDGE ( 'NONE', *, *, #1473, .T. ) ;
#6 = FACE_OUTER_BOUND ( 'NONE', #1394, .T. ) ;
#7 = CARTESIAN_POINT ( 'NONE',  ( 10.00000000000003730, 9.999999999999849010, 22.91287847477926576 ) ) ;
#8 = EDGE_CURVE ( 'NONE', #1175, #531, #422, .T. ) ;
#9 = VECTOR ( 'NONE', #2, 1000.000000000000000 ) ;
#10 = AXIS2_PLACEMENT_3D ( 'NONE', #806, #223, #1290 ) ;
#11 =( GEOMETRIC_REPRESENTATION_CONTEXT ( 3 ) GLOBAL_UNCERTAINTY_ASSIGNED_CONTEXT ( ( #1381 ) ) GLOBAL_UNIT_ASSIGNED_CONTEXT ( ( #263, #717, #955 ) ) REPRESENTATION_CONTEXT ( 'NONE', 'WORKASPACE' ) );
#12 = ORIENTED_EDGE ( 'NONE', *, *, #874, .F. ) ;
#13 = DIRECTION ( 'NONE',  ( 1.000000000000000000, -3.430248998885767359E-15, -2.395330073438999309E-29 ) ) ;
#14 =( BOUNDED_SURFACE ( )  B_SPLINE_SURFACE ( 3, 3, ( 
 ( #1424, #363, #1065, #605 ),
 ( #262, #384, #612, #745 ),
 ( #973, #845, #965, #592 ),
 ( #486, #824, #269, #736 ) ),
 .UNSPECIFIED., .F., .F., .F. ) 
 B_SPLINE_SURFACE_WITH_KNOTS ( ( 4, 4 ),
 ( 4, 4 ),
 ( 0.000000000000000000, 1.000000000000000000 ),
 ( 0.000000000000000000, 1.000000000000000000 ),
 .UNSPECIFIED. ) 
 GEOMETRIC_REPRESENTATION_ITEM ( )  RATIONAL_B_SPLINE_SURFACE ( (
 ( 1.000000000000000000, 0.3333333333333334259, 0.3333333333333334259, 1.000000000000000000),
 ( 0.7549703546891155526, 0.2516567848963719434, 0.2516567848963719434, 0.7549703546891155526),
 ( 0.7549703546891155526, 0.2516567848963719434, 0.2516567848963719434, 0.7549703546891155526),
 ( 1.000000000000000000, 0.3333333333333334259, 0.3333333333333334259, 1.000000000000000000) ) ) 
 REPRESENTATION_ITEM ( '' )  SURFACE ( )  );
#15 = SHAPE_REPRESENTATION_RELATIONSHIP ( 'NONE' , 'NONE' ,  #1153, #450 ) ;
#16 = CARTESIAN_POINT ( 'NONE',  ( 34.19987131196462826, 100.0000000000001421, 0.000000000000000000 ) ) ;
#17 = EDGE_CURVE ( 'NONE', #826, #303, #134, .T. ) ;
#18 = ORIENTED_EDGE ( 'NONE', *, *, #1439, .T. ) ;
#19 = LINE ( 'NONE', #1077, #1433 ) ;
#20 = EDGE_LOOP ( 'NONE', ( #477, #108 ) ) ;
#21 = DIRECTION ( 'NONE',  ( -1.000000000000000000, 0.000000000000000000, 0.000000000000000000 ) ) ;
#22 = CYLINDRICAL_SURFACE ( 'NONE', #639, 25.00000000000009237 ) ;
#23 = EDGE_LOOP ( 'NONE', ( #1105, #1302, #322, #1191, #488, #1402 ) ) ;
#24 = ADVANCED_FACE ( 'NONE', ( #1163 ), #1506, .T. ) ;
#25 = CARTESIAN_POINT ( 'NONE',  ( -1.830016055579018801E-13, 53.34936490538893850, -140.0071426749364036 ) ) ;
#26 = CARTESIAN_POINT ( 'NONE',  ( 115.0071426749360199, 53.34936490538886744, 3.061616997868407892E-15 ) ) ;
#27 = CARTESIAN_POINT ( 'NONE',  ( -17.51173008777528040, 0.2977583443357367243, 17.85739381281542748 ) ) ;
#28 = EDGE_CURVE ( 'NONE', #669, #931, #579, .T. ) ;
#29 = VERTEX_POINT ( 'NONE', #1050 ) ;
#30 = COLOUR_RGB ( '',0.7921568627450980005, 0.8196078431372548767, 0.9333333333333333481 ) ;
#31 = FACE_OUTER_BOUND ( 'NONE', #1308, .T. ) ;
#32 = VECTOR ( 'NONE', #511, 1000.000000000000000 ) ;
#33 =( LENGTH_UNIT ( ) NAMED_UNIT ( * ) SI_UNIT ( .MILLI., .METRE. ) );
#34 = FACE_BOUND ( 'NONE', #841, .T. ) ;
#35 = CIRCLE ( 'NONE', #791, 25.00000000000018829 ) ;
#36 = DIRECTION ( 'NONE',  ( -1.000000000000000000, 3.430248998885767359E-15, 2.395330073438999309E-29 ) ) ;
#37 = ORIENTED_EDGE ( 'NONE', *, *, #776, .F. ) ;
#38 = PLANE ( 'NONE',  #743 ) ;
#39 = EDGE_LOOP ( 'NONE', ( #1293, #1002, #642 ) ) ;
#40 = CARTESIAN_POINT ( 'NONE',  ( 1.470826024294600825E-28, -4.287811248607209120E-14, 0.000000000000000000 ) ) ;
#41 = CARTESIAN_POINT ( 'NONE',  ( -10.85215055985090871, 5.943571742421105419, 22.52251699277887198 ) ) ;
#42 = DIRECTION ( 'NONE',  ( -0.000000000000000000, -1.000000000000000000, -0.000000000000000000 ) ) ;
#43 = VERTEX_POINT ( 'NONE', #900 ) ;
#44 = LINE ( 'NONE', #1350, #32 ) ;
#45 = ORIENTED_EDGE ( 'NONE', *, *, #1165, .F. ) ;
#46 = CARTESIAN_POINT ( 'NONE',  ( 0.000000000000000000, 70.00000000000000000, 0.000000000000000000 ) ) ;
#47 = DIRECTION ( 'NONE',  ( -1.000000000000000000, 3.430248998885767359E-15, 2.395330073438999309E-29 ) ) ;
#48 = EDGE_CURVE ( 'NONE', #1117, #684, #516, .T. ) ;
#49 = LINE ( 'NONE', #560, #971 ) ;
#50 = PRODUCT_DEFINITION_CONTEXT ( 'detailed design', #692, 'design' ) ;
#51 = VERTEX_POINT ( 'NONE', #88 ) ;
#52 = CARTESIAN_POINT ( 'NONE',  ( 1.470826024294600825E-28, 4.287811248607209120E-14, 2.994162591798749094E-28 ) ) ;
#53 = AXIS2_PLACEMENT_3D ( 'NONE', #1086, #259, #1459 ) ;
#54 = VECTOR ( 'NONE', #470, 1000.000000000000000 ) ;
#55 = ORIENTED_EDGE ( 'NONE', *, *, #4, .F. ) ;
#56 = ADVANCED_FACE ( 'NONE', ( #1497 ), #1324, .T. ) ;
#57 = CIRCLE ( 'NONE', #858, 48.98979485566382408 ) ;
#58 = CARTESIAN_POINT ( 'NONE',  ( 20.00000000000000000, -2.572686749164325598E-14, -1.796497555079249412E-28 ) ) ;
#59 = CARTESIAN_POINT ( 'NONE',  ( 34.19987131196462116, 100.0000000000001279, -208.4068852988663139 ) ) ;
#60 =( BOUNDED_SURFACE ( )  B_SPLINE_SURFACE ( 3, 3, ( 
 ( #402, #209, #1387, #1495 ),
 ( #526, #1109, #997, #1253 ),
 ( #1369, #84, #59, #1260 ),
 ( #436, #1128, #1466, #67 ) ),
 .UNSPECIFIED., .F., .F., .F. ) 
 B_SPLINE_SURFACE_WITH_KNOTS ( ( 4, 4 ),
 ( 4, 4 ),
 ( 0.000000000000000000, 1.000000000000000000 ),
 ( 0.000000000000000000, 1.000000000000000000 ),
 .UNSPECIFIED. ) 
 GEOMETRIC_REPRESENTATION_ITEM ( )  RATIONAL_B_SPLINE_SURFACE ( (
 ( 1.000000000000000000, 0.3333333333333334259, 0.3333333333333334259, 1.000000000000000000),
 ( 0.7549703546891139982, 0.2516567848963713883, 0.2516567848963713883, 0.7549703546891139982),
 ( 0.7549703546891139982, 0.2516567848963713883, 0.2516567848963713883, 0.7549703546891139982),
 ( 1.000000000000000000, 0.3333333333333334259, 0.3333333333333334259, 1.000000000000000000) ) ) 
 REPRESENTATION_ITEM ( '' )  SURFACE ( )  );
#61 = DIRECTION ( 'NONE',  ( 1.000000000000000000, 3.399349888776278266E-15, 0.000000000000000000 ) ) ;
#62 = VERTEX_POINT ( 'NONE', #161 ) ;
#63 = CARTESIAN_POINT ( 'NONE',  ( -13.14329927628810779, 2.688880506901873524, -21.27564410828011177 ) ) ;
#64 = VERTEX_POINT ( 'NONE', #1431 ) ;
#65 = CARTESIAN_POINT ( 'NONE',  ( -80.11961706396034799, 69.26102778014164585, 9.811823258629041354E-15 ) ) ;
#66 = CARTESIAN_POINT ( 'NONE',  ( -34.19987131196514696, 99.99999999999987210, 4.188276293344909243E-15 ) ) ;
#67 = CARTESIAN_POINT ( 'NONE',  ( -3.460865168864449821E-13, 100.0000000000000000, -140.0071426749364036 ) ) ;
#68 = ADVANCED_FACE ( 'NONE', ( #739 ), #1194, .F. ) ;
#69 = DIRECTION ( 'NONE',  ( 3.430248998885766964E-15, 1.000000000000000000, 6.982962677686266711E-15 ) ) ;
#70 = ORIENTED_EDGE ( 'NONE', *, *, #1378, .T. ) ;
#71 = DIRECTION ( 'NONE',  ( 3.430248998885766964E-15, 1.000000000000000000, 6.982962677686266711E-15 ) ) ;
#72 = ADVANCED_FACE ( 'NONE', ( #490, #622 ), #1311, .T. ) ;
#73 = ORIENTED_EDGE ( 'NONE', *, *, #729, .F. ) ;
#74 = CARTESIAN_POINT ( 'NONE',  ( -25.00000000000038369, 53.34936490538886034, -50.00000000000037659 ) ) ;
#75 = CARTESIAN_POINT ( 'NONE',  ( 93.92425603638318421, 62.87955813897441715, 5.643525961737425476E-15 ) ) ;
#76 = LINE ( 'NONE', #1237, #945 ) ;
#77 = CARTESIAN_POINT ( 'NONE',  ( -19.99999999999999645, 1.114830924637874131E-13, 7.784822738676746030E-28 ) ) ;
#78 = DIRECTION ( 'NONE',  ( 3.430248998885766964E-15, -1.000000000000000000, -0.000000000000000000 ) ) ;
#79 = CARTESIAN_POINT ( 'NONE',  ( -17.51938513531475294, 0.2956088032625428519, -17.85006891456127320 ) ) ;
#80 = VERTEX_POINT ( 'NONE', #1340 ) ;
#81 = DIRECTION ( 'NONE',  ( 3.430248998885766964E-15, 1.000000000000000000, 6.982962677686266711E-15 ) ) ;
#82 = STYLED_ITEM ( 'NONE', ( #1072 ), #485 ) ;
#83 = FACE_OUTER_BOUND ( 'NONE', #105, .T. ) ;
#84 = CARTESIAN_POINT ( 'NONE',  ( -34.19987131196530328, 99.99999999999990052, -208.4068852988663423 ) ) ;
#85 = AXIS2_PLACEMENT_3D ( 'NONE', #52, #863, #1335 ) ;
#86 = VECTOR ( 'NONE', #1126, 1000.000000000000000 ) ;
#87 = CARTESIAN_POINT ( 'NONE',  ( 0.000000000000000000, 0.000000000000000000, -115.0071426749364178 ) ) ;
#88 = CARTESIAN_POINT ( 'NONE',  ( -48.98979485566405856, 69.99999999999967315, 5.999519546087415763E-15 ) ) ;
#89 = CARTESIAN_POINT ( 'NONE',  ( -3.399632828907083761E-13, 100.0000000000000284, -6.123233995736578336E-15 ) ) ;
#90 = ORIENTED_EDGE ( 'NONE', *, *, #552, .T. ) ;
#91 = PLANE ( 'NONE',  #183 ) ;
#92 = CARTESIAN_POINT ( 'NONE',  ( 76.36049117592348523, 99.99999999999978684, -140.0071426749364036 ) ) ;
#93 = DIRECTION ( 'NONE',  ( -3.430248998885766964E-15, 1.000000000000000000, 0.000000000000000000 ) ) ;
#94 = ADVANCED_FACE ( 'NONE', ( #1079 ), #22, .T. ) ;
#95 = CARTESIAN_POINT ( 'NONE',  ( -63.64665149901296104, -99.99999999999978684, -7.060907345720964738E-13 ) ) ;
#96 = CONTEXT_DEPENDENT_SHAPE_REPRESENTATION ( #1360, #344 ) ;
#97 = VERTEX_POINT ( 'NONE', #264 ) ;
#98 = CARTESIAN_POINT ( 'NONE',  ( 11.96765633125991002, 4.032485674205529946, -21.95089266265156880 ) ) ;
#99 = VERTEX_POINT ( 'NONE', #1444 ) ;
#100 = CARTESIAN_POINT ( 'NONE',  ( 25.00000000000001776, 53.34936490538903087, -90.00714267493603415 ) ) ;
#101 = CARTESIAN_POINT ( 'NONE',  ( 25.00000000000000000, 1.047705889746656304E-27, -1.500263998654994022E-13 ) ) ;
#102 = CARTESIAN_POINT ( 'NONE',  ( 5.916456789157588541E-28, 69.99999999999984368, -91.01734781927258666 ) ) ;
#103 = CARTESIAN_POINT ( 'NONE',  ( -9.999999999999655387, 100.0000000000001990, -22.91287847477850192 ) ) ;
#104 = EDGE_CURVE ( 'NONE', #97, #62, #1092, .T. ) ;
#105 = EDGE_LOOP ( 'NONE', ( #207, #1182, #389, #1138 ) ) ;
#106 = CARTESIAN_POINT ( 'NONE',  ( 10.34494073580753870, 7.368769650752063249, -22.75941639119809068 ) ) ;
#107 =( BOUNDED_SURFACE ( )  B_SPLINE_SURFACE ( 3, 3, ( 
 ( #1493, #74, #986, #1456 ),
 ( #65, #434, #1375, #1465 ),
 ( #781, #865, #1003, #1011 ),
 ( #873, #400, #1226, #291 ) ),
 .UNSPECIFIED., .F., .F., .F. ) 
 B_SPLINE_SURFACE_WITH_KNOTS ( ( 4, 4 ),
 ( 4, 4 ),
 ( 0.000000000000000000, 1.000000000000000000 ),
 ( 0.000000000000000000, 1.000000000000000000 ),
 .UNSPECIFIED. ) 
 GEOMETRIC_REPRESENTATION_ITEM ( )  RATIONAL_B_SPLINE_SURFACE ( (
 ( 1.000000000000000000, 0.3333333333333334259, 0.3333333333333334259, 1.000000000000000000),
 ( 0.5058793634016782725, 0.1686264544672261279, 0.1686264544672261279, 0.5058793634016782725),
 ( 0.5058793634016782725, 0.1686264544672261279, 0.1686264544672261279, 0.5058793634016782725),
 ( 1.000000000000000000, 0.3333333333333334259, 0.3333333333333334259, 1.000000000000000000) ) ) 
 REPRESENTATION_ITEM ( '' )  SURFACE ( )  );
#108 = ORIENTED_EDGE ( 'NONE', *, *, #48, .T. ) ;
#109 = CARTESIAN_POINT ( 'NONE',  ( 63.64665149901227181, 100.0000000000002274, -12.71383967691119921 ) ) ;
#110 = CARTESIAN_POINT ( 'NONE',  ( 10.34914623737142847, 7.352863913197337453, 22.75751032677908015 ) ) ;
#111 = CARTESIAN_POINT ( 'NONE',  ( 0.000000000000000000, 0.000000000000000000, 0.000000000000000000 ) ) ;
#112 = CIRCLE ( 'NONE', #1213, 25.00000000000018474 ) ;
#113 = DIRECTION ( 'NONE',  ( 3.430248998885766964E-15, -1.000000000000000000, -0.000000000000000000 ) ) ;
#114 = AXIS2_PLACEMENT_3D ( 'NONE', #1346, #284, #300 ) ;
#115 = CARTESIAN_POINT ( 'NONE',  ( 55.82976911805670994, 86.75444679663242198, 0.000000000000000000 ) ) ;
#116 = ORIENTED_EDGE ( 'NONE', *, *, #301, .T. ) ;
#117 = EDGE_CURVE ( 'NONE', #1523, #1206, #908, .T. ) ;
#118 = CARTESIAN_POINT ( 'NONE',  ( 25.00000000000000711, 53.34936490538902376, 0.000000000000000000 ) ) ;
#119 = CARTESIAN_POINT ( 'NONE',  ( 115.0071426749360626, 53.34936490538885323, -140.0071426749363752 ) ) ;
#120 = CARTESIAN_POINT ( 'NONE',  ( 13.14329927628813088, 2.688880506901489387, 21.27564410828015085 ) ) ;
#121 = EDGE_CURVE ( 'NONE', #64, #99, #170, .T. ) ;
#122 = CARTESIAN_POINT ( 'NONE',  ( 13.93383493758914859, 2.042677955957528102, -20.75929957341894649 ) ) ;
#123 = ORIENTED_EDGE ( 'NONE', *, *, #194, .T. ) ;
#124 = DIRECTION ( 'NONE',  ( 1.000000000000000000, -3.430248998885767359E-15, -2.395330073438999309E-29 ) ) ;
#125 = EDGE_CURVE ( 'NONE', #902, #1233, #848, .T. ) ;
#126 = DIRECTION ( 'NONE',  ( 1.000000000000000000, 3.330669073875444378E-15, 0.000000000000000000 ) ) ;
#127 = CARTESIAN_POINT ( 'NONE',  ( 10.45757799522177223, 6.986080464567925752, 22.70811802772237442 ) ) ;
#128 = ADVANCED_FACE ( 'NONE', ( #515 ), #60, .T. ) ;
#129 = ORIENTED_EDGE ( 'NONE', *, *, #856, .T. ) ;
#130 = DIRECTION ( 'NONE',  ( 3.430248998885766964E-15, 1.000000000000000000, 6.982962677686266711E-15 ) ) ;
#131 = DIRECTION ( 'NONE',  ( 1.000000000000000000, 0.000000000000000000, 0.000000000000000000 ) ) ;
#132 = ORIENTED_EDGE ( 'NONE', *, *, #1031, .T. ) ;
#133 = CARTESIAN_POINT ( 'NONE',  ( 13.93689095809882339, 2.040388702314228642, 20.75723747140103725 ) ) ;
#134 = CIRCLE ( 'NONE', #1210, 48.98979485566381697 ) ;
#135 = VECTOR ( 'NONE', #934, 1000.000000000000000 ) ;
#136 = CARTESIAN_POINT ( 'NONE',  ( 115.0071426749360484, 53.34936490538886034, 3.061616997868403553E-15 ) ) ;
#137 = AXIS2_PLACEMENT_3D ( 'NONE', #139, #831, #156 ) ;
#138 = ORIENTED_EDGE ( 'NONE', *, *, #1336, .F. ) ;
#139 = CARTESIAN_POINT ( 'NONE',  ( -9.999999999999655387, 100.0000000000001990, -22.91287847477850192 ) ) ;
#140 = DIRECTION ( 'NONE',  ( 1.000000000000000000, 3.430248998885766964E-15, 0.000000000000000000 ) ) ;
#141 = DIRECTION ( 'NONE',  ( 3.430248998885766964E-15, -1.000000000000000000, -0.000000000000000000 ) ) ;
#142 = EDGE_CURVE ( 'NONE', #786, #1312, #905, .T. ) ;
#143 = ORIENTED_EDGE ( 'NONE', *, *, #238, .F. ) ;
#144 = DIRECTION ( 'NONE',  ( 0.000000000000000000, 0.000000000000000000, -1.000000000000000000 ) ) ;
#145 = DIRECTION ( 'NONE',  ( 1.000000000000000000, 0.000000000000000000, 0.000000000000000000 ) ) ;
#146 = DIRECTION ( 'NONE',  ( 0.000000000000000000, 0.000000000000000000, -1.000000000000000000 ) ) ;
#147 = EDGE_CURVE ( 'NONE', #709, #419, #1380, .T. ) ;
#148 = CARTESIAN_POINT ( 'NONE',  ( -12.64297035140180903, 3.188744395127916853, 21.57362388879411341 ) ) ;
#149 = ORIENTED_EDGE ( 'NONE', *, *, #1359, .F. ) ;
#150 = CARTESIAN_POINT ( 'NONE',  ( 188.9969375305999790, 70.00000000000000000, 0.000000000000000000 ) ) ;
#151 = CARTESIAN_POINT ( 'NONE',  ( -60.00000000000000000, 0.000000000000000000, -0.000000000000000000 ) ) ;
#152 = CARTESIAN_POINT ( 'NONE',  ( -11.75274981885100445, 4.332691993550117360, 22.06631634913444273 ) ) ;
#153 = CARTESIAN_POINT ( 'NONE',  ( 165.0071426749364321, 53.34936490538903087, -50.00000000000042633 ) ) ;
#154 = ORIENTED_EDGE ( 'NONE', *, *, #1095, .T. ) ;
#155 =( GEOMETRIC_REPRESENTATION_CONTEXT ( 3 ) GLOBAL_UNCERTAINTY_ASSIGNED_CONTEXT ( ( #439 ) ) GLOBAL_UNIT_ASSIGNED_CONTEXT ( ( #1106, #995, #1366 ) ) REPRESENTATION_CONTEXT ( 'NONE', 'WORKASPACE' ) );
#156 = DIRECTION ( 'NONE',  ( -1.000000000000000000, -0.000000000000000000, 0.000000000000000000 ) ) ;
#157 = VECTOR ( 'NONE', #580, 1000.000000000000000 ) ;
#158 = ORIENTED_EDGE ( 'NONE', *, *, #1082, .T. ) ;
#159 =( NAMED_UNIT ( * ) PLANE_ANGLE_UNIT ( ) SI_UNIT ( $, .RADIAN. ) );
#160 = CIRCLE ( 'NONE', #376, 25.00000000000000000 ) ;
#161 = CARTESIAN_POINT ( 'NONE',  ( -9.999999999999998224, 1.943022652166018730E-13, -22.91287847477919826 ) ) ;
#162 = PRODUCT_DEFINITION ( 'UNKNOWN', '', #1487, #1094 ) ;
#163 = DIRECTION ( 'NONE',  ( 1.000000000000000000, 3.399349888776277871E-15, 1.133116629592092624E-15 ) ) ;
#164 = VERTEX_POINT ( 'NONE', #1475 ) ;
#165 = DIRECTION ( 'NONE',  ( 0.000000000000000000, 0.000000000000000000, -1.000000000000000000 ) ) ;
#166 = VERTEX_POINT ( 'NONE', #551 ) ;
#167 = DIRECTION ( 'NONE',  ( 3.430248998885766964E-15, 1.000000000000000000, 6.982962677686266711E-15 ) ) ;
#168 = EDGE_CURVE ( 'NONE', #640, #669, #673, .T. ) ;
#169 = CARTESIAN_POINT ( 'NONE',  ( 10.00000000000022560, 64.99999999999997158, 4.520556038508863090E-13 ) ) ;
#170 = LINE ( 'NONE', #628, #1166 ) ;
#171 = CARTESIAN_POINT ( 'NONE',  ( 188.9969375305999790, 70.00000000000000000, -140.0071426749364036 ) ) ;
#172 = ORIENTED_EDGE ( 'NONE', *, *, #121, .F. ) ;
#173 = CARTESIAN_POINT ( 'NONE',  ( -10.85647049756301108, 5.933817441071541410, -22.52043955241044060 ) ) ;
#174 = ORIENTED_EDGE ( 'NONE', *, *, #1007, .T. ) ;
#175 = DIRECTION ( 'NONE',  ( 1.000000000000000000, 3.399349888776277871E-15, 0.000000000000000000 ) ) ;
#176 = DIRECTION ( 'NONE',  ( -3.430248998885766964E-15, -1.000000000000000000, -6.982962677686266711E-15 ) ) ;
#177 = DIRECTION ( 'NONE',  ( 1.000000000000000000, -3.430248998885767359E-15, -2.395330073438999309E-29 ) ) ;
#178 = CARTESIAN_POINT ( 'NONE',  ( 76.36049117592339996, 99.99999999999978684, -127.2933029980252968 ) ) ;
#179 = EDGE_LOOP ( 'NONE', ( #1423, #1461, #631, #964 ) ) ;
#180 = CARTESIAN_POINT ( 'NONE',  ( 0.000000000000000000, 70.00000000000000000, 0.000000000000000000 ) ) ;
#181 = ORIENTED_EDGE ( 'NONE', *, *, #493, .T. ) ;
#182 = CARTESIAN_POINT ( 'NONE',  ( 80.11961706395985061, -69.26102778014217165, -4.836471720069245511E-13 ) ) ;
#183 = AXIS2_PLACEMENT_3D ( 'NONE', #659, #81, #644 ) ;
#184 = CARTESIAN_POINT ( 'NONE',  ( -19.99999999999999645, 2.591056451151535618E-13, -15.00000000000000888 ) ) ;
#185 = PRODUCT_DEFINITION_FORMATION_WITH_SPECIFIED_SOURCE ( 'ANY', '', #1500, .NOT_KNOWN. ) ;
#186 = LINE ( 'NONE', #1246, #374 ) ;
#187 = DIRECTION ( 'NONE',  ( 0.000000000000000000, 6.982962677686266711E-15, -1.000000000000000000 ) ) ;
#188 = EDGE_CURVE ( 'NONE', #29, #1374, #595, .T. ) ;
#189 = ORIENTED_EDGE ( 'NONE', *, *, #1141, .T. ) ;
#190 = DIRECTION ( 'NONE',  ( -3.430248998885767753E-15, -1.000000000000000000, -6.982962677686266711E-15 ) ) ;
#191 = VERTEX_POINT ( 'NONE', #653 ) ;
#192 = CARTESIAN_POINT ( 'NONE',  ( 10.00000000000034461, 99.99999999999981526, 22.91287847477989459 ) ) ;
#193 = DIRECTION ( 'NONE',  ( 1.000000000000000000, 3.399349888776278266E-15, 0.000000000000000000 ) ) ;
#194 = EDGE_CURVE ( 'NONE', #29, #604, #3, .T. ) ;
#195 = B_SPLINE_CURVE_WITH_KNOTS ( 'NONE', 3,
 ( #1046, #666, #466, #106, #938, #1140, #1407, #351, #568, #1025, #98, #459, #811, #122, #930, #214, #237, #703, #1507, #327, #1393, #586, #911, #337 ),
 .UNSPECIFIED., .F., .F.,
 ( 4, 2, 2, 2, 2, 2, 2, 2, 2, 2, 2, 4 ),
 ( 0.000000000000000000, 0.002277627136900146985, 0.003416440705350224597, 0.004555254273800301776, 0.005694067842250379388, 0.006832881410700457001, 0.009110508547600608756, 0.01024932211605068290, 0.01138813568450075878, 0.01366576282140090533, 0.01594338995830105188, 0.01822101709520120016 ),
 .UNSPECIFIED. ) ;
#196 = LINE ( 'NONE', #1326, #254 ) ;
#197 = APPLICATION_PROTOCOL_DEFINITION ( 'draft international standard', 'automotive_design', 1998, #883 ) ;
#198 = EDGE_LOOP ( 'NONE', ( #610, #298, #18, #1400, #1344, #844 ) ) ;
#199 = CARTESIAN_POINT ( 'NONE',  ( -9.999999999999655387, 100.0000000000001990, -22.91287847477850192 ) ) ;
#200 = ORIENTED_EDGE ( 'NONE', *, *, #993, .T. ) ;
#201 = DIRECTION ( 'NONE',  ( 3.430248998885766964E-15, -1.000000000000000000, -0.000000000000000000 ) ) ;
#202 = CARTESIAN_POINT ( 'NONE',  ( -3.430248998885767296E-13, -100.0000000000000000, -6.982962677686266711E-13 ) ) ;
#203 = CARTESIAN_POINT ( 'NONE',  ( -2.023705509639367711E-13, 56.98300017677757268, -37.58728181243922961 ) ) ;
#204 = CARTESIAN_POINT ( 'NONE',  ( 2.941652048589201649E-28, -8.575622497214418240E-14, 0.000000000000000000 ) ) ;
#205 = DIRECTION ( 'NONE',  ( 1.000000000000000000, 3.430248998885768542E-15, 0.000000000000000000 ) ) ;
#206 = DIRECTION ( 'NONE',  ( -3.430248998885766964E-15, 1.000000000000000000, 0.000000000000000000 ) ) ;
#207 = ORIENTED_EDGE ( 'NONE', *, *, #1280, .F. ) ;
#208 = CARTESIAN_POINT ( 'NONE',  ( 165.0071426749364321, 53.34936490538902376, -140.0071426749364036 ) ) ;
#209 = CARTESIAN_POINT ( 'NONE',  ( -48.98979485566398751, 69.99999999999953104, -237.9867323862638671 ) ) ;
#210 = CIRCLE ( 'NONE', #576, 25.00000000000000000 ) ;
#211 = VECTOR ( 'NONE', #1273, 1000.000000000000000 ) ;
#212 = CARTESIAN_POINT ( 'NONE',  ( 140.0071426749362047, 62.87955813897448820, -93.92425603638355369 ) ) ;
#213 = ORIENTED_EDGE ( 'NONE', *, *, #616, .T. ) ;
#214 = CARTESIAN_POINT ( 'NONE',  ( 14.75202264291537269, 1.481422430175453053, -20.18638650265008749 ) ) ;
#215 =( BOUNDED_CURVE ( )  B_SPLINE_CURVE ( 3, ( #1409, #226, #790, #1502 ),
 .UNSPECIFIED., .F., .T. ) 
 B_SPLINE_CURVE_WITH_KNOTS ( ( 4, 4 ),
 ( 3.342950574380129769, 4.188790204786390525 ),
 .UNSPECIFIED. ) 
 CURVE ( )  GEOMETRIC_REPRESENTATION_ITEM ( )  RATIONAL_B_SPLINE_CURVE ( ( 1.000000000000000000, 0.9412629764324025317, 0.9412629764324025317, 1.000000000000000000 ) ) 
 REPRESENTATION_ITEM ( '' )  );
#216 = VERTEX_POINT ( 'NONE', #1013 ) ;
#217 = CARTESIAN_POINT ( 'NONE',  ( -25.00000000000038014, 53.34936490538884613, -90.00714267493603415 ) ) ;
#218 = CARTESIAN_POINT ( 'NONE',  ( 140.0071426749360910, 100.0000000000000284, -140.0071426749364889 ) ) ;
#219 = PLANE ( 'NONE',  #1454 ) ;
#220 = EDGE_CURVE ( 'NONE', #1217, #166, #76, .T. ) ;
#221 = CARTESIAN_POINT ( 'NONE',  ( 63.64665149901226471, -100.0000000000011084, 127.2933029980242026 ) ) ;
#222 = ORIENTED_EDGE ( 'NONE', *, *, #438, .F. ) ;
#223 = DIRECTION ( 'NONE',  ( 3.430248998885766964E-15, 1.000000000000000000, 6.982962677686266711E-15 ) ) ;
#224 =( BOUNDED_SURFACE ( )  B_SPLINE_SURFACE ( 3, 3, ( 
 ( #1135, #1496, #566, #919 ),
 ( #1162, #429, #1254, #675 ),
 ( #1281, #341, #221, #1154 ),
 ( #1399, #1522, #1030, #319 ) ),
 .UNSPECIFIED., .F., .F., .T. ) 
 B_SPLINE_SURFACE_WITH_KNOTS ( ( 4, 4 ),
 ( 4, 4 ),
 ( 0.000000000000000000, 1.000000000000000000 ),
 ( 0.000000000000000000, 1.000000000000000000 ),
 .UNSPECIFIED. ) 
 GEOMETRIC_REPRESENTATION_ITEM ( )  RATIONAL_B_SPLINE_SURFACE ( (
 ( 1.000000000000000000, 0.3333333333333343140, 0.3333333333333343140, 1.000000000000000000),
 ( 0.5058793634016781615, 0.1686264544672265442, 0.1686264544672265442, 0.5058793634016781615),
 ( 0.5058793634016781615, 0.1686264544672265442, 0.1686264544672265442, 0.5058793634016781615),
 ( 1.000000000000000000, 0.3333333333333343140, 0.3333333333333343140, 1.000000000000000000) ) ) 
 REPRESENTATION_ITEM ( '' )  SURFACE ( )  );
#225 = VERTEX_POINT ( 'NONE', #444 ) ;
#226 = CARTESIAN_POINT ( 'NONE',  ( 46.08288663855252310, 62.87955813897455926, -140.0071426749364036 ) ) ;
#227 = CARTESIAN_POINT ( 'NONE',  ( 16.42080910447888442, 0.6576188820514241584, 18.85442750627082020 ) ) ;
#228 = CARTESIAN_POINT ( 'NONE',  ( -60.00000000000000000, 70.00000000000000000, -200.0071426749364036 ) ) ;
#229 = ORIENTED_EDGE ( 'NONE', *, *, #266, .F. ) ;
#230 = DIRECTION ( 'NONE',  ( 3.430248998885766964E-15, 1.000000000000000000, 6.982962677686266711E-15 ) ) ;
#231 = VERTEX_POINT ( 'NONE', #559 ) ;
#232 = DIRECTION ( 'NONE',  ( 0.000000000000000000, 6.982962677686266711E-15, -1.000000000000000000 ) ) ;
#233 = CARTESIAN_POINT ( 'NONE',  ( 203.6537941739486826, 100.0000000000002274, -12.71383967691122407 ) ) ;
#234 = CARTESIAN_POINT ( 'NONE',  ( 11.36471361680215608, 4.943388588443839105, 22.26867111368013852 ) ) ;
#235 = AXIS2_PLACEMENT_3D ( 'NONE', #180, #641, #1275 ) ;
#236 =( GEOMETRIC_REPRESENTATION_CONTEXT ( 3 ) GLOBAL_UNCERTAINTY_ASSIGNED_CONTEXT ( ( #785 ) ) GLOBAL_UNIT_ASSIGNED_CONTEXT ( ( #613, #494, #1442 ) ) REPRESENTATION_CONTEXT ( 'NONE', 'WORKASPACE' ) );
#237 = CARTESIAN_POINT ( 'NONE',  ( 15.02800557802893167, 1.317946459839219431, -19.98204773229089071 ) ) ;
#238 = EDGE_CURVE ( 'NONE', #268, #64, #186, .T. ) ;
#239 = ORIENTED_EDGE ( 'NONE', *, *, #8, .F. ) ;
#240 = CARTESIAN_POINT ( 'NONE',  ( -25.00000000000037659, 53.34936490538885323, -140.0071426749364036 ) ) ;
#241 = CARTESIAN_POINT ( 'NONE',  ( 140.0071426749362331, 53.34936490538893850, 0.000000000000000000 ) ) ;
#242 = CARTESIAN_POINT ( 'NONE',  ( 16.69979692697539875, 0.5559106141271580315, 18.60793477367399262 ) ) ;
#243 = ADVANCED_FACE ( 'NONE', ( #1028 ), #534, .T. ) ;
#244 = EDGE_LOOP ( 'NONE', ( #313, #484, #944, #1296 ) ) ;
#245 = CARTESIAN_POINT ( 'NONE',  ( 20.00000000000003553, 9.999999999999808153, 22.91287847477926576 ) ) ;
#246 = DIRECTION ( 'NONE',  ( 0.000000000000000000, 0.000000000000000000, 1.000000000000000000 ) ) ;
#247 = DIRECTION ( 'NONE',  ( 1.000000000000000000, 3.430248998885768542E-15, 0.000000000000000000 ) ) ;
#248 = EDGE_LOOP ( 'NONE', ( #567, #587 ) ) ;
#249 = LINE ( 'NONE', #378, #1457 ) ;
#250 = FACE_OUTER_BOUND ( 'NONE', #1446, .T. ) ;
#251 = EDGE_CURVE ( 'NONE', #296, #1206, #762, .T. ) ;
#252 = CARTESIAN_POINT ( 'NONE',  ( 24.99999999999999289, -53.34936490538866849, -50.00000000000114397 ) ) ;
#253 = COLOUR_RGB ( '',0.7921568627450980005, 0.8196078431372548767, 0.9333333333333333481 ) ;
#254 = VECTOR ( 'NONE', #647, 1000.000000000000000 ) ;
#255 = VECTOR ( 'NONE', #1134, 1000.000000000000000 ) ;
#256 = EDGE_LOOP ( 'NONE', ( #1225, #807, #154, #1212, #564, #138 ) ) ;
#257 = DIRECTION ( 'NONE',  ( -1.000000000000000000, 0.000000000000000000, -0.000000000000000000 ) ) ;
#258 = SURFACE_SIDE_STYLE ('',( #606 ) ) ;
#259 = DIRECTION ( 'NONE',  ( 0.000000000000000000, 1.000000000000000000, -0.000000000000000000 ) ) ;
#260 = APPLICATION_CONTEXT ( 'automotive_design' ) ;
#261 = ORIENTED_EDGE ( 'NONE', *, *, #829, .F. ) ;
#262 = CARTESIAN_POINT ( 'NONE',  ( 195.8369117929929075, 86.75444679663250724, 0.000000000000000000 ) ) ;
#263 =( LENGTH_UNIT ( ) NAMED_UNIT ( * ) SI_UNIT ( .MILLI., .METRE. ) );
#264 = CARTESIAN_POINT ( 'NONE',  ( 10.00000000000000711, 2.114535102110306767E-13, -22.91287847477919826 ) ) ;
#265 = CARTESIAN_POINT ( 'NONE',  ( 115.0071426749360484, 53.34936490538886034, -50.00000000000034106 ) ) ;
#266 = EDGE_CURVE ( 'NONE', #419, #51, #835, .T. ) ;
#267 = UNCERTAINTY_MEASURE_WITH_UNIT (LENGTH_MEASURE( 1.000000000000000082E-05 ), #33, 'distance_accuracy_value', 'NONE');
#268 = VERTEX_POINT ( 'NONE', #428 ) ;
#269 = CARTESIAN_POINT ( 'NONE',  ( 140.0071426749360626, 100.0000000000000284, 5.551115123125782071E-14 ) ) ;
#270 = DIRECTION ( 'NONE',  ( 1.000000000000000000, 0.000000000000000000, 0.000000000000000000 ) ) ;
#271 = DIRECTION ( 'NONE',  ( 3.430248998885766964E-15, -1.000000000000000000, -0.000000000000000000 ) ) ;
#272 = CARTESIAN_POINT ( 'NONE',  ( -19.54035209404370121, -7.904511463777114987E-15, 15.61286387460854463 ) ) ;
#273 = EDGE_CURVE ( 'NONE', #225, #342, #1261, .T. ) ;
#274 =( BOUNDED_CURVE ( )  B_SPLINE_CURVE ( 3, ( #150, #1441, #506, #978 ),
 .UNSPECIFIED., .F., .F. ) 
 B_SPLINE_CURVE_WITH_KNOTS ( ( 4, 4 ),
 ( 2.940234732799463124, 4.712388980384696779 ),
 .UNSPECIFIED. ) 
 CURVE ( )  GEOMETRIC_REPRESENTATION_ITEM ( )  RATIONAL_B_SPLINE_CURVE ( ( 1.000000000000000000, 0.7549703546891155526, 0.7549703546891155526, 1.000000000000000000 ) ) 
 REPRESENTATION_ITEM ( '' )  );
#275 = DIRECTION ( 'NONE',  ( 1.000000000000000000, 0.000000000000000000, 0.000000000000000000 ) ) ;
#276 = ORIENTED_EDGE ( 'NONE', *, *, #868, .T. ) ;
#277 = ADVANCED_FACE ( 'NONE', ( #898 ), #810, .T. ) ;
#278 = VECTOR ( 'NONE', #71, 1000.000000000000000 ) ;
#279 = CARTESIAN_POINT ( 'NONE',  ( 48.98979485566356828, 69.99999999999984368, -140.0071426749364036 ) ) ;
#280 = AXIS2_PLACEMENT_3D ( 'NONE', #1252, #540, #533 ) ;
#281 = ORIENTED_EDGE ( 'NONE', *, *, #596, .T. ) ;
#282 = DIRECTION ( 'NONE',  ( -0.000000000000000000, -1.000000000000000000, -0.000000000000000000 ) ) ;
#283 = CIRCLE ( 'NONE', #1019, 15.00000000000000000 ) ;
#284 = DIRECTION ( 'NONE',  ( -1.000000000000000000, 3.430248998885767359E-15, 2.395330073438999309E-29 ) ) ;
#285 = CARTESIAN_POINT ( 'NONE',  ( -15.02800557802891568, 1.317946459839045570, 19.98204773229091202 ) ) ;
#286 = CARTESIAN_POINT ( 'NONE',  ( 140.0071426749360910, 100.0000000000000000, -140.0071426749364036 ) ) ;
#287 = UNCERTAINTY_MEASURE_WITH_UNIT (LENGTH_MEASURE( 1.000000000000000082E-05 ), #854, 'distance_accuracy_value', 'NONE');
#288 = ORIENTED_EDGE ( 'NONE', *, *, #1107, .F. ) ;
#289 = CARTESIAN_POINT ( 'NONE',  ( -19.99999999999999645, 2.591056451151535618E-13, -15.00000000000000888 ) ) ;
#290 = ORIENTED_EDGE ( 'NONE', *, *, #104, .T. ) ;
#291 = CARTESIAN_POINT ( 'NONE',  ( -3.460865168864449821E-13, 100.0000000000000000, 7.498798913309123825E-31 ) ) ;
#292 = ADVANCED_FACE ( 'NONE', ( #713 ), #219, .T. ) ;
#293 = DIRECTION ( 'NONE',  ( -3.469446951953614189E-15, -1.000000000000000000, -6.982962677686267499E-15 ) ) ;
#294 = CARTESIAN_POINT ( 'NONE',  ( -3.399632828907084266E-13, -100.0000000000000000, -6.982962677686268730E-13 ) ) ;
#295 = DIRECTION ( 'NONE',  ( 3.430248998885766964E-15, -1.000000000000000000, -0.000000000000000000 ) ) ;
#296 = VERTEX_POINT ( 'NONE', #928 ) ;
#297 = DIRECTION ( 'NONE',  ( 0.000000000000000000, 0.000000000000000000, -1.000000000000000000 ) ) ;
#298 = ORIENTED_EDGE ( 'NONE', *, *, #1390, .F. ) ;
#299 = SURFACE_STYLE_USAGE ( .BOTH. , #548 ) ;
#300 = DIRECTION ( 'NONE',  ( 3.430248998885767359E-15, 1.000000000000000000, 6.982962677686266711E-15 ) ) ;
#301 = EDGE_CURVE ( 'NONE', #419, #1471, #1422, .T. ) ;
#302 = CARTESIAN_POINT ( 'NONE',  ( -9.999999999999774403, 65.00000000000002842, 4.520556038508865109E-13 ) ) ;
#303 = VERTEX_POINT ( 'NONE', #102 ) ;
#304 = DIRECTION ( 'NONE',  ( 1.000000000000000000, -3.430248998885767359E-15, -2.395330073438999309E-29 ) ) ;
#305 = PRESENTATION_LAYER_ASSIGNMENT (  '', '', ( #82 ) ) ;
#306 = ORIENTED_EDGE ( 'NONE', *, *, #722, .T. ) ;
#307 = CARTESIAN_POINT ( 'NONE',  ( 140.0071426749360910, 100.0000000000000000, 0.000000000000000000 ) ) ;
#308 = AXIS2_PLACEMENT_3D ( 'NONE', #1306, #492, #13 ) ;
#309 = FACE_OUTER_BOUND ( 'NONE', #198, .T. ) ;
#310 = VECTOR ( 'NONE', #437, 1000.000000000000000 ) ;
#311 = DIRECTION ( 'NONE',  ( 3.430248998885766964E-15, -1.000000000000000000, -0.000000000000000000 ) ) ;
#312 = PLANE ( 'NONE',  #1264 ) ;
#313 = ORIENTED_EDGE ( 'NONE', *, *, #1315, .T. ) ;
#314 = CARTESIAN_POINT ( 'NONE',  ( -12.64942839514307060, 3.182162725525245150, -21.56979733736462634 ) ) ;
#315 = EDGE_LOOP ( 'NONE', ( #1088, #812, #1231, #399, #73, #1020 ) ) ;
#316 = SURFACE_STYLE_FILL_AREA ( #882 ) ;
#317 = DIRECTION ( 'NONE',  ( 3.430248998885766964E-15, -1.000000000000000000, -0.000000000000000000 ) ) ;
#318 = CARTESIAN_POINT ( 'NONE',  ( 5.916456789157588541E-28, 69.99999999999984368, -48.98979485566381697 ) ) ;
#319 = CARTESIAN_POINT ( 'NONE',  ( -3.460865168864449316E-13, -100.0000000000000000, -6.982962677686266711E-13 ) ) ;
#320 = ORIENTED_EDGE ( 'NONE', *, *, #362, .F. ) ;
#321 = CARTESIAN_POINT ( 'NONE',  ( 10.00000000000034461, 100.0000000000001421, -22.91287847477850192 ) ) ;
#322 = ORIENTED_EDGE ( 'NONE', *, *, #438, .T. ) ;
#323 = CARTESIAN_POINT ( 'NONE',  ( -3.430248998885767296E-13, 100.0000000000000000, -140.0071426749364036 ) ) ;
#324 = CARTESIAN_POINT ( 'NONE',  ( -1.875940310547045365E-13, 53.34936490538893850, -25.00000000000018829 ) ) ;
#325 = CARTESIAN_POINT ( 'NONE',  ( 140.0071426749362331, 56.98300017677758689, -102.4198608624972024 ) ) ;
#326 = ORIENTED_EDGE ( 'NONE', *, *, #1318, .T. ) ;
#327 = CARTESIAN_POINT ( 'NONE',  ( 17.51173008777529461, 0.2977583443358634008, -17.85739381281540972 ) ) ;
#328 = ADVANCED_FACE ( 'NONE', ( #1183 ), #794, .F. ) ;
#329 = VERTEX_POINT ( 'NONE', #1055 ) ;
#330 = CARTESIAN_POINT ( 'NONE',  ( 115.0071426749360342, 53.34936490538886744, -140.0071426749363752 ) ) ;
#331 = CARTESIAN_POINT ( 'NONE',  ( 140.0071426749360626, 100.0000000000000000, -140.0071426749363752 ) ) ;
#332 = CARTESIAN_POINT ( 'NONE',  ( 0.000000000000000000, 0.000000000000000000, 60.00000000000003553 ) ) ;
#333 = VECTOR ( 'NONE', #914, 1000.000000000000000 ) ;
#334 = CIRCLE ( 'NONE', #280, 15.00000000000000000 ) ;
#335 = APPLICATION_PROTOCOL_DEFINITION ( 'draft international standard', 'automotive_design', 1998, #692 ) ;
#336 = CARTESIAN_POINT ( 'NONE',  ( 63.64665149901228602, -100.0000000000002274, -6.982962677686282866E-13 ) ) ;
#337 = CARTESIAN_POINT ( 'NONE',  ( 20.00000000000000000, 1.218956851597228548E-13, -15.00000000000000355 ) ) ;
#338 = EDGE_LOOP ( 'NONE', ( #370, #983, #735, #1132 ) ) ;
#339 = CARTESIAN_POINT ( 'NONE',  ( 10.00000000000001243, -1.085460402444577033E-13, 22.91287847477919470 ) ) ;
#340 = CARTESIAN_POINT ( 'NONE',  ( -1.875940310547045365E-13, 53.34936490538893850, -25.00000000000018829 ) ) ;
#341 = CARTESIAN_POINT ( 'NONE',  ( -63.64665149901264840, -100.0000000000006821, 127.2933029980243589 ) ) ;
#342 = VERTEX_POINT ( 'NONE', #340 ) ;
#343 = CARTESIAN_POINT ( 'NONE',  ( -9.999999999999998224, 1.943022652166018730E-13, -22.91287847477919826 ) ) ;
#344 = PRODUCT_DEFINITION_SHAPE ( 'NONE', 'NONE',  #1525 ) ;
#345 = ORIENTED_EDGE ( 'NONE', *, *, #1263, .T. ) ;
#346 = DIRECTION ( 'NONE',  ( 3.430248998885766964E-15, 1.000000000000000000, 6.982962677686266711E-15 ) ) ;
#347 = CARTESIAN_POINT ( 'NONE',  ( 140.0071426749360910, 100.0000000000000000, -140.0071426749364036 ) ) ;
#348 = CARTESIAN_POINT ( 'NONE',  ( -60.00000000000000000, 70.00000000000000000, 0.000000000000000000 ) ) ;
#349 = EDGE_CURVE ( 'NONE', #505, #231, #482, .T. ) ;
#350 = DIRECTION ( 'NONE',  ( 1.000000000000000000, -3.430248998885767359E-15, -2.395330073438999309E-29 ) ) ;
#351 = CARTESIAN_POINT ( 'NONE',  ( 11.17802233047727256, 5.276604019673981405, -22.36257499133394688 ) ) ;
#352 = ORIENTED_EDGE ( 'NONE', *, *, #822, .F. ) ;
#353 = DIRECTION ( 'NONE',  ( 0.000000000000000000, 6.982962677686266711E-15, -1.000000000000000000 ) ) ;
#354 = VECTOR ( 'NONE', #47, 1000.000000000000000 ) ;
#355 = AXIS2_PLACEMENT_3D ( 'NONE', #1460, #403, #61 ) ;
#356 = PRODUCT_DEFINITION_FORMATION_WITH_SPECIFIED_SOURCE ( 'ANY', '', #906, .NOT_KNOWN. ) ;
#357 = EDGE_LOOP ( 'NONE', ( #953, #853, #90 ) ) ;
#358 = DIRECTION ( 'NONE',  ( 1.000000000000000000, -3.430248998885767359E-15, -2.395330073438999309E-29 ) ) ;
#359 =( NAMED_UNIT ( * ) SI_UNIT ( $, .STERADIAN. ) SOLID_ANGLE_UNIT ( ) );
#360 = LINE ( 'NONE', #332, #54 ) ;
#361 = ORIENTED_EDGE ( 'NONE', *, *, #829, .T. ) ;
#362 = EDGE_CURVE ( 'NONE', #1117, #1523, #700, .T. ) ;
#363 = CARTESIAN_POINT ( 'NONE',  ( 188.9969375306000074, 70.00000000000001421, 97.97958971132761974 ) ) ;
#364 = ORIENTED_EDGE ( 'NONE', *, *, #1082, .F. ) ;
#365 = DIRECTION ( 'NONE',  ( 1.000000000000000000, -3.430248998885767359E-15, -2.395330073438999309E-29 ) ) ;
#366 =( BOUNDED_SURFACE ( )  B_SPLINE_SURFACE ( 3, 3, ( 
 ( #1269, #100, #217, #240 ),
 ( #1150, #925, #1277, #687 ),
 ( #1159, #109, #368, #716 ),
 ( #731, #1081, #840, #1313 ) ),
 .UNSPECIFIED., .F., .F., .T. ) 
 B_SPLINE_SURFACE_WITH_KNOTS ( ( 4, 4 ),
 ( 4, 4 ),
 ( 0.000000000000000000, 1.000000000000000000 ),
 ( 0.000000000000000000, 1.000000000000000000 ),
 .UNSPECIFIED. ) 
 GEOMETRIC_REPRESENTATION_ITEM ( )  RATIONAL_B_SPLINE_SURFACE ( (
 ( 1.000000000000000000, 0.3333333333333334259, 0.3333333333333334259, 1.000000000000000000),
 ( 0.5058793634016782725, 0.1686264544672261279, 0.1686264544672261279, 0.5058793634016782725),
 ( 0.5058793634016782725, 0.1686264544672261279, 0.1686264544672261279, 0.5058793634016782725),
 ( 1.000000000000000000, 0.3333333333333334259, 0.3333333333333334259, 1.000000000000000000) ) ) 
 REPRESENTATION_ITEM ( '' )  SURFACE ( )  );
#367 = VERTEX_POINT ( 'NONE', #1172 ) ;
#368 = CARTESIAN_POINT ( 'NONE',  ( -63.64665149901295393, 99.99999999999978684, -12.71383967691122407 ) ) ;
#369 = EDGE_CURVE ( 'NONE', #1284, #931, #1405, .T. ) ;
#370 = ORIENTED_EDGE ( 'NONE', *, *, #382, .F. ) ;
#371 = CARTESIAN_POINT ( 'NONE',  ( 200.0071426749363468, 70.00000000000000000, 60.00000000000003553 ) ) ;
#372 = CARTESIAN_POINT ( 'NONE',  ( -9.999999999999825917, 50.00000000000003553, 3.491481338843135880E-13 ) ) ;
#373 =( BOUNDED_CURVE ( )  B_SPLINE_CURVE ( 3, ( #645, #768, #66, #866 ),
 .UNSPECIFIED., .F., .F. ) 
 B_SPLINE_CURVE_WITH_KNOTS ( ( 4, 4 ),
 ( 2.940234732799463124, 4.712388980384696779 ),
 .UNSPECIFIED. ) 
 CURVE ( )  GEOMETRIC_REPRESENTATION_ITEM ( )  RATIONAL_B_SPLINE_CURVE ( ( 1.000000000000000000, 0.7549703546891155526, 0.7549703546891155526, 1.000000000000000000 ) ) 
 REPRESENTATION_ITEM ( '' )  );
#374 = VECTOR ( 'NONE', #541, 1000.000000000000000 ) ;
#375 = VECTOR ( 'NONE', #232, 1000.000000000000000 ) ;
#376 = AXIS2_PLACEMENT_3D ( 'NONE', #204, #662, #1023 ) ;
#377 = VERTEX_POINT ( 'NONE', #1420 ) ;
#378 = CARTESIAN_POINT ( 'NONE',  ( 200.0071426749363468, 70.00000000000000000, 0.000000000000000000 ) ) ;
#379 = DIRECTION ( 'NONE',  ( 0.000000000000000000, 0.000000000000000000, 1.000000000000000000 ) ) ;
#380 = DIRECTION ( 'NONE',  ( -3.430248998885766964E-15, -1.000000000000000000, -6.982962677686266711E-15 ) ) ;
#381 = CARTESIAN_POINT ( 'NONE',  ( -16.42524151127999588, 0.6433936681981710093, 18.86156530485202509 ) ) ;
#382 = EDGE_CURVE ( 'NONE', #1179, #626, #360, .T. ) ;
#383 = ORIENTED_EDGE ( 'NONE', *, *, #117, .T. ) ;
#384 = CARTESIAN_POINT ( 'NONE',  ( 195.8369117929929075, 86.75444679663252145, 111.6595382361135904 ) ) ;
#385 = CARTESIAN_POINT ( 'NONE',  ( 25.00000000000009237, -8.575622497214448532E-14, -5.988325183597519712E-28 ) ) ;
#386 = CARTESIAN_POINT ( 'NONE',  ( -14.20546664220681521, 1.843357717846388688, 20.57467106829686543 ) ) ;
#387 = EDGE_CURVE ( 'NONE', #758, #391, #1488, .T. ) ;
#388 = LINE ( 'NONE', #1361, #1485 ) ;
#389 = ORIENTED_EDGE ( 'NONE', *, *, #1412, .T. ) ;
#390 = LINE ( 'NONE', #1201, #816 ) ;
#391 = VERTEX_POINT ( 'NONE', #941 ) ;
#392 = EDGE_CURVE ( 'NONE', #1425, #626, #614, .T. ) ;
#393 = CARTESIAN_POINT ( 'NONE',  ( -10.34494073580748008, 7.368769650751819889, 22.75941639119820081 ) ) ;
#394 = CARTESIAN_POINT ( 'NONE',  ( -9.999999999999994671, -3.994106026674236238E-14, 22.91287847477919826 ) ) ;
#395 =( GEOMETRIC_REPRESENTATION_CONTEXT ( 3 ) GLOBAL_UNCERTAINTY_ASSIGNED_CONTEXT ( ( #287 ) ) GLOBAL_UNIT_ASSIGNED_CONTEXT ( ( #854, #159, #1449 ) ) REPRESENTATION_CONTEXT ( 'NONE', 'WORKASPACE' ) );
#396 = ORIENTED_EDGE ( 'NONE', *, *, #1491, .T. ) ;
#397 = CIRCLE ( 'NONE', #355, 48.98979485566381697 ) ;
#398 = DIRECTION ( 'NONE',  ( 1.000000000000000000, 0.000000000000000000, 0.000000000000000000 ) ) ;
#399 = ORIENTED_EDGE ( 'NONE', *, *, #834, .F. ) ;
#400 = CARTESIAN_POINT ( 'NONE',  ( -3.399632828907083761E-13, 100.0000000000000284, 6.123233995736578336E-15 ) ) ;
#401 = CARTESIAN_POINT ( 'NONE',  ( -9.999999999999655387, 99.99999999999987210, 22.91287847477989459 ) ) ;
#402 = CARTESIAN_POINT ( 'NONE',  ( -48.98979485566398751, 69.99999999999951683, -140.0071426749364036 ) ) ;
#403 = DIRECTION ( 'NONE',  ( 3.430248998885766964E-15, -1.000000000000000000, -0.000000000000000000 ) ) ;
#404 = ORIENTED_EDGE ( 'NONE', *, *, #1107, .T. ) ;
#405 = DIRECTION ( 'NONE',  ( -1.000000000000000000, 3.430248998885767753E-15, 2.395330073438999589E-29 ) ) ;
#406 = ADVANCED_FACE ( 'NONE', ( #250 ), #847, .T. ) ;
#407 = ORIENTED_EDGE ( 'NONE', *, *, #1315, .F. ) ;
#408 = FACE_OUTER_BOUND ( 'NONE', #913, .T. ) ;
#409 = FACE_OUTER_BOUND ( 'NONE', #244, .T. ) ;
#410 = CARTESIAN_POINT ( 'NONE',  ( -9.999999999999655387, 99.99999999999987210, 22.91287847477989459 ) ) ;
#411 = FACE_BOUND ( 'NONE', #248, .T. ) ;
#412 = VERTEX_POINT ( 'NONE', #974 ) ;
#413 = CARTESIAN_POINT ( 'NONE',  ( -11.97647981198267075, 4.020737855110118275, -21.94606981415766001 ) ) ;
#414 = ORIENTED_EDGE ( 'NONE', *, *, #1483, .T. ) ;
#415 = DIRECTION ( 'NONE',  ( -3.430248998885766964E-15, 1.000000000000000000, 0.000000000000000000 ) ) ;
#416 = DIRECTION ( 'NONE',  ( 3.430248998885766964E-15, -1.000000000000000000, -0.000000000000000000 ) ) ;
#417 = DIRECTION ( 'NONE',  ( 1.000000000000000000, -3.430248998885766964E-15, -2.395330073438999029E-29 ) ) ;
#418 = CARTESIAN_POINT ( 'NONE',  ( 140.0071426749360910, 100.0000000000000000, 0.000000000000000000 ) ) ;
#419 = VERTEX_POINT ( 'NONE', #967 ) ;
#420 = CARTESIAN_POINT ( 'NONE',  ( -10.08812750137399838, 8.470289305208348551, -22.87501038207012627 ) ) ;
#421 =( BOUNDED_CURVE ( )  B_SPLINE_CURVE ( 3, ( #1127, #996, #75, #550 ),
 .UNSPECIFIED., .F., .F. ) 
 B_SPLINE_CURVE_WITH_KNOTS ( ( 4, 4 ),
 ( 2.094395102393196151, 2.940234732799469786 ),
 .UNSPECIFIED. ) 
 CURVE ( )  GEOMETRIC_REPRESENTATION_ITEM ( )  RATIONAL_B_SPLINE_CURVE ( ( 1.000000000000000000, 0.9412629764324008663, 0.9412629764324008663, 1.000000000000000000 ) ) 
 REPRESENTATION_ITEM ( '' )  );
#422 = CIRCLE ( 'NONE', #1185, 48.98979485566382408 ) ;
#423 = ORIENTED_EDGE ( 'NONE', *, *, #674, .F. ) ;
#424 = DIRECTION ( 'NONE',  ( 0.000000000000000000, 0.000000000000000000, -1.000000000000000000 ) ) ;
#425 = AXIS2_PLACEMENT_3D ( 'NONE', #1401, #230, #1518 ) ;
#426 = CARTESIAN_POINT ( 'NONE',  ( -1.856958277161138001E-13, 56.98300017677757268, -102.4198608624971740 ) ) ;
#427 = AXIS2_PLACEMENT_3D ( 'NONE', #1486, #899, #777 ) ;
#428 = CARTESIAN_POINT ( 'NONE',  ( 140.0071426749362047, 53.34936490538894560, -115.0071426749362047 ) ) ;
#429 = CARTESIAN_POINT ( 'NONE',  ( -80.11961706395992167, -69.26102778014276851, 160.2392341279194454 ) ) ;
#430 = ORIENTED_EDGE ( 'NONE', *, *, #1165, .T. ) ;
#431 = CARTESIAN_POINT ( 'NONE',  ( -11.18332432234087470, 5.266692239095020156, -22.35992858663836813 ) ) ;
#432 =( BOUNDED_CURVE ( )  B_SPLINE_CURVE ( 3, ( #1203, #827, #621, #1443 ),
 .UNSPECIFIED., .F., .T. ) 
 B_SPLINE_CURVE_WITH_KNOTS ( ( 4, 4 ),
 ( 2.094395102393196151, 2.940234732799463124 ),
 .UNSPECIFIED. ) 
 CURVE ( )  GEOMETRIC_REPRESENTATION_ITEM ( )  RATIONAL_B_SPLINE_CURVE ( ( 1.000000000000000000, 0.9412629764324017545, 0.9412629764324017545, 1.000000000000000000 ) ) 
 REPRESENTATION_ITEM ( '' )  );
#433 = ORIENTED_EDGE ( 'NONE', *, *, #8, .T. ) ;
#434 = CARTESIAN_POINT ( 'NONE',  ( -80.11961706396036220, 69.26102778014164585, -160.2392341279201844 ) ) ;
#435 = CARTESIAN_POINT ( 'NONE',  ( -34.19987131196514696, 99.99999999999987210, -140.0071426749364036 ) ) ;
#436 = CARTESIAN_POINT ( 'NONE',  ( -3.399632828907084266E-13, 100.0000000000000000, -140.0071426749364036 ) ) ;
#437 = DIRECTION ( 'NONE',  ( 1.000000000000000000, -0.000000000000000000, 0.000000000000000000 ) ) ;
#438 = EDGE_CURVE ( 'NONE', #164, #694, #432, .T. ) ;
#439 = UNCERTAINTY_MEASURE_WITH_UNIT (LENGTH_MEASURE( 1.000000000000000082E-05 ), #1106, 'distance_accuracy_value', 'NONE');
#440 = CARTESIAN_POINT ( 'NONE',  ( -25.00000000000035527, -53.34936490538885323, -1.646558663316829939E-13 ) ) ;
#441 = CARTESIAN_POINT ( 'NONE',  ( -2.401174299220030998E-13, 69.99999999999984368, -140.0071426749364036 ) ) ;
#442 = DIRECTION ( 'NONE',  ( 1.000000000000000000, 3.430248998885767359E-15, 0.000000000000000000 ) ) ;
#443 = CARTESIAN_POINT ( 'NONE',  ( 10.00000000000000711, 2.114535102110306767E-13, -22.91287847477919826 ) ) ;
#444 = CARTESIAN_POINT ( 'NONE',  ( 5.916456789157588541E-28, 69.99999999999984368, -48.98979485566381697 ) ) ;
#445 = EDGE_CURVE ( 'NONE', #377, #1519, #1083, .T. ) ;
#446 = FACE_OUTER_BOUND ( 'NONE', #581, .T. ) ;
#447 = APPLICATION_CONTEXT ( 'automotive_design' ) ;
#448 = DIRECTION ( 'NONE',  ( 1.000000000000000000, 3.399349888776277871E-15, 0.000000000000000000 ) ) ;
#449 = CARTESIAN_POINT ( 'NONE',  ( -34.19987131196531749, 99.99999999999988631, 4.188276293344930542E-15 ) ) ;
#450 = ADVANCED_BREP_SHAPE_REPRESENTATION ( '', ( #485, #893 ), #236 ) ;
#451 = ORIENTED_EDGE ( 'NONE', *, *, #611, .T. ) ;
#452 = FACE_OUTER_BOUND ( 'NONE', #315, .T. ) ;
#453 = CARTESIAN_POINT ( 'NONE',  ( 220.1267597388962827, 69.26102778014220007, -140.0071426749364321 ) ) ;
#454 = CARTESIAN_POINT ( 'NONE',  ( 10.85647049756305194, 5.933817441071161269, 22.52043955241052942 ) ) ;
#455 = AXIS2_PLACEMENT_3D ( 'NONE', #1006, #69, #638 ) ;
#456 = AXIS2_PLACEMENT_3D ( 'NONE', #726, #246, #145 ) ;
#457 = CARTESIAN_POINT ( 'NONE',  ( -25.00000000000036948, -53.34936490538886034, -1.530880168633638430E-13 ) ) ;
#458 = CARTESIAN_POINT ( 'NONE',  ( 140.0071426749361763, 69.99999999999984368, -140.0071426749364036 ) ) ;
#459 = CARTESIAN_POINT ( 'NONE',  ( 12.64297035140183390, 3.188744395128128239, -21.57362388879406723 ) ) ;
#460 = EDGE_LOOP ( 'NONE', ( #570, #780, #870, #520, #500, #1098 ) ) ;
#461 = CARTESIAN_POINT ( 'NONE',  ( -60.00000000000000000, 70.00000000000000000, 0.000000000000000000 ) ) ;
#462 = ADVANCED_FACE ( 'NONE', ( #34, #1322 ), #513, .T. ) ;
#463 = CARTESIAN_POINT ( 'NONE',  ( -48.98979485566405856, 69.99999999999967315, -140.0071426749364036 ) ) ;
#464 = DIRECTION ( 'NONE',  ( 0.000000000000000000, 0.000000000000000000, 1.000000000000000000 ) ) ;
#465 = DIRECTION ( 'NONE',  ( -0.000000000000000000, -1.000000000000000000, -0.000000000000000000 ) ) ;
#466 = CARTESIAN_POINT ( 'NONE',  ( 10.08781882418736942, 8.475915185641456517, -22.87512283139897562 ) ) ;
#467 = ORIENTED_EDGE ( 'NONE', *, *, #194, .F. ) ;
#468 = CARTESIAN_POINT ( 'NONE',  ( 10.00000000000003730, 9.999999999999849010, 22.91287847477926576 ) ) ;
#469 = CARTESIAN_POINT ( 'NONE',  ( 195.8369117929929644, 86.75444679663247882, -140.0071426749364605 ) ) ;
#470 = DIRECTION ( 'NONE',  ( 1.000000000000000000, -0.000000000000000000, 0.000000000000000000 ) ) ;
#471 = CARTESIAN_POINT ( 'NONE',  ( -55.82976911805729969, 86.75444679663202407, 6.837174804756426326E-15 ) ) ;
#472 = ORIENTED_EDGE ( 'NONE', *, *, #147, .F. ) ;
#473 = CARTESIAN_POINT ( 'NONE',  ( 200.0071426749363468, 0.000000000000000000, 60.00000000000003553 ) ) ;
#474 = CARTESIAN_POINT ( 'NONE',  ( 0.000000000000000000, 0.000000000000000000, 0.000000000000000000 ) ) ;
#475 = CARTESIAN_POINT ( 'NONE',  ( -9.999999999999994671, -3.994106026674236238E-14, 22.91287847477919826 ) ) ;
#476 = AXIS2_PLACEMENT_3D ( 'NONE', #245, #353, #1180 ) ;
#477 = ORIENTED_EDGE ( 'NONE', *, *, #1184, .F. ) ;
#478 = DIRECTION ( 'NONE',  ( 1.000000000000000000, -3.430248998885767359E-15, -2.395330073438999309E-29 ) ) ;
#479 = DIRECTION ( 'NONE',  ( 0.000000000000000000, 0.000000000000000000, 1.000000000000000000 ) ) ;
#480 = CARTESIAN_POINT ( 'NONE',  ( 55.82976911805670994, 86.75444679663242198, -140.0071426749364036 ) ) ;
#481 =( BOUNDED_CURVE ( )  B_SPLINE_CURVE ( 3, ( #463, #1060, #435, #323 ),
 .UNSPECIFIED., .F., .T. ) 
 B_SPLINE_CURVE_WITH_KNOTS ( ( 4, 4 ),
 ( 2.940234732799463124, 4.712388980384696779 ),
 .UNSPECIFIED. ) 
 CURVE ( )  GEOMETRIC_REPRESENTATION_ITEM ( )  RATIONAL_B_SPLINE_CURVE ( ( 1.000000000000000000, 0.7549703546891155526, 0.7549703546891155526, 1.000000000000000000 ) ) 
 REPRESENTATION_ITEM ( '' )  );
#482 = B_SPLINE_CURVE_WITH_KNOTS ( 'NONE', 3,
 ( #803, #1152, #1279, #707, #565, #242, #227, #584, #815, #1287, #1298, #1160, #133, #120, #1271, #1061, #1178, #234, #1048, #454, #950, #127, #110, #1521, #589, #7 ),
 .UNSPECIFIED., .F., .F.,
 ( 4, 2, 2, 2, 2, 2, 2, 2, 2, 2, 2, 2, 4 ),
 ( 4.942740809526264119E-18, 0.002271251611878890176, 0.004542503223757776015, 0.005678129029697222621, 0.006813754835636669227, 0.007949380641576115833, 0.009085006447515562439, 0.01135625805939445045, 0.01249188386533389358, 0.01362750967127333845, 0.01476313547721278333, 0.01589876128315222820, 0.01817001289503111794 ),
 .UNSPECIFIED. ) ;
#483 = EDGE_CURVE ( 'NONE', #684, #231, #1316, .T. ) ;
#484 = ORIENTED_EDGE ( 'NONE', *, *, #657, .T. ) ;
#485 = MANIFOLD_SOLID_BREP ( 'Body-Move/Copy1', #664 ) ;
#486 = CARTESIAN_POINT ( 'NONE',  ( 140.0071426749360910, 100.0000000000000000, 0.000000000000000000 ) ) ;
#487 =( NAMED_UNIT ( * ) PLANE_ANGLE_UNIT ( ) SI_UNIT ( $, .RADIAN. ) );
#488 = ORIENTED_EDGE ( 'NONE', *, *, #1207, .T. ) ;
#489 = CARTESIAN_POINT ( 'NONE',  ( 34.19987131196462826, 100.0000000000001421, -140.0071426749364036 ) ) ;
#490 = FACE_BOUND ( 'NONE', #977, .T. ) ;
#491 = ORIENTED_EDGE ( 'NONE', *, *, #935, .F. ) ;
#492 = DIRECTION ( 'NONE',  ( 3.430248998885766964E-15, 1.000000000000000000, 6.982962677686266711E-15 ) ) ;
#493 = EDGE_CURVE ( 'NONE', #902, #599, #1099, .T. ) ;
#494 =( NAMED_UNIT ( * ) PLANE_ANGLE_UNIT ( ) SI_UNIT ( $, .RADIAN. ) );
#495 = LINE ( 'NONE', #151, #1084 ) ;
#496 = CARTESIAN_POINT ( 'NONE',  ( -19.05187649875842482, 0.03187835767938286546, 16.20484767120684211 ) ) ;
#497 = VECTOR ( 'NONE', #36, 1000.000000000000000 ) ;
#498 = VECTOR ( 'NONE', #124, 1000.000000000000000 ) ;
#499 = VECTOR ( 'NONE', #176, 1000.000000000000000 ) ;
#500 = ORIENTED_EDGE ( 'NONE', *, *, #1069, .T. ) ;
#501 = FILL_AREA_STYLE_COLOUR ( '', #30 ) ;
#502 = ADVANCED_FACE ( 'NONE', ( #1078 ), #1426, .F. ) ;
#503 = CARTESIAN_POINT ( 'NONE',  ( -14.75202264291536025, 1.481422430175274307, 20.18638650265011236 ) ) ;
#504 = ADVANCED_FACE ( 'NONE', ( #602 ), #833, .F. ) ;
#505 = VERTEX_POINT ( 'NONE', #727 ) ;
#506 = CARTESIAN_POINT ( 'NONE',  ( 174.2070139869008756, 100.0000000000001279, 0.000000000000000000 ) ) ;
#507 = ORIENTED_EDGE ( 'NONE', *, *, #981, .F. ) ;
#508 = DIRECTION ( 'NONE',  ( 1.000000000000000000, -3.430248998885767359E-15, -2.395330073438999309E-29 ) ) ;
#509 = CYLINDRICAL_SURFACE ( 'NONE', #990, 25.00000000000009237 ) ;
#510 = EDGE_LOOP ( 'NONE', ( #12, #594, #1268, #1103 ) ) ;
#511 = DIRECTION ( 'NONE',  ( -3.430248998885766964E-15, 1.000000000000000000, 0.000000000000000000 ) ) ;
#512 = VERTEX_POINT ( 'NONE', #26 ) ;
#513 = PLANE ( 'NONE',  #1305 ) ;
#514 = DIRECTION ( 'NONE',  ( 0.000000000000000000, 0.000000000000000000, -1.000000000000000000 ) ) ;
#515 = FACE_OUTER_BOUND ( 'NONE', #1248, .T. ) ;
#516 = CIRCLE ( 'NONE', #1288, 25.00000000000000000 ) ;
#517 = CARTESIAN_POINT ( 'NONE',  ( 220.1267597388962258, 69.26102778014217165, -160.2392341279202412 ) ) ;
#518 = EDGE_CURVE ( 'NONE', #1179, #1284, #495, .T. ) ;
#519 = AXIS2_PLACEMENT_3D ( 'NONE', #755, #646, #417 ) ;
#520 = ORIENTED_EDGE ( 'NONE', *, *, #1207, .F. ) ;
#521 = VECTOR ( 'NONE', #869, 1000.000000000000000 ) ;
#522 = CARTESIAN_POINT ( 'NONE',  ( -9.999999999999825917, 50.00000000000003553, 3.491481338843135880E-13 ) ) ;
#523 = ORIENTED_EDGE ( 'NONE', *, *, #776, .T. ) ;
#524 = CARTESIAN_POINT ( 'NONE',  ( 140.0071426749364036, -8.575622497214418240E-14, -140.0071426749364036 ) ) ;
#525 = CARTESIAN_POINT ( 'NONE',  ( 0.000000000000000000, 0.000000000000000000, -115.0071426749363184 ) ) ;
#526 = CARTESIAN_POINT ( 'NONE',  ( -55.82976911805727838, 86.75444679663202407, -140.0071426749364321 ) ) ;
#527 = EDGE_CURVE ( 'NONE', #786, #1523, #895, .T. ) ;
#528 = LINE ( 'NONE', #302, #549 ) ;
#529 = ORIENTED_EDGE ( 'NONE', *, *, #188, .F. ) ;
#530 = CARTESIAN_POINT ( 'NONE',  ( -10.71099896338734148, 6.277636715050232574, -22.58968930936029906 ) ) ;
#531 = VERTEX_POINT ( 'NONE', #670 ) ;
#532 = CARTESIAN_POINT ( 'NONE',  ( 140.0071426749361763, 69.99999999999984368, 0.000000000000000000 ) ) ;
#533 = DIRECTION ( 'NONE',  ( -3.469446951953614189E-15, -1.000000000000000000, -6.982962677686267499E-15 ) ) ;
#534 = PLANE ( 'NONE',  #519 ) ;
#535 = LINE ( 'NONE', #77, #521 ) ;
#536 = EDGE_LOOP ( 'NONE', ( #864, #404, #345, #423 ) ) ;
#537 = MANIFOLD_SOLID_BREP ( 'Sketch-Pattern1', #1063 ) ;
#538 = FACE_OUTER_BOUND ( 'NONE', #23, .T. ) ;
#539 = ORIENTED_EDGE ( 'NONE', *, *, #1193, .T. ) ;
#540 = DIRECTION ( 'NONE',  ( 1.000000000000000000, -3.430248998885767359E-15, -2.395330073438999309E-29 ) ) ;
#541 = DIRECTION ( 'NONE',  ( 3.430248998885766964E-15, -1.000000000000000000, -0.000000000000000000 ) ) ;
#542 = PLANE ( 'NONE',  #836 ) ;
#543 = CARTESIAN_POINT ( 'NONE',  ( -2.401174299220030998E-13, 69.99999999999984368, -140.0071426749364036 ) ) ;
#544 = CARTESIAN_POINT ( 'NONE',  ( -16.42080910447887732, 0.6576188820518019673, -18.85442750627080599 ) ) ;
#545 = CIRCLE ( 'NONE', #1413, 24.99999999999999289 ) ;
#546 = VECTOR ( 'NONE', #380, 1000.000000000000000 ) ;
#547 = ORIENTED_EDGE ( 'NONE', *, *, #220, .T. ) ;
#548 = SURFACE_SIDE_STYLE ('',( #316 ) ) ;
#549 = VECTOR ( 'NONE', #1121, 1000.000000000000000 ) ;
#550 = CARTESIAN_POINT ( 'NONE',  ( 91.01734781927234508, 69.99999999999984368, 0.000000000000000000 ) ) ;
#551 = CARTESIAN_POINT ( 'NONE',  ( 1.470826024294600825E-28, -8.575622497214418240E-14, -25.00000000000000000 ) ) ;
#552 = EDGE_CURVE ( 'NONE', #377, #1417, #907, .T. ) ;
#553 = FACE_OUTER_BOUND ( 'NONE', #704, .T. ) ;
#554 = EDGE_LOOP ( 'NONE', ( #1008, #744, #1452, #771 ) ) ;
#555 = CARTESIAN_POINT ( 'NONE',  ( -3.460865168864449821E-13, 100.0000000000000000, 0.000000000000000000 ) ) ;
#556 = ORIENTED_EDGE ( 'NONE', *, *, #349, .T. ) ;
#557 = CARTESIAN_POINT ( 'NONE',  ( 140.0071426749364036, 69.99999999999984368, -48.98979485566382408 ) ) ;
#558 = CARTESIAN_POINT ( 'NONE',  ( 140.0071426749361478, 100.0000000000000284, -140.0071426749364036 ) ) ;
#559 = CARTESIAN_POINT ( 'NONE',  ( 10.00000000000003730, 9.999999999999849010, 22.91287847477926576 ) ) ;
#560 = CARTESIAN_POINT ( 'NONE',  ( -9.999999999999998224, -1.256972852388865069E-13, 22.91287847477919470 ) ) ;
#561 = EDGE_CURVE ( 'NONE', #64, #939, #545, .T. ) ;
#562 = CARTESIAN_POINT ( 'NONE',  ( 80.11961706395985061, -69.26102778014104899, -160.2392341279220318 ) ) ;
#563 = CARTESIAN_POINT ( 'NONE',  ( 34.19987131196462116, 100.0000000000001279, 68.39974262392992443 ) ) ;
#564 = ORIENTED_EDGE ( 'NONE', *, *, #1229, .T. ) ;
#565 = CARTESIAN_POINT ( 'NONE',  ( 17.51938513531475650, 0.2956088032621718709, 17.85006891456127320 ) ) ;
#566 = CARTESIAN_POINT ( 'NONE',  ( 24.99999999999997513, -53.34936490538937903, 49.99999999999983658 ) ) ;
#567 = ORIENTED_EDGE ( 'NONE', *, *, #1396, .T. ) ;
#568 = CARTESIAN_POINT ( 'NONE',  ( 11.35838197093652191, 4.954412479185894114, -22.27187923204691700 ) ) ;
#569 = ADVANCED_FACE ( 'NONE', ( #903 ), #91, .T. ) ;
#570 = ORIENTED_EDGE ( 'NONE', *, *, #1001, .F. ) ;
#571 = AXIS2_PLACEMENT_3D ( 'NONE', #1372, #113, #205 ) ;
#572 = CARTESIAN_POINT ( 'NONE',  ( -9.999999999999879208, 35.00000000000003553, 2.444036937190195621E-13 ) ) ;
#573 = PRESENTATION_LAYER_ASSIGNMENT (  '', '', ( #788 ) ) ;
#574 = CARTESIAN_POINT ( 'NONE',  ( 140.0071426749360626, 100.0000000000000284, -140.0071426749364036 ) ) ;
#575 = CARTESIAN_POINT ( 'NONE',  ( 55.82976911805670994, 86.75444679663242198, 0.000000000000000000 ) ) ;
#576 = AXIS2_PLACEMENT_3D ( 'NONE', #1036, #1524, #358 ) ;
#577 = VECTOR ( 'NONE', #1354, 1000.000000000000000 ) ;
#578 = DIRECTION ( 'NONE',  ( 3.430248998885766964E-15, 1.000000000000000000, 6.982962677686266711E-15 ) ) ;
#579 = LINE ( 'NONE', #1024, #696 ) ;
#580 = DIRECTION ( 'NONE',  ( 3.430248998885766964E-15, 1.000000000000000000, 6.982962677686266711E-15 ) ) ;
#581 = EDGE_LOOP ( 'NONE', ( #1195, #1070, #1115 ) ) ;
#582 = CARTESIAN_POINT ( 'NONE',  ( 93.92425603638321263, 62.87955813897441715, -140.0071426749363752 ) ) ;
#583 = DIRECTION ( 'NONE',  ( 3.430248998885766964E-15, 1.000000000000000000, 6.982962677686266711E-15 ) ) ;
#584 = CARTESIAN_POINT ( 'NONE',  ( 15.86511017280922786, 0.8899298281200086480, 19.32435477421131154 ) ) ;
#585 =( BOUNDED_CURVE ( )  B_SPLINE_CURVE ( 3, ( #1230, #849, #877, #286 ),
 .UNSPECIFIED., .F., .F. ) 
 B_SPLINE_CURVE_WITH_KNOTS ( ( 4, 4 ),
 ( 2.940234732799463124, 4.712388980384696779 ),
 .UNSPECIFIED. ) 
 CURVE ( )  GEOMETRIC_REPRESENTATION_ITEM ( )  RATIONAL_B_SPLINE_CURVE ( ( 1.000000000000000000, 0.7549703546891155526, 0.7549703546891155526, 1.000000000000000000 ) ) 
 REPRESENTATION_ITEM ( '' )  );
#586 = CARTESIAN_POINT ( 'NONE',  ( 19.05187649875843192, 0.03187835767947407722, -16.20484767120682790 ) ) ;
#587 = ORIENTED_EDGE ( 'NONE', *, *, #923, .T. ) ;
#588 = DIRECTION ( 'NONE',  ( 0.000000000000000000, 6.982962677686267499E-15, -1.000000000000000000 ) ) ;
#589 = CARTESIAN_POINT ( 'NONE',  ( 10.00000000000003730, 9.228463484992852628, 22.91287847477936168 ) ) ;
#590 = ADVANCED_FACE ( 'NONE', ( #408 ), #107, .T. ) ;
#591 = VERTEX_POINT ( 'NONE', #1352 ) ;
#592 = CARTESIAN_POINT ( 'NONE',  ( 105.8072713629712638, 99.99999999999987210, 4.188276293344910820E-15 ) ) ;
#593 = PRODUCT_CONTEXT ( 'NONE', #1075, 'mechanical' ) ;
#594 = ORIENTED_EDGE ( 'NONE', *, *, #1146, .F. ) ;
#595 = CIRCLE ( 'NONE', #1356, 48.98979485566382408 ) ;
#596 = EDGE_CURVE ( 'NONE', #1374, #694, #701, .T. ) ;
#597 = VECTOR ( 'NONE', #742, 1000.000000000000000 ) ;
#598 = AXIS2_PLACEMENT_3D ( 'NONE', #474, #949, #601 ) ;
#599 = VERTEX_POINT ( 'NONE', #634 ) ;
#600 = DIRECTION ( 'NONE',  ( 1.000000000000000000, 3.430248998885768148E-15, 0.000000000000000000 ) ) ;
#601 = DIRECTION ( 'NONE',  ( 1.000000000000000000, 0.000000000000000000, 0.000000000000000000 ) ) ;
#602 = FACE_OUTER_BOUND ( 'NONE', #179, .T. ) ;
#603 = CARTESIAN_POINT ( 'NONE',  ( -63.64665149901402685, -99.99999999999890576, -127.2933029980264763 ) ) ;
#604 = VERTEX_POINT ( 'NONE', #307 ) ;
#605 = CARTESIAN_POINT ( 'NONE',  ( 91.01734781927237350, 69.99999999999967315, 5.999519546087418919E-15 ) ) ;
#606 = SURFACE_STYLE_FILL_AREA ( #738 ) ;
#607 =( REPRESENTATION_RELATIONSHIP ('NONE','NONE', #828, #1153 ) REPRESENTATION_RELATIONSHIP_WITH_TRANSFORMATION ( #1032 )SHAPE_REPRESENTATION_RELATIONSHIP( ) );
#608 = B_SPLINE_CURVE_WITH_KNOTS ( 'NONE', 3,
 ( #289, #1116, #1243, #1009, #79, #1131, #544, #1364, #765, #1018, #751, #1490, #1224, #63, #314, #413, #992, #892, #431, #173, #530, #901, #632, #420, #1463, #1218 ),
 .UNSPECIFIED., .F., .F.,
 ( 4, 2, 2, 2, 2, 2, 2, 2, 2, 2, 2, 2, 4 ),
 ( 4.942740809526269512E-18, 0.002271251611878895380, 0.004542503223757786424, 0.005678129029697232162, 0.006813754835636677033, 0.007949380641576117568, 0.009085006447515558969, 0.01135625805939444351, 0.01249188386533388664, 0.01362750967127332805, 0.01476313547721277118, 0.01589876128315221432, 0.01817001289503110059 ),
 .UNSPECIFIED. ) ;
#609 = CARTESIAN_POINT ( 'NONE',  ( -13.93383493758912728, 2.042677955957334923, 20.75929957341898202 ) ) ;
#610 = ORIENTED_EDGE ( 'NONE', *, *, #1412, .F. ) ;
#611 = EDGE_CURVE ( 'NONE', #758, #531, #767, .T. ) ;
#612 = CARTESIAN_POINT ( 'NONE',  ( 84.17737355687934553, 86.75444679663210934, 111.6595382361135478 ) ) ;
#613 =( LENGTH_UNIT ( ) NAMED_UNIT ( * ) SI_UNIT ( .MILLI., .METRE. ) );
#614 = LINE ( 'NONE', #371, #968 ) ;
#615 = DIRECTION ( 'NONE',  ( 0.000000000000000000, 0.000000000000000000, 1.000000000000000000 ) ) ;
#616 = EDGE_CURVE ( 'NONE', #1010, #640, #1480, .T. ) ;
#617 = CIRCLE ( 'NONE', #1189, 25.00000000000000000 ) ;
#618 = ORIENTED_EDGE ( 'NONE', *, *, #362, .T. ) ;
#619 = DIRECTION ( 'NONE',  ( 1.000000000000000000, -0.000000000000000000, 0.000000000000000000 ) ) ;
#620 = SHAPE_DEFINITION_REPRESENTATION ( #1029, #828 ) ;
#621 = CARTESIAN_POINT ( 'NONE',  ( 140.0071426749362047, 62.87955813897445978, -46.08288663855285705 ) ) ;
#622 = FACE_OUTER_BOUND ( 'NONE', #991, .T. ) ;
#623 = CARTESIAN_POINT ( 'NONE',  ( 59.88752561097604854, 69.26102778014163164, -160.2392341279201560 ) ) ;
#624 = ORIENTED_EDGE ( 'NONE', *, *, #1039, .T. ) ;
#625 = PLANE ( 'NONE',  #1358 ) ;
#626 = VERTEX_POINT ( 'NONE', #473 ) ;
#627 = LINE ( 'NONE', #754, #1241 ) ;
#628 = CARTESIAN_POINT ( 'NONE',  ( 140.0071426749364036, 0.000000000000000000, -0.000000000000000000 ) ) ;
#629 = CARTESIAN_POINT ( 'NONE',  ( -60.00000000000000000, 0.000000000000000000, 60.00000000000003553 ) ) ;
#630 = PRODUCT_DEFINITION_CONTEXT ( 'detailed design', #1124, 'design' ) ;
#631 = ORIENTED_EDGE ( 'NONE', *, *, #868, .F. ) ;
#632 = CARTESIAN_POINT ( 'NONE',  ( -10.34914623737137518, 7.352863913197715817, -22.75751032677897712 ) ) ;
#633 = ORIENTED_EDGE ( 'NONE', *, *, #674, .T. ) ;
#634 = CARTESIAN_POINT ( 'NONE',  ( 10.00000000000026468, 10.00000000000016165, -22.91287847477913076 ) ) ;
#635 = CARTESIAN_POINT ( 'NONE',  ( -1.740023026831954409E-13, 53.34936490538893850, -115.0071426749362047 ) ) ;
#636 = CARTESIAN_POINT ( 'NONE',  ( -2.401174299220030998E-13, 69.99999999999984368, 0.000000000000000000 ) ) ;
#637 = ADVANCED_FACE ( 'NONE', ( #932 ), #705, .T. ) ;
#638 = DIRECTION ( 'NONE',  ( 1.000000000000000000, -3.330669073875445167E-15, -2.366582715663018040E-29 ) ) ;
#639 = AXIS2_PLACEMENT_3D ( 'NONE', #837, #141, #728 ) ;
#640 = VERTEX_POINT ( 'NONE', #820 ) ;
#641 = DIRECTION ( 'NONE',  ( 0.000000000000000000, 0.000000000000000000, -1.000000000000000000 ) ) ;
#642 = ORIENTED_EDGE ( 'NONE', *, *, #1146, .T. ) ;
#643 = ORIENTED_EDGE ( 'NONE', *, *, #611, .F. ) ;
#644 = DIRECTION ( 'NONE',  ( 1.000000000000000000, -3.430248998885766964E-15, -2.395330073438999029E-29 ) ) ;
#645 = CARTESIAN_POINT ( 'NONE',  ( -48.98979485566405856, 69.99999999999967315, 5.999519546087415763E-15 ) ) ;
#646 = DIRECTION ( 'NONE',  ( 3.430248998885766964E-15, 1.000000000000000000, 6.982962677686266711E-15 ) ) ;
#647 = DIRECTION ( 'NONE',  ( -3.430248998885766964E-15, 1.000000000000000000, 0.000000000000000000 ) ) ;
#648 = ORIENTED_EDGE ( 'NONE', *, *, #301, .F. ) ;
#649 = LINE ( 'NONE', #1123, #278 ) ;
#650 = EDGE_LOOP ( 'NONE', ( #715, #45, #213, #539 ) ) ;
#651 = CARTESIAN_POINT ( 'NONE',  ( 0.000000000000000000, 70.00000000000000000, -140.0071426749364036 ) ) ;
#652 = PRODUCT_RELATED_PRODUCT_CATEGORY ( 'part', '', ( #1500 ) ) ;
#653 = CARTESIAN_POINT ( 'NONE',  ( 140.0071426749364036, 69.99999999999984368, -91.01734781927258666 ) ) ;
#654 = CARTESIAN_POINT ( 'NONE',  ( 203.6537941739487394, 100.0000000000002132, -1.558893360694258103E-14 ) ) ;
#655 = ORIENTED_EDGE ( 'NONE', *, *, #1039, .F. ) ;
#656 = DIRECTION ( 'NONE',  ( -3.430248998885766964E-15, -1.000000000000000000, -6.982962677686266711E-15 ) ) ;
#657 = EDGE_CURVE ( 'NONE', #231, #599, #1510, .T. ) ;
#658 = EDGE_LOOP ( 'NONE', ( #1477, #994, #872, #1147 ) ) ;
#659 = CARTESIAN_POINT ( 'NONE',  ( 1.470826024294600825E-28, 4.287811248607209120E-14, 2.994162591798749094E-28 ) ) ;
#660 = PLANE ( 'NONE',  #114 ) ;
#661 = CARTESIAN_POINT ( 'NONE',  ( 25.00000000000000711, 53.34936490538902376, 0.000000000000000000 ) ) ;
#662 = DIRECTION ( 'NONE',  ( 3.430248998885766964E-15, -1.000000000000000000, -0.000000000000000000 ) ) ;
#663 = ADVANCED_FACE ( 'NONE', ( #6 ), #946, .F. ) ;
#664 = CLOSED_SHELL ( 'NONE', ( #1215, #68, #1257, #947, #569, #243, #1173, #56, #637, #1421, #818, #1161, #1114, #912, #502, #328, #688 ) ) ;
#665 = ORIENTED_EDGE ( 'NONE', *, *, #1001, .T. ) ;
#666 = CARTESIAN_POINT ( 'NONE',  ( 10.00000000000026112, 9.229794350007461290, -22.91287847477913431 ) ) ;
#667 = AXIS2_PLACEMENT_3D ( 'NONE', #636, #311, #193 ) ;
#668 = CIRCLE ( 'NONE', #891, 15.00000000000000000 ) ;
#669 = VERTEX_POINT ( 'NONE', #1403 ) ;
#670 = CARTESIAN_POINT ( 'NONE',  ( 91.01734781927234508, 69.99999999999984368, -140.0071426749364036 ) ) ;
#671 = VECTOR ( 'NONE', #583, 1000.000000000000000 ) ;
#672 = DIRECTION ( 'NONE',  ( 3.430248998885766964E-15, -1.000000000000000000, -0.000000000000000000 ) ) ;
#673 = LINE ( 'NONE', #783, #1513 ) ;
#674 = EDGE_CURVE ( 'NONE', #1186, #972, #1176, .T. ) ;
#675 = CARTESIAN_POINT ( 'NONE',  ( 80.11961706395985061, -69.26102778014220007, -4.640235254896667808E-13 ) ) ;
#676 = ORIENTED_EDGE ( 'NONE', *, *, #1437, .T. ) ;
#677 = FACE_OUTER_BOUND ( 'NONE', #1016, .T. ) ;
#678 = ORIENTED_EDGE ( 'NONE', *, *, #445, .F. ) ;
#679 = DIRECTION ( 'NONE',  ( -1.000000000000000000, 0.000000000000000000, -0.000000000000000000 ) ) ;
#680 = CARTESIAN_POINT ( 'NONE',  ( 140.0071426749360910, 100.0000000000000000, -140.0071426749363752 ) ) ;
#681 = CARTESIAN_POINT ( 'NONE',  ( 0.000000000000000000, 0.000000000000000000, -200.0071426749364036 ) ) ;
#682 = EDGE_CURVE ( 'NONE', #97, #62, #210, .T. ) ;
#683 = CARTESIAN_POINT ( 'NONE',  ( 140.0071426749364036, 69.99999999999984368, -91.01734781927258666 ) ) ;
#684 = VERTEX_POINT ( 'NONE', #339 ) ;
#685 = LINE ( 'NONE', #343, #157 ) ;
#686 = ORIENTED_EDGE ( 'NONE', *, *, #799, .T. ) ;
#687 = CARTESIAN_POINT ( 'NONE',  ( -80.11961706396034799, 69.26102778014163164, -140.0071426749364321 ) ) ;
#688 = ADVANCED_FACE ( 'NONE', ( #808 ), #940, .F. ) ;
#689 = CARTESIAN_POINT ( 'NONE',  ( 84.17737355687931711, 86.75444679663210934, -140.0071426749364036 ) ) ;
#690 = DIRECTION ( 'NONE',  ( 0.000000000000000000, -6.982962677686266711E-15, 1.000000000000000000 ) ) ;
#691 =( BOUNDED_CURVE ( )  B_SPLINE_CURVE ( 3, ( #1481, #1227, #426, #635 ),
 .UNSPECIFIED., .F., .F. ) 
 B_SPLINE_CURVE_WITH_KNOTS ( ( 4, 4 ),
 ( 3.342950574380123108, 4.188790204786390525 ),
 .UNSPECIFIED. ) 
 CURVE ( )  GEOMETRIC_REPRESENTATION_ITEM ( )  RATIONAL_B_SPLINE_CURVE ( ( 1.000000000000000000, 0.9412629764324016435, 0.9412629764324016435, 1.000000000000000000 ) ) 
 REPRESENTATION_ITEM ( '' )  );
#692 = APPLICATION_CONTEXT ( 'automotive_design' ) ;
#693 = CARTESIAN_POINT ( 'NONE',  ( -19.99999999999999645, 4.961676478456543425E-14, 15.00000000000000888 ) ) ;
#694 = VERTEX_POINT ( 'NONE', #557 ) ;
#695 = EDGE_LOOP ( 'NONE', ( #1125, #174, #823, #1448, #556, #1363, #789, #618, #383, #1319 ) ) ;
#696 = VECTOR ( 'NONE', #465, 1000.000000000000000 ) ;
#697 = DIRECTION ( 'NONE',  ( 1.000000000000000000, -0.000000000000000000, 0.000000000000000000 ) ) ;
#698 = VECTOR ( 'NONE', #1090, 1000.000000000000000 ) ;
#699 = FACE_OUTER_BOUND ( 'NONE', #460, .T. ) ;
#700 = LINE ( 'NONE', #475, #135 ) ;
#701 = CIRCLE ( 'NONE', #969, 48.98979485566382408 ) ;
#702 = CIRCLE ( 'NONE', #1331, 25.00000000000018829 ) ;
#703 = CARTESIAN_POINT ( 'NONE',  ( 15.86053888644977228, 0.8753087441420130954, -19.33742586661116647 ) ) ;
#704 = EDGE_LOOP ( 'NONE', ( #189, #890, #1455, #1334, #861, #1327, #396, #624, #507, #678 ) ) ;
#705 = PLANE ( 'NONE',  #1043 ) ;
#706 = DIRECTION ( 'NONE',  ( 3.430248998885766964E-15, -1.000000000000000000, -0.000000000000000000 ) ) ;
#707 = CARTESIAN_POINT ( 'NONE',  ( 18.04628363363728027, 0.1794251298136795569, 17.31761082042024213 ) ) ;
#708 = EDGE_CURVE ( 'NONE', #1010, #1425, #1169, .T. ) ;
#709 = VERTEX_POINT ( 'NONE', #118 ) ;
#710 = DIRECTION ( 'NONE',  ( 1.000000000000000000, -3.430248998885766964E-15, -2.395330073438999029E-29 ) ) ;
#711 = EDGE_CURVE ( 'NONE', #591, #1217, #1416, .T. ) ;
#712 = APPLICATION_PROTOCOL_DEFINITION ( 'draft international standard', 'automotive_design', 1998, #447 ) ;
#713 = FACE_OUTER_BOUND ( 'NONE', #650, .T. ) ;
#714 = EDGE_CURVE ( 'NONE', #1312, #902, #801, .T. ) ;
#715 = ORIENTED_EDGE ( 'NONE', *, *, #518, .F. ) ;
#716 = CARTESIAN_POINT ( 'NONE',  ( -63.64665149901296104, 99.99999999999980105, -140.0071426749364321 ) ) ;
#717 =( NAMED_UNIT ( * ) PLANE_ANGLE_UNIT ( ) SI_UNIT ( $, .RADIAN. ) );
#718 = DIRECTION ( 'NONE',  ( -1.000000000000000000, 0.000000000000000000, -0.000000000000000000 ) ) ;
#719 = AXIS2_PLACEMENT_3D ( 'NONE', #1192, #146, #718 ) ;
#720 = AXIS2_PLACEMENT_3D ( 'NONE', #1097, #398, #297 ) ;
#721 = CARTESIAN_POINT ( 'NONE',  ( -25.00000000000077094, -53.34936490538849796, -50.00000000000092371 ) ) ;
#722 = EDGE_CURVE ( 'NONE', #805, #531, #734, .T. ) ;
#723 = VECTOR ( 'NONE', #1370, 1000.000000000000000 ) ;
#724 = ORIENTED_EDGE ( 'NONE', *, *, #1272, .T. ) ;
#725 = DIRECTION ( 'NONE',  ( 3.430248998885766964E-15, -1.000000000000000000, -0.000000000000000000 ) ) ;
#726 = CARTESIAN_POINT ( 'NONE',  ( 0.000000000000000000, 0.000000000000000000, 0.000000000000000000 ) ) ;
#727 = CARTESIAN_POINT ( 'NONE',  ( 20.00000000000000000, -8.759319517086518437E-14, 15.00000000000000355 ) ) ;
#728 = DIRECTION ( 'NONE',  ( 1.000000000000000000, 3.430248998885766570E-15, 0.000000000000000000 ) ) ;
#729 = EDGE_CURVE ( 'NONE', #758, #797, #215, .T. ) ;
#730 = ORIENTED_EDGE ( 'NONE', *, *, #1367, .F. ) ;
#731 = CARTESIAN_POINT ( 'NONE',  ( -3.460865168864449821E-13, 100.0000000000000000, -140.0071426749364036 ) ) ;
#732 = CARTESIAN_POINT ( 'NONE',  ( 200.0071426749363468, 70.00000000000000000, 0.000000000000000000 ) ) ;
#733 = CARTESIAN_POINT ( 'NONE',  ( -10.08781882418730369, 8.475915185641207827, 22.87512283139909641 ) ) ;
#734 =( BOUNDED_CURVE ( )  B_SPLINE_CURVE ( 3, ( #330, #1395, #582, #1059 ),
 .UNSPECIFIED., .F., .F. ) 
 B_SPLINE_CURVE_WITH_KNOTS ( ( 4, 4 ),
 ( 2.094395102393196151, 2.940234732799469786 ),
 .UNSPECIFIED. ) 
 CURVE ( )  GEOMETRIC_REPRESENTATION_ITEM ( )  RATIONAL_B_SPLINE_CURVE ( ( 1.000000000000000000, 0.9412629764324008663, 0.9412629764324008663, 1.000000000000000000 ) ) 
 REPRESENTATION_ITEM ( '' )  );
#735 = ORIENTED_EDGE ( 'NONE', *, *, #369, .T. ) ;
#736 = CARTESIAN_POINT ( 'NONE',  ( 140.0071426749360626, 100.0000000000000000, 3.081487911019577365E-30 ) ) ;
#737 = APPLICATION_PROTOCOL_DEFINITION ( 'draft international standard', 'automotive_design', 1998, #260 ) ;
#738 = FILL_AREA_STYLE ('',( #501 ) ) ;
#739 = FACE_OUTER_BOUND ( 'NONE', #536, .T. ) ;
#740 = AXIS2_PLACEMENT_3D ( 'NONE', #821, #1398, #247 ) ;
#741 = CIRCLE ( 'NONE', #1307, 24.99999999999999289 ) ;
#742 = DIRECTION ( 'NONE',  ( -3.430248998885766964E-15, 1.000000000000000000, 0.000000000000000000 ) ) ;
#743 = AXIS2_PLACEMENT_3D ( 'NONE', #1196, #144, #257 ) ;
#744 = ORIENTED_EDGE ( 'NONE', *, *, #125, .T. ) ;
#745 = CARTESIAN_POINT ( 'NONE',  ( 84.17737355687931711, 86.75444679663212355, 6.837174804756402660E-15 ) ) ;
#746 = ORIENTED_EDGE ( 'NONE', *, *, #935, .T. ) ;
#747 = DIRECTION ( 'NONE',  ( 1.000000000000000000, -3.430248998885767359E-15, -2.395330073438999309E-29 ) ) ;
#748 = CARTESIAN_POINT ( 'NONE',  ( -18.03830236948235566, 0.1809303059745551445, 17.32601321129845218 ) ) ;
#749 = LINE ( 'NONE', #989, #1389 ) ;
#750 = ORIENTED_EDGE ( 'NONE', *, *, #1439, .F. ) ;
#751 = CARTESIAN_POINT ( 'NONE',  ( -14.75766441274089935, 1.477934480452433696, -20.18227221730230525 ) ) ;
#752 = EDGE_LOOP ( 'NONE', ( #467, #1168, #523 ) ) ;
#753 = ADVANCED_FACE ( 'NONE', ( #452 ), #366, .T. ) ;
#754 = CARTESIAN_POINT ( 'NONE',  ( 0.000000000000000000, 0.000000000000000000, 0.000000000000000000 ) ) ;
#755 = CARTESIAN_POINT ( 'NONE',  ( 1.470826024294600825E-28, 4.287811248607209120E-14, 2.994162591798749094E-28 ) ) ;
#756 = EDGE_LOOP ( 'NONE', ( #288, #766, #633, #1408 ) ) ;
#757 = CARTESIAN_POINT ( 'NONE',  ( 115.0071426749364178, 0.000000000000000000, -140.0071426749364036 ) ) ;
#758 = VERTEX_POINT ( 'NONE', #279 ) ;
#759 = PLANE ( 'NONE',  #1170 ) ;
#760 = CARTESIAN_POINT ( 'NONE',  ( 91.01734781927234508, 69.99999999999984368, 0.000000000000000000 ) ) ;
#761 = FACE_OUTER_BOUND ( 'NONE', #819, .T. ) ;
#762 = CIRCLE ( 'NONE', #1484, 25.00000000000000000 ) ;
#763 = ORIENTED_EDGE ( 'NONE', *, *, #17, .F. ) ;
#764 = CIRCLE ( 'NONE', #308, 25.00000000000000000 ) ;
#765 = CARTESIAN_POINT ( 'NONE',  ( -15.58725087264793885, 1.020807006835471986, -19.54891974181870395 ) ) ;
#766 = ORIENTED_EDGE ( 'NONE', *, *, #1396, .F. ) ;
#767 = LINE ( 'NONE', #651, #86 ) ;
#768 = CARTESIAN_POINT ( 'NONE',  ( -55.82976911805710785, 86.75444679663212355, 6.837174804756402660E-15 ) ) ;
#769 = LINE ( 'NONE', #1247, #597 ) ;
#770 = ADVANCED_FACE ( 'NONE', ( #1320 ), #38, .F. ) ;
#771 = ORIENTED_EDGE ( 'NONE', *, *, #142, .T. ) ;
#772 = CARTESIAN_POINT ( 'NONE',  ( 3.430248998885767296E-13, 100.0000000000000000, 6.982962677686266711E-13 ) ) ;
#773 = ORIENTED_EDGE ( 'NONE', *, *, #1184, .T. ) ;
#774 = LINE ( 'NONE', #1368, #1310 ) ;
#775 = CARTESIAN_POINT ( 'NONE',  ( -2.241578302992027492E-13, 62.87955813897448820, -46.08288663855286416 ) ) ;
#776 = EDGE_CURVE ( 'NONE', #1374, #604, #274, .T. ) ;
#777 = DIRECTION ( 'NONE',  ( -3.469446951953614189E-15, -1.000000000000000000, -6.982962677686267499E-15 ) ) ;
#778 = DIRECTION ( 'NONE',  ( -3.430248998885766964E-15, 1.000000000000000000, 0.000000000000000000 ) ) ;
#779 = CARTESIAN_POINT ( 'NONE',  ( 105.8072713629714485, 99.99999999999990052, -140.0071426749364036 ) ) ;
#780 = ORIENTED_EDGE ( 'NONE', *, *, #722, .F. ) ;
#781 = CARTESIAN_POINT ( 'NONE',  ( -63.64665149901296104, 99.99999999999978684, 7.794466803471288939E-15 ) ) ;
#782 = CARTESIAN_POINT ( 'NONE',  ( 105.8072713629712780, 99.99999999999987210, -140.0071426749364036 ) ) ;
#783 = CARTESIAN_POINT ( 'NONE',  ( 0.000000000000000000, 70.00000000000000000, -200.0071426749364036 ) ) ;
#784 = CARTESIAN_POINT ( 'NONE',  ( 0.000000000000000000, 70.00000000000000000, 0.000000000000000000 ) ) ;
#785 = UNCERTAINTY_MEASURE_WITH_UNIT (LENGTH_MEASURE( 1.000000000000000082E-05 ), #613, 'distance_accuracy_value', 'NONE');
#786 = VERTEX_POINT ( 'NONE', #1071 ) ;
#787 = CARTESIAN_POINT ( 'NONE',  ( 140.0071426749360910, 100.0000000000000000, -140.0071426749364036 ) ) ;
#788 = STYLED_ITEM ( 'NONE', ( #1345 ), #537 ) ;
#789 = ORIENTED_EDGE ( 'NONE', *, *, #48, .F. ) ;
#790 = CARTESIAN_POINT ( 'NONE',  ( 37.58728181243892408, 56.98300017677767215, -140.0071426749364036 ) ) ;
#791 = AXIS2_PLACEMENT_3D ( 'NONE', #241, #706, #126 ) ;
#792 = ADVANCED_FACE ( 'NONE', ( #1447 ), #14, .T. ) ;
#793 = LINE ( 'NONE', #443, #671 ) ;
#794 = CYLINDRICAL_SURFACE ( 'NONE', #1238, 10.00000000000000178 ) ;
#795 =( BOUNDED_CURVE ( )  B_SPLINE_CURVE ( 3, ( #1414, #1283, #779, #787 ),
 .UNSPECIFIED., .F., .F. ) 
 B_SPLINE_CURVE_WITH_KNOTS ( ( 4, 4 ),
 ( 2.940234732799469786, 4.712388980384696779 ),
 .UNSPECIFIED. ) 
 CURVE ( )  GEOMETRIC_REPRESENTATION_ITEM ( )  RATIONAL_B_SPLINE_CURVE ( ( 1.000000000000000000, 0.7549703546891173289, 0.7549703546891173289, 1.000000000000000000 ) ) 
 REPRESENTATION_ITEM ( '' )  );
#796 = CARTESIAN_POINT ( 'NONE',  ( -80.11961706396034799, -69.26102778014164585, -4.934589952655498012E-13 ) ) ;
#797 = VERTEX_POINT ( 'NONE', #1188 ) ;
#798 = CARTESIAN_POINT ( 'NONE',  ( -48.98979485566398751, 69.99999999999951683, 5.999519546087407875E-15 ) ) ;
#799 = EDGE_CURVE ( 'NONE', #191, #694, #19, .T. ) ;
#800 = ORIENTED_EDGE ( 'NONE', *, *, #1473, .F. ) ;
#801 = LINE ( 'NONE', #1385, #1329 ) ;
#802 = DIRECTION ( 'NONE',  ( 1.000000000000000000, 3.330669073875444378E-15, 0.000000000000000000 ) ) ;
#803 = CARTESIAN_POINT ( 'NONE',  ( 20.00000000000000000, -8.759319517086518437E-14, 15.00000000000000355 ) ) ;
#804 = LINE ( 'NONE', #784, #310 ) ;
#805 = VERTEX_POINT ( 'NONE', #1208 ) ;
#806 = CARTESIAN_POINT ( 'NONE',  ( 2.941652048589201649E-28, 8.575622497214418240E-14, 5.988325183597498188E-28 ) ) ;
#807 = ORIENTED_EDGE ( 'NONE', *, *, #1318, .F. ) ;
#808 = FACE_OUTER_BOUND ( 'NONE', #1058, .T. ) ;
#809 = CARTESIAN_POINT ( 'NONE',  ( 0.000000000000000000, 70.00000000000000000, 0.000000000000000000 ) ) ;
#810 = CYLINDRICAL_SURFACE ( 'NONE', #740, 25.00000000000007816 ) ;
#811 = CARTESIAN_POINT ( 'NONE',  ( 13.13841407584985710, 2.693292854261589486, -21.27870237959132282 ) ) ;
#812 = ORIENTED_EDGE ( 'NONE', *, *, #17, .T. ) ;
#813 = CARTESIAN_POINT ( 'NONE',  ( 0.000000000000000000, 70.00000000000000000, 60.00000000000003553 ) ) ;
#814 = CARTESIAN_POINT ( 'NONE',  ( 76.36049117592351365, 99.99999999999977263, -12.71383967691119921 ) ) ;
#815 = CARTESIAN_POINT ( 'NONE',  ( 15.58725087264794951, 1.020807006835090958, 19.54891974181871817 ) ) ;
#816 = VECTOR ( 'NONE', #619, 1000.000000000000000 ) ;
#817 = CARTESIAN_POINT ( 'NONE',  ( 59.88752561097606275, 69.26102778014163164, 9.811823258629038199E-15 ) ) ;
#818 = ADVANCED_FACE ( 'NONE', ( #31 ), #960, .F. ) ;
#819 = EDGE_LOOP ( 'NONE', ( #773, #894, #407, #1440, #1267, #320 ) ) ;
#820 = CARTESIAN_POINT ( 'NONE',  ( -60.00000000000000000, 70.00000000000000000, -200.0071426749364036 ) ) ;
#821 = CARTESIAN_POINT ( 'NONE',  ( 140.0071426749364036, 0.000000000000000000, 0.000000000000000000 ) ) ;
#822 = EDGE_CURVE ( 'NONE', #591, #939, #390, .T. ) ;
#823 = ORIENTED_EDGE ( 'NONE', *, *, #445, .T. ) ;
#824 = CARTESIAN_POINT ( 'NONE',  ( 140.0071426749360626, 100.0000000000000284, 0.000000000000000000 ) ) ;
#825 = APPLICATION_PROTOCOL_DEFINITION ( 'draft international standard', 'automotive_design', 1998, #1124 ) ;
#826 = VERTEX_POINT ( 'NONE', #954 ) ;
#827 = CARTESIAN_POINT ( 'NONE',  ( 140.0071426749362331, 56.98300017677757268, -37.58728181243921540 ) ) ;
#828 = SHAPE_REPRESENTATION ( 'N308_assmb', ( #456, #598, #1113 ), #1068 ) ;
#829 = EDGE_CURVE ( 'NONE', #1076, #99, #741, .T. ) ;
#830 = EDGE_LOOP ( 'NONE', ( #1219, #1274 ) ) ;
#831 = DIRECTION ( 'NONE',  ( 0.000000000000000000, -6.982962677686266711E-15, 1.000000000000000000 ) ) ;
#832 = ORIENTED_EDGE ( 'NONE', *, *, #981, .T. ) ;
#833 = PLANE ( 'NONE',  #1415 ) ;
#834 = EDGE_CURVE ( 'NONE', #797, #329, #112, .T. ) ;
#835 = CIRCLE ( 'NONE', #667, 48.98979485566381697 ) ;
#836 = AXIS2_PLACEMENT_3D ( 'NONE', #1102, #1445, #1093 ) ;
#837 = CARTESIAN_POINT ( 'NONE',  ( 0.000000000000000000, 0.000000000000000000, 0.000000000000000000 ) ) ;
#838 =( BOUNDED_SURFACE ( )  B_SPLINE_SURFACE ( 3, 3, ( 
 ( #915, #1511, #933, #904 ),
 ( #689, #1, #1376, #469 ),
 ( #782, #927, #1386, #1259 ),
 ( #331, #1270, #218, #1151 ) ),
 .UNSPECIFIED., .F., .F., .F. ) 
 B_SPLINE_SURFACE_WITH_KNOTS ( ( 4, 4 ),
 ( 4, 4 ),
 ( 0.000000000000000000, 1.000000000000000000 ),
 ( 0.000000000000000000, 1.000000000000000000 ),
 .UNSPECIFIED. ) 
 GEOMETRIC_REPRESENTATION_ITEM ( )  RATIONAL_B_SPLINE_SURFACE ( (
 ( 1.000000000000000000, 0.3333333333333334259, 0.3333333333333334259, 1.000000000000000000),
 ( 0.7549703546891157746, 0.2516567848963719989, 0.2516567848963719989, 0.7549703546891157746),
 ( 0.7549703546891157746, 0.2516567848963719989, 0.2516567848963719989, 0.7549703546891157746),
 ( 1.000000000000000000, 0.3333333333333334259, 0.3333333333333334259, 1.000000000000000000) ) ) 
 REPRESENTATION_ITEM ( '' )  SURFACE ( )  );
#839 = ORIENTED_EDGE ( 'NONE', *, *, #616, .F. ) ;
#840 = CARTESIAN_POINT ( 'NONE',  ( -3.399632828907083761E-13, 100.0000000000000284, -140.0071426749364036 ) ) ;
#841 = EDGE_LOOP ( 'NONE', ( #326, #361, #172, #1064, #352, #1149, #547, #724 ) ) ;
#842 = CARTESIAN_POINT ( 'NONE',  ( -9.999999999999825917, 50.00000000000003553, 3.491481338843135880E-13 ) ) ;
#843 = CARTESIAN_POINT ( 'NONE',  ( -9.999999999999998224, 1.943022652166018730E-13, -22.91287847477919826 ) ) ;
#844 = ORIENTED_EDGE ( 'NONE', *, *, #220, .F. ) ;
#845 = CARTESIAN_POINT ( 'NONE',  ( 174.2070139869009040, 100.0000000000001279, 68.39974262392961180 ) ) ;
#846 = CARTESIAN_POINT ( 'NONE',  ( 0.000000000000000000, 0.000000000000000000, 0.000000000000000000 ) ) ;
#847 = PLANE ( 'NONE',  #719 ) ;
#848 = LINE ( 'NONE', #1101, #354 ) ;
#849 = CARTESIAN_POINT ( 'NONE',  ( 195.8369117929929644, 86.75444679663250724, -140.0071426749364036 ) ) ;
#850 = ORIENTED_EDGE ( 'NONE', *, *, #880, .T. ) ;
#851 = DIRECTION ( 'NONE',  ( 3.430248998885766964E-15, -1.000000000000000000, -0.000000000000000000 ) ) ;
#852 = ITEM_DEFINED_TRANSFORMATION ( 'NONE', 'NONE', #598,  #893 ) ;
#853 = ORIENTED_EDGE ( 'NONE', *, *, #1141, .F. ) ;
#854 =( LENGTH_UNIT ( ) NAMED_UNIT ( * ) SI_UNIT ( .MILLI., .METRE. ) );
#855 = CARTESIAN_POINT ( 'NONE',  ( -10.70662779496199946, 6.288342714585215099, 22.59176297337933192 ) ) ;
#856 = EDGE_CURVE ( 'NONE', #505, #1519, #764, .T. ) ;
#857 = MECHANICAL_DESIGN_GEOMETRIC_PRESENTATION_REPRESENTATION (  '', ( #82 ), #395 ) ;
#858 = AXIS2_PLACEMENT_3D ( 'NONE', #982, #888, #163 ) ;
#859 = CARTESIAN_POINT ( 'NONE',  ( 0.000000000000000000, 0.000000000000000000, 0.000000000000000000 ) ) ;
#860 = VECTOR ( 'NONE', #1458, 1000.000000000000000 ) ;
#861 = ORIENTED_EDGE ( 'NONE', *, *, #993, .F. ) ;
#862 = EDGE_CURVE ( 'NONE', #1351, #296, #617, .T. ) ;
#863 = DIRECTION ( 'NONE',  ( 3.430248998885766964E-15, 1.000000000000000000, 6.982962677686266711E-15 ) ) ;
#864 = ORIENTED_EDGE ( 'NONE', *, *, #923, .F. ) ;
#865 = CARTESIAN_POINT ( 'NONE',  ( -63.64665149901296815, 99.99999999999977263, -127.2933029980251973 ) ) ;
#866 = CARTESIAN_POINT ( 'NONE',  ( -3.430248998885767296E-13, 100.0000000000000000, 0.000000000000000000 ) ) ;
#867 = CARTESIAN_POINT ( 'NONE',  ( -10.45272255270409900, 7.001223567836271755, 22.71035499989811512 ) ) ;
#868 = EDGE_CURVE ( 'NONE', #1425, #669, #249, .T. ) ;
#869 = DIRECTION ( 'NONE',  ( -0.000000000000000000, 6.982962677686266711E-15, -1.000000000000000000 ) ) ;
#870 = ORIENTED_EDGE ( 'NONE', *, *, #1437, .F. ) ;
#871 = LINE ( 'NONE', #199, #1515 ) ;
#872 = ORIENTED_EDGE ( 'NONE', *, *, #1073, .F. ) ;
#873 = CARTESIAN_POINT ( 'NONE',  ( -3.399632828907084266E-13, 100.0000000000000000, -3.749399456654507174E-31 ) ) ;
#874 = EDGE_CURVE ( 'NONE', #1351, #43, #608, .T. ) ;
#875 = CARTESIAN_POINT ( 'NONE',  ( 10.00000000000017408, 49.99999999999997158, 3.491481338843130831E-13 ) ) ;
#876 = CARTESIAN_POINT ( 'NONE',  ( 46.08288663855252310, 62.87955813897455926, 0.000000000000000000 ) ) ;
#877 = CARTESIAN_POINT ( 'NONE',  ( 174.2070139869008756, 100.0000000000001279, -140.0071426749364036 ) ) ;
#878 = EDGE_LOOP ( 'NONE', ( #1492, #261, #70, #5 ) ) ;
#879 = DIRECTION ( 'NONE',  ( 0.000000000000000000, -6.982962677686266711E-15, 1.000000000000000000 ) ) ;
#880 = EDGE_CURVE ( 'NONE', #43, #1523, #1000, .T. ) ;
#881 = ORIENTED_EDGE ( 'NONE', *, *, #1280, .T. ) ;
#882 = FILL_AREA_STYLE ('',( #1472 ) ) ;
#883 = APPLICATION_CONTEXT ( 'automotive_design' ) ;
#884 = LINE ( 'NONE', #525, #1139 ) ;
#885 = CARTESIAN_POINT ( 'NONE',  ( 105.8072713629713917, 99.99999999999990052, 4.188276293344887943E-15 ) ) ;
#886 = ADVANCED_FACE ( 'NONE', ( #538 ), #1373, .F. ) ;
#887 = AXIS2_PLACEMENT_3D ( 'NONE', #372, #508, #1317 ) ;
#888 = DIRECTION ( 'NONE',  ( -3.430248998885766964E-15, 1.000000000000000000, 0.000000000000000000 ) ) ;
#889 = VECTOR ( 'NONE', #1228, 1000.000000000000000 ) ;
#890 = ORIENTED_EDGE ( 'NONE', *, *, #942, .T. ) ;
#891 = AXIS2_PLACEMENT_3D ( 'NONE', #522, #304, #1249 ) ;
#892 = CARTESIAN_POINT ( 'NONE',  ( -11.36471361680212411, 4.943388588444220133, -22.26867111368006036 ) ) ;
#893 = AXIS2_PLACEMENT_3D ( 'NONE', #1190, #379, #1202 ) ;
#894 = ORIENTED_EDGE ( 'NONE', *, *, #483, .T. ) ;
#895 = LINE ( 'NONE', #1118, #1187 ) ;
#896 =( BOUNDED_CURVE ( )  B_SPLINE_CURVE ( 3, ( #683, #212, #325, #1049 ),
 .UNSPECIFIED., .F., .F. ) 
 B_SPLINE_CURVE_WITH_KNOTS ( ( 4, 4 ),
 ( 3.342950574380123108, 4.188790204786389637 ),
 .UNSPECIFIED. ) 
 CURVE ( )  GEOMETRIC_REPRESENTATION_ITEM ( )  RATIONAL_B_SPLINE_CURVE ( ( 1.000000000000000000, 0.9412629764324018655, 0.9412629764324018655, 1.000000000000000000 ) ) 
 REPRESENTATION_ITEM ( '' )  );
#897 = DIRECTION ( 'NONE',  ( 1.000000000000000000, 0.000000000000000000, 0.000000000000000000 ) ) ;
#898 = FACE_OUTER_BOUND ( 'NONE', #878, .T. ) ;
#899 = DIRECTION ( 'NONE',  ( 1.000000000000000000, -3.430248998885767359E-15, -2.395330073438999309E-29 ) ) ;
#900 = CARTESIAN_POINT ( 'NONE',  ( -9.999999999999964473, 10.00000000000022382, -22.91287847477913076 ) ) ;
#901 = CARTESIAN_POINT ( 'NONE',  ( -10.45757799522172427, 6.986080464568301451, -22.70811802772228916 ) ) ;
#902 = VERTEX_POINT ( 'NONE', #321 ) ;
#903 = FACE_OUTER_BOUND ( 'NONE', #20, .T. ) ;
#904 = CARTESIAN_POINT ( 'NONE',  ( 188.9969375305999790, 70.00000000000000000, -140.0071426749364321 ) ) ;
#905 = LINE ( 'NONE', #410, #889 ) ;
#906 = PRODUCT ( 'N308-S09P4B-Ellipsoids--Rxy_50--Rz_25--S_198_boxes_structureOnly', 'N308-S09P4B-Ellipsoids--Rxy_50--Rz_25--S_198_boxes_structureOnly', '', ( #593 ) ) ;
#907 =( BOUNDED_CURVE ( )  B_SPLINE_CURVE ( 3, ( #1143, #182, #1251, #1133 ),
 .UNSPECIFIED., .F., .F. ) 
 B_SPLINE_CURVE_WITH_KNOTS ( ( 4, 4 ),
 ( 2.094395102393195263, 4.712388980384696779 ),
 .UNSPECIFIED. ) 
 CURVE ( )  GEOMETRIC_REPRESENTATION_ITEM ( )  RATIONAL_B_SPLINE_CURVE ( ( 1.000000000000000000, 0.5058793634016781615, 0.5058793634016781615, 1.000000000000000000 ) ) 
 REPRESENTATION_ITEM ( '' )  );
#908 = B_SPLINE_CURVE_WITH_KNOTS ( 'NONE', 3,
 ( #1198, #1450, #733, #393, #867, #855, #41, #970, #1074, #152, #1332, #148, #1438, #609, #386, #503, #285, #975, #381, #27, #748, #496, #272, #1221 ),
 .UNSPECIFIED., .F., .F.,
 ( 4, 2, 2, 2, 2, 2, 2, 2, 2, 2, 2, 4 ),
 ( 0.000000000000000000, 0.002277627136900153490, 0.003416440705350231536, 0.004555254273800308715, 0.005694067842250387194, 0.006832881410700464807, 0.009110508547600613960, 0.01024932211605068290, 0.01138813568450075531, 0.01366576282140089665, 0.01594338995830104147, 0.01822101709520118282 ),
 .UNSPECIFIED. ) ;
#909 = CARTESIAN_POINT ( 'NONE',  ( -3.430248998885767296E-13, -100.0000000000000000, -6.982962677686266711E-13 ) ) ;
#910 = CARTESIAN_POINT ( 'NONE',  ( 80.11961706395985061, -69.26102778014218586, -4.836471720069245511E-13 ) ) ;
#911 = CARTESIAN_POINT ( 'NONE',  ( 19.54035209404371187, 7.521276112530519415E-14, -15.61286387460854108 ) ) ;
#912 = ADVANCED_FACE ( 'NONE', ( #1470 ), #625, .F. ) ;
#913 = EDGE_LOOP ( 'NONE', ( #364, #1142, #648, #472, #55, #1365 ) ) ;
#914 = DIRECTION ( 'NONE',  ( 0.000000000000000000, 0.000000000000000000, -1.000000000000000000 ) ) ;
#915 = CARTESIAN_POINT ( 'NONE',  ( 91.01734781927237350, 69.99999999999967315, -140.0071426749363752 ) ) ;
#916 = PRODUCT_DEFINITION ( 'UNKNOWN', '', #356, #630 ) ;
#917 = CARTESIAN_POINT ( 'NONE',  ( 2.941652048589201649E-28, 8.575622497214418240E-14, 5.988325183597498188E-28 ) ) ;
#918 = EDGE_CURVE ( 'NONE', #939, #805, #44, .T. ) ;
#919 = CARTESIAN_POINT ( 'NONE',  ( 24.99999999999998934, -53.34936490538903087, -3.664133900168604277E-13 ) ) ;
#920 = CARTESIAN_POINT ( 'NONE',  ( -80.11961706396033378, -69.26102778014161743, 1.825658960074992074E-13 ) ) ;
#921 = CARTESIAN_POINT ( 'NONE',  ( 55.82976911805670994, 86.75444679663242198, 111.6595382361140025 ) ) ;
#922 = VECTOR ( 'NONE', #167, 1000.000000000000000 ) ;
#923 = EDGE_CURVE ( 'NONE', #216, #1186, #668, .T. ) ;
#924 = ORIENTED_EDGE ( 'NONE', *, *, #168, .F. ) ;
#925 = CARTESIAN_POINT ( 'NONE',  ( 80.11961706395989324, 69.26102778014220007, 20.23209145298377010 ) ) ;
#926 = AXIS2_PLACEMENT_3D ( 'NONE', #846, #479, #270 ) ;
#927 = CARTESIAN_POINT ( 'NONE',  ( 105.8072713629712069, 99.99999999999988631, -208.4068852988659728 ) ) ;
#928 = CARTESIAN_POINT ( 'NONE',  ( -25.00000000000000000, 1.715124499442894250E-13, -1.530880168633658877E-13 ) ) ;
#929 = DIRECTION ( 'NONE',  ( 1.000000000000000000, 3.399349888776278266E-15, -1.133116629592092821E-15 ) ) ;
#930 = CARTESIAN_POINT ( 'NONE',  ( 14.20546664220683297, 1.843357717846576760, -20.57467106829683345 ) ) ;
#931 = VERTEX_POINT ( 'NONE', #984 ) ;
#932 = FACE_OUTER_BOUND ( 'NONE', #1242, .T. ) ;
#933 = CARTESIAN_POINT ( 'NONE',  ( 188.9969375305999222, 70.00000000000001421, -237.9867323862640376 ) ) ;
#934 = DIRECTION ( 'NONE',  ( 3.430248998885766964E-15, 1.000000000000000000, 6.982962677686266711E-15 ) ) ;
#935 = EDGE_CURVE ( 'NONE', #1233, #43, #871, .T. ) ;
#936 = PRODUCT_RELATED_PRODUCT_CATEGORY ( 'part', '', ( #906 ) ) ;
#937 = CARTESIAN_POINT ( 'NONE',  ( 2.941652048589201649E-28, 8.575622497214418240E-14, 5.988325183597498188E-28 ) ) ;
#938 = CARTESIAN_POINT ( 'NONE',  ( 10.45272255270414874, 7.001223567836517780, -22.71035499989801210 ) ) ;
#939 = VERTEX_POINT ( 'NONE', #757 ) ;
#940 = CYLINDRICAL_SURFACE ( 'NONE', #476, 9.999999999999998224 ) ;
#941 = CARTESIAN_POINT ( 'NONE',  ( -3.430248998885767296E-13, 100.0000000000000000, -140.0071426749364036 ) ) ;
#942 = EDGE_CURVE ( 'NONE', #367, #296, #649, .T. ) ;
#943 = CARTESIAN_POINT ( 'NONE',  ( -34.19987131196530328, 99.99999999999990052, 68.39974262392993865 ) ) ;
#944 = ORIENTED_EDGE ( 'NONE', *, *, #493, .F. ) ;
#945 = VECTOR ( 'NONE', #1120, 1000.000000000000000 ) ;
#946 = PLANE ( 'NONE',  #1239 ) ;
#947 = ADVANCED_FACE ( 'NONE', ( #1453 ), #1343, .T. ) ;
#948 = VECTOR ( 'NONE', #879, 1000.000000000000000 ) ;
#949 = DIRECTION ( 'NONE',  ( 0.000000000000000000, 0.000000000000000000, 1.000000000000000000 ) ) ;
#950 = CARTESIAN_POINT ( 'NONE',  ( 10.71099896338738233, 6.277636715049854210, 22.58968930936039499 ) ) ;
#951 = CIRCLE ( 'NONE', #427, 15.00000000000000000 ) ;
#952 = ADVANCED_FACE ( 'NONE', ( #1232 ), #1478, .T. ) ;
#953 = ORIENTED_EDGE ( 'NONE', *, *, #1205, .F. ) ;
#954 = CARTESIAN_POINT ( 'NONE',  ( -48.98979485566405856, 69.99999999999967315, -140.0071426749364036 ) ) ;
#955 =( NAMED_UNIT ( * ) SI_UNIT ( $, .STERADIAN. ) SOLID_ANGLE_UNIT ( ) );
#956 = CARTESIAN_POINT ( 'NONE',  ( -3.430248998885767296E-13, 100.0000000000000000, 0.000000000000000000 ) ) ;
#957 =( BOUNDED_SURFACE ( )  B_SPLINE_SURFACE ( 3, 3, ( 
 ( #136, #265, #153, #1087 ),
 ( #817, #623, #517, #998 ),
 ( #1476, #178, #1348, #654 ),
 ( #1129, #1341, #1216, #418 ) ),
 .UNSPECIFIED., .F., .F., .F. ) 
 B_SPLINE_SURFACE_WITH_KNOTS ( ( 4, 4 ),
 ( 4, 4 ),
 ( 0.000000000000000000, 1.000000000000000000 ),
 ( 0.000000000000000000, 1.000000000000000000 ),
 .UNSPECIFIED. ) 
 GEOMETRIC_REPRESENTATION_ITEM ( )  RATIONAL_B_SPLINE_SURFACE ( (
 ( 1.000000000000000000, 0.3333333333333334259, 0.3333333333333334259, 1.000000000000000000),
 ( 0.5058793634016781615, 0.1686264544672261001, 0.1686264544672261001, 0.5058793634016781615),
 ( 0.5058793634016781615, 0.1686264544672261001, 0.1686264544672261001, 0.5058793634016781615),
 ( 1.000000000000000000, 0.3333333333333334259, 0.3333333333333334259, 1.000000000000000000) ) ) 
 REPRESENTATION_ITEM ( '' )  SURFACE ( )  );
#958 = ORIENTED_EDGE ( 'NONE', *, *, #392, .F. ) ;
#959 = ADVANCED_FACE ( 'NONE', ( #677 ), #1062, .T. ) ;
#960 = PLANE ( 'NONE',  #137 ) ;
#961 = SURFACE_STYLE_USAGE ( .BOTH. , #258 ) ;
#962 = PRODUCT_DEFINITION ( 'UNKNOWN', '', #185, #50 ) ;
#963 = CARTESIAN_POINT ( 'NONE',  ( 63.64665149901228602, -99.99999999999936051, -127.2933029980270447 ) ) ;
#964 = ORIENTED_EDGE ( 'NONE', *, *, #392, .T. ) ;
#965 = CARTESIAN_POINT ( 'NONE',  ( 105.8072713629712638, 99.99999999999990052, 68.39974262392966864 ) ) ;
#966 = CARTESIAN_POINT ( 'NONE',  ( 70.00714267493697207, 180.0000000000002274, -69.91287847477789796 ) ) ;
#967 = CARTESIAN_POINT ( 'NONE',  ( 48.98979485566356828, 69.99999999999984368, 0.000000000000000000 ) ) ;
#968 = VECTOR ( 'NONE', #282, 1000.000000000000000 ) ;
#969 = AXIS2_PLACEMENT_3D ( 'NONE', #532, #415, #175 ) ;
#970 = CARTESIAN_POINT ( 'NONE',  ( -11.17802233047722815, 5.276604019673742485, 22.36257499133401083 ) ) ;
#971 = VECTOR ( 'NONE', #1262, 1000.000000000000000 ) ;
#972 = VERTEX_POINT ( 'NONE', #1148 ) ;
#973 = CARTESIAN_POINT ( 'NONE',  ( 174.2070139869009040, 100.0000000000001279, 0.000000000000000000 ) ) ;
#974 = CARTESIAN_POINT ( 'NONE',  ( 140.0071426749360910, 100.0000000000000000, -140.0071426749364036 ) ) ;
#975 = CARTESIAN_POINT ( 'NONE',  ( -15.86053888644975451, 0.8753087441418548886, 19.33742586661118068 ) ) ;
#976 = PRODUCT_RELATED_PRODUCT_CATEGORY ( 'part', '', ( #1357 ) ) ;
#977 = EDGE_LOOP ( 'NONE', ( #529, #1432, #1096, #158, #750, #763, #1349, #451, #239, #1464, #686, #1250 ) ) ;
#978 = CARTESIAN_POINT ( 'NONE',  ( 140.0071426749360910, 100.0000000000000000, 0.000000000000000000 ) ) ;
#979 = ORIENTED_EDGE ( 'NONE', *, *, #918, .F. ) ;
#980 = CARTESIAN_POINT ( 'NONE',  ( -3.460865168864449821E-13, -100.0000000000000142, -6.921730337728899641E-13 ) ) ;
#981 = EDGE_CURVE ( 'NONE', #1519, #80, #1085, .T. ) ;
#982 = CARTESIAN_POINT ( 'NONE',  ( 140.0071426749361763, 69.99999999999984368, -140.0071426749364036 ) ) ;
#983 = ORIENTED_EDGE ( 'NONE', *, *, #518, .T. ) ;
#984 = CARTESIAN_POINT ( 'NONE',  ( 200.0071426749363468, 0.000000000000000000, -200.0071426749364036 ) ) ;
#985 = EDGE_LOOP ( 'NONE', ( #129, #832, #1392 ) ) ;
#986 = CARTESIAN_POINT ( 'NONE',  ( 25.00000000000000000, 53.34936490538903087, -50.00000000000038369 ) ) ;
#987 = LINE ( 'NONE', #58, #860 ) ;
#988 = AXIS2_PLACEMENT_3D ( 'NONE', #842, #365, #1430 ) ;
#989 = CARTESIAN_POINT ( 'NONE',  ( -60.00000000000000000, 70.00000000000000000, 60.00000000000003553 ) ) ;
#990 = AXIS2_PLACEMENT_3D ( 'NONE', #859, #1333, #1222 ) ;
#991 = EDGE_LOOP ( 'NONE', ( #1304, #276, #924, #839 ) ) ;
#992 = CARTESIAN_POINT ( 'NONE',  ( -11.76290598202800197, 4.317766985910521882, -22.06092635451074457 ) ) ;
#993 = EDGE_CURVE ( 'NONE', #62, #43, #685, .T. ) ;
#994 = ORIENTED_EDGE ( 'NONE', *, *, #1272, .F. ) ;
#995 =( NAMED_UNIT ( * ) PLANE_ANGLE_UNIT ( ) SI_UNIT ( $, .RADIAN. ) );
#996 = CARTESIAN_POINT ( 'NONE',  ( 102.4198608624968756, 56.98300017677748031, 4.603114436025333753E-15 ) ) ;
#997 = CARTESIAN_POINT ( 'NONE',  ( 55.82976911805668152, 86.75444679663243619, -251.6666809110503777 ) ) ;
#998 = CARTESIAN_POINT ( 'NONE',  ( 220.1267597388962827, 69.26102778014218586, -1.962364651725807640E-14 ) ) ;
#999 = ORIENTED_EDGE ( 'NONE', *, *, #1491, .F. ) ;
#1000 = LINE ( 'NONE', #1104, #948 ) ;
#1001 = EDGE_CURVE ( 'NONE', #531, #412, #795, .T. ) ;
#1002 = ORIENTED_EDGE ( 'NONE', *, *, #251, .T. ) ;
#1003 = CARTESIAN_POINT ( 'NONE',  ( 63.64665149901223629, 100.0000000000002132, -127.2933029980252542 ) ) ;
#1004 = FACE_BOUND ( 'NONE', #830, .T. ) ;
#1005 = CARTESIAN_POINT ( 'NONE',  ( 48.98979485566356828, 69.99999999999984368, 0.000000000000000000 ) ) ;
#1006 = CARTESIAN_POINT ( 'NONE',  ( -1.830016055579018801E-13, -53.34936490538893850, -3.725366240125965288E-13 ) ) ;
#1007 = EDGE_CURVE ( 'NONE', #367, #377, #1136, .T. ) ;
#1008 = ORIENTED_EDGE ( 'NONE', *, *, #714, .T. ) ;
#1009 = CARTESIAN_POINT ( 'NONE',  ( -18.04628363363727317, 0.1794251298140460138, -17.31761082042023858 ) ) ;
#1010 = VERTEX_POINT ( 'NONE', #1256 ) ;
#1011 = CARTESIAN_POINT ( 'NONE',  ( 63.64665149901225760, 100.0000000000002132, -1.558893360694257788E-14 ) ) ;
#1012 = CARTESIAN_POINT ( 'NONE',  ( 115.0071426749363184, -8.575622497214448532E-14, 0.000000000000000000 ) ) ;
#1013 = CARTESIAN_POINT ( 'NONE',  ( -9.999999999999774403, 65.00000000000002842, 4.520556038508865109E-13 ) ) ;
#1014 = DIRECTION ( 'NONE',  ( 1.000000000000000000, -3.430248998885766570E-15, -2.395330073438999029E-29 ) ) ;
#1015 = CONTEXT_DEPENDENT_SHAPE_REPRESENTATION ( #607, #1265 ) ;
#1016 = EDGE_LOOP ( 'NONE', ( #1156, #229, #116 ) ) ;
#1017 = CIRCLE ( 'NONE', #1292, 48.98979485566381697 ) ;
#1018 = CARTESIAN_POINT ( 'NONE',  ( -15.03353059810922687, 1.314814719908149465, -19.97787803032760934 ) ) ;
#1019 = AXIS2_PLACEMENT_3D ( 'NONE', #875, #747, #293 ) ;
#1020 = ORIENTED_EDGE ( 'NONE', *, *, #387, .T. ) ;
#1021 = CARTESIAN_POINT ( 'NONE',  ( 0.000000000000000000, 0.000000000000000000, -140.0071426749364036 ) ) ;
#1022 = CARTESIAN_POINT ( 'NONE',  ( 84.17737355687948764, 86.75444679663225145, 6.837174804756378995E-15 ) ) ;
#1023 = DIRECTION ( 'NONE',  ( 1.000000000000000000, 3.430248998885767359E-15, 0.000000000000000000 ) ) ;
#1024 = CARTESIAN_POINT ( 'NONE',  ( 200.0071426749363468, 70.00000000000000000, -200.0071426749364036 ) ) ;
#1025 = CARTESIAN_POINT ( 'NONE',  ( 11.75274981885103998, 4.332691993550344733, -22.06631634913438589 ) ) ;
#1026 = ORIENTED_EDGE ( 'NONE', *, *, #382, .T. ) ;
#1027 = CARTESIAN_POINT ( 'NONE',  ( 2.941652048589201649E-28, -8.575622497214418240E-14, -140.0071426749364036 ) ) ;
#1028 = FACE_OUTER_BOUND ( 'NONE', #39, .T. ) ;
#1029 = PRODUCT_DEFINITION_SHAPE ( 'NONE', 'NONE',  #162 ) ;
#1030 = CARTESIAN_POINT ( 'NONE',  ( -3.460865168864449316E-13, -99.99999999999998579, -7.044195017643631760E-13 ) ) ;
#1031 = EDGE_CURVE ( 'NONE', #758, #826, #1017, .T. ) ;
#1032 = ITEM_DEFINED_TRANSFORMATION ( 'NONE', 'NONE', #1113,  #893 ) ;
#1033 = CARTESIAN_POINT ( 'NONE',  ( -80.11961706396165539, -69.26102778014049477, -160.2392341279213497 ) ) ;
#1034 = CARTESIAN_POINT ( 'NONE',  ( -3.460865168864449821E-13, 100.0000000000000284, -6.123233995736578336E-15 ) ) ;
#1035 = ORIENTED_EDGE ( 'NONE', *, *, #1193, .F. ) ;
#1036 = CARTESIAN_POINT ( 'NONE',  ( 2.941652048589201649E-28, 8.575622497214418240E-14, 5.988325183597498188E-28 ) ) ;
#1037 = CARTESIAN_POINT ( 'NONE',  ( 59.88752561097615512, 69.26102778014163164, 20.23209145298371325 ) ) ;
#1038 = DIRECTION ( 'NONE',  ( -1.000000000000000000, 0.000000000000000000, 0.000000000000000000 ) ) ;
#1039 = EDGE_CURVE ( 'NONE', #599, #80, #195, .T. ) ;
#1040 = LINE ( 'NONE', #1514, #723 ) ;
#1041 = ORIENTED_EDGE ( 'NONE', *, *, #657, .F. ) ;
#1042 = CARTESIAN_POINT ( 'NONE',  ( -3.399632828907084266E-13, 100.0000000000000000, -3.749399456654452436E-31 ) ) ;
#1043 = AXIS2_PLACEMENT_3D ( 'NONE', #1285, #346, #710 ) ;
#1044 = EDGE_LOOP ( 'NONE', ( #433, #665, #1299 ) ) ;
#1045 = DIRECTION ( 'NONE',  ( 3.430248998885766964E-15, -1.000000000000000000, -0.000000000000000000 ) ) ;
#1046 = CARTESIAN_POINT ( 'NONE',  ( 10.00000000000026468, 10.00000000000016165, -22.91287847477913076 ) ) ;
#1047 = LINE ( 'NONE', #809, #1436 ) ;
#1048 = CARTESIAN_POINT ( 'NONE',  ( 11.18332432234091378, 5.266692239094640016, 22.35992858663843563 ) ) ;
#1049 = CARTESIAN_POINT ( 'NONE',  ( 140.0071426749362047, 53.34936490538894560, -115.0071426749362047 ) ) ;
#1050 = CARTESIAN_POINT ( 'NONE',  ( 91.01734781927234508, 69.99999999999984368, 0.000000000000000000 ) ) ;
#1051 = CARTESIAN_POINT ( 'NONE',  ( -55.82976911805729259, 86.75444679663202407, 111.6595382361140025 ) ) ;
#1052 = ORIENTED_EDGE ( 'NONE', *, *, #1336, .T. ) ;
#1053 = ADVANCED_FACE ( 'NONE', ( #1383 ), #957, .T. ) ;
#1054 = FACE_OUTER_BOUND ( 'NONE', #1044, .T. ) ;
#1055 = CARTESIAN_POINT ( 'NONE',  ( -1.740023026831954409E-13, 53.34936490538893850, -115.0071426749362047 ) ) ;
#1056 =( BOUNDED_CURVE ( )  B_SPLINE_CURVE ( 3, ( #457, #796, #95, #909 ),
 .UNSPECIFIED., .F., .F. ) 
 B_SPLINE_CURVE_WITH_KNOTS ( ( 4, 4 ),
 ( 2.094395102393195707, 4.712388980384696779 ),
 .UNSPECIFIED. ) 
 CURVE ( )  GEOMETRIC_REPRESENTATION_ITEM ( )  RATIONAL_B_SPLINE_CURVE ( ( 1.000000000000000000, 0.5058793634016782725, 0.5058793634016782725, 1.000000000000000000 ) ) 
 REPRESENTATION_ITEM ( '' )  );
#1057 = CARTESIAN_POINT ( 'NONE',  ( -48.98979485566396619, 69.99999999999953104, 97.97958971132746342 ) ) ;
#1058 = EDGE_LOOP ( 'NONE', ( #1244, #149, #655, #1041 ) ) ;
#1059 = CARTESIAN_POINT ( 'NONE',  ( 91.01734781927234508, 69.99999999999984368, -140.0071426749364036 ) ) ;
#1060 = CARTESIAN_POINT ( 'NONE',  ( -55.82976911805710785, 86.75444679663212355, -140.0071426749364036 ) ) ;
#1061 = CARTESIAN_POINT ( 'NONE',  ( 11.97647981198269740, 4.020737855109731029, 21.94606981415772751 ) ) ;
#1062 =( BOUNDED_SURFACE ( )  B_SPLINE_SURFACE ( 3, 3, ( 
 ( #1174, #1498, #1057, #798 ),
 ( #115, #921, #1051, #471 ),
 ( #1164, #563, #943, #449 ),
 ( #555, #1034, #89, #1042 ) ),
 .UNSPECIFIED., .F., .F., .T. ) 
 B_SPLINE_SURFACE_WITH_KNOTS ( ( 4, 4 ),
 ( 4, 4 ),
 ( 0.000000000000000000, 1.000000000000000000 ),
 ( 0.000000000000000000, 1.000000000000000000 ),
 .UNSPECIFIED. ) 
 GEOMETRIC_REPRESENTATION_ITEM ( )  RATIONAL_B_SPLINE_SURFACE ( (
 ( 1.000000000000000000, 0.3333333333333334259, 0.3333333333333334259, 1.000000000000000000),
 ( 0.7549703546891138872, 0.2516567848963713883, 0.2516567848963713883, 0.7549703546891138872),
 ( 0.7549703546891138872, 0.2516567848963713883, 0.2516567848963713883, 0.7549703546891138872),
 ( 1.000000000000000000, 0.3333333333333334259, 0.3333333333333334259, 1.000000000000000000) ) ) 
 REPRESENTATION_ITEM ( '' )  SURFACE ( )  );
#1063 = CLOSED_SHELL ( 'NONE', ( #1053, #128, #1508, #590, #94, #959, #462, #770, #504, #406, #663, #886, #952, #1323, #292, #72, #24, #1462, #1427, #753, #277, #792 ) ) ;
#1064 = ORIENTED_EDGE ( 'NONE', *, *, #561, .T. ) ;
#1065 = CARTESIAN_POINT ( 'NONE',  ( 91.01734781927238771, 69.99999999999967315, 97.97958971132757711 ) ) ;
#1066 = VECTOR ( 'NONE', #697, 1000.000000000000000 ) ;
#1067 = CARTESIAN_POINT ( 'NONE',  ( 48.98979485566356828, 69.99999999999984368, -140.0071426749364036 ) ) ;
#1068 =( GEOMETRIC_REPRESENTATION_CONTEXT ( 3 ) GLOBAL_UNCERTAINTY_ASSIGNED_CONTEXT ( ( #267 ) ) GLOBAL_UNIT_ASSIGNED_CONTEXT ( ( #33, #487, #359 ) ) REPRESENTATION_CONTEXT ( 'NONE', 'WORKASPACE' ) );
#1069 = EDGE_CURVE ( 'NONE', #191, #1175, #57, .T. ) ;
#1070 = ORIENTED_EDGE ( 'NONE', *, *, #1205, .T. ) ;
#1071 = CARTESIAN_POINT ( 'NONE',  ( -9.999999999999655387, 99.99999999999987210, 22.91287847477989459 ) ) ;
#1072 = PRESENTATION_STYLE_ASSIGNMENT (( #961 ) ) ;
#1073 = EDGE_CURVE ( 'NONE', #342, #166, #388, .T. ) ;
#1074 = CARTESIAN_POINT ( 'NONE',  ( -11.35838197093648105, 4.954412479185661411, 22.27187923204698450 ) ) ;
#1075 = APPLICATION_CONTEXT ( 'automotive_design' ) ;
#1076 = VERTEX_POINT ( 'NONE', #1240 ) ;
#1077 = CARTESIAN_POINT ( 'NONE',  ( 140.0071426749364036, 70.00000000000000000, 0.000000000000000000 ) ) ;
#1078 = FACE_OUTER_BOUND ( 'NONE', #756, .T. ) ;
#1079 = FACE_OUTER_BOUND ( 'NONE', #658, .T. ) ;
#1080 = ORIENTED_EDGE ( 'NONE', *, *, #387, .F. ) ;
#1081 = CARTESIAN_POINT ( 'NONE',  ( -3.460865168864449821E-13, 100.0000000000000284, -140.0071426749364036 ) ) ;
#1082 = EDGE_CURVE ( 'NONE', #51, #225, #397, .T. ) ;
#1083 = LINE ( 'NONE', #385, #698 ) ;
#1084 = VECTOR ( 'NONE', #424, 1000.000000000000000 ) ;
#1085 = CIRCLE ( 'NONE', #10, 25.00000000000000000 ) ;
#1086 = CARTESIAN_POINT ( 'NONE',  ( 0.000000000000000000, 70.00000000000000000, 0.000000000000000000 ) ) ;
#1087 = CARTESIAN_POINT ( 'NONE',  ( 165.0071426749364321, 53.34936490538902376, -6.123233995736811050E-15 ) ) ;
#1088 = ORIENTED_EDGE ( 'NONE', *, *, #1483, .F. ) ;
#1089 = CARTESIAN_POINT ( 'NONE',  ( 140.0071426749364036, -8.575622497214418240E-14, 0.000000000000000000 ) ) ;
#1090 = DIRECTION ( 'NONE',  ( 3.430248998885766964E-15, 1.000000000000000000, 6.982962677686266711E-15 ) ) ;
#1091 = EDGE_CURVE ( 'NONE', #1175, #412, #585, .T. ) ;
#1092 = LINE ( 'NONE', #843, #497 ) ;
#1093 = DIRECTION ( 'NONE',  ( -3.430248998885767359E-15, -1.000000000000000000, -6.982962677686266711E-15 ) ) ;
#1094 = PRODUCT_DEFINITION_CONTEXT ( 'detailed design', #260, 'design' ) ;
#1095 = EDGE_CURVE ( 'NONE', #1428, #709, #196, .T. ) ;
#1096 = ORIENTED_EDGE ( 'NONE', *, *, #266, .T. ) ;
#1097 = CARTESIAN_POINT ( 'NONE',  ( 140.0071426749364036, 70.00000000000000000, 0.000000000000000000 ) ) ;
#1098 = ORIENTED_EDGE ( 'NONE', *, *, #1091, .T. ) ;
#1099 = LINE ( 'NONE', #1197, #546 ) ;
#1100 = DIRECTION ( 'NONE',  ( 1.000000000000000000, -0.000000000000000000, 0.000000000000000000 ) ) ;
#1101 = CARTESIAN_POINT ( 'NONE',  ( -9.999999999999655387, 100.0000000000001990, -22.91287847477850192 ) ) ;
#1102 = CARTESIAN_POINT ( 'NONE',  ( -9.999999999999655387, 99.99999999999987210, 22.91287847477989459 ) ) ;
#1103 = ORIENTED_EDGE ( 'NONE', *, *, #880, .F. ) ;
#1104 = CARTESIAN_POINT ( 'NONE',  ( -9.999999999999964473, 9.999999999999904077, 22.91287847477926576 ) ) ;
#1105 = ORIENTED_EDGE ( 'NONE', *, *, #121, .T. ) ;
#1106 =( LENGTH_UNIT ( ) NAMED_UNIT ( * ) SI_UNIT ( .MILLI., .METRE. ) );
#1107 = EDGE_CURVE ( 'NONE', #216, #1337, #528, .T. ) ;
#1108 = CARTESIAN_POINT ( 'NONE',  ( 10.00000000000034461, 99.99999999999981526, 22.91287847477989459 ) ) ;
#1109 = CARTESIAN_POINT ( 'NONE',  ( -55.82976911805727838, 86.75444679663203829, -251.6666809110503777 ) ) ;
#1110 = PRODUCT_DEFINITION_SHAPE ( 'NONE', 'NONE',  #916 ) ;
#1111 = CIRCLE ( 'NONE', #455, 25.00000000000018474 ) ;
#1112 = FACE_OUTER_BOUND ( 'NONE', #1509, .T. ) ;
#1113 = AXIS2_PLACEMENT_3D ( 'NONE', #966, #1211, #131 ) ;
#1114 = ADVANCED_FACE ( 'NONE', ( #761 ), #312, .F. ) ;
#1115 = ORIENTED_EDGE ( 'NONE', *, *, #552, .F. ) ;
#1116 = CARTESIAN_POINT ( 'NONE',  ( -19.54022503649319731, 2.189184886610320765E-13, -15.61303328467573870 ) ) ;
#1117 = VERTEX_POINT ( 'NONE', #394 ) ;
#1118 = CARTESIAN_POINT ( 'NONE',  ( -9.999999999999655387, 99.99999999999987210, 22.91287847477989459 ) ) ;
#1119 = DIRECTION ( 'NONE',  ( 3.430248998885766964E-15, -1.000000000000000000, -0.000000000000000000 ) ) ;
#1120 = DIRECTION ( 'NONE',  ( 0.000000000000000000, 0.000000000000000000, 1.000000000000000000 ) ) ;
#1121 = DIRECTION ( 'NONE',  ( 1.000000000000000000, -3.430248998885767359E-15, -2.395330073438999309E-29 ) ) ;
#1122 = EDGE_LOOP ( 'NONE', ( #979, #1501, #143, #676 ) ) ;
#1123 = CARTESIAN_POINT ( 'NONE',  ( -25.00000000000009237, 8.575622497214451056E-14, -3.061616997867795341E-15 ) ) ;
#1124 = APPLICATION_CONTEXT ( 'automotive_design' ) ;
#1125 = ORIENTED_EDGE ( 'NONE', *, *, #942, .F. ) ;
#1126 = DIRECTION ( 'NONE',  ( 1.000000000000000000, -0.000000000000000000, 0.000000000000000000 ) ) ;
#1127 = CARTESIAN_POINT ( 'NONE',  ( 115.0071426749360199, 53.34936490538886744, 3.061616997868407892E-15 ) ) ;
#1128 = CARTESIAN_POINT ( 'NONE',  ( -3.399632828907083761E-13, 100.0000000000000284, -140.0071426749364036 ) ) ;
#1129 = CARTESIAN_POINT ( 'NONE',  ( 140.0071426749360626, 100.0000000000000000, -1.066386761198681783E-30 ) ) ;
#1130 = ORIENTED_EDGE ( 'NONE', *, *, #918, .T. ) ;
#1131 = CARTESIAN_POINT ( 'NONE',  ( -16.69979692697539519, 0.5559106141275333979, -18.60793477367397486 ) ) ;
#1132 = ORIENTED_EDGE ( 'NONE', *, *, #1199, .F. ) ;
#1133 = CARTESIAN_POINT ( 'NONE',  ( -3.430248998885767296E-13, -100.0000000000000000, -6.982962677686266711E-13 ) ) ;
#1134 = DIRECTION ( 'NONE',  ( -0.000000000000000000, -6.982962677686267499E-15, 1.000000000000000000 ) ) ;
#1135 = CARTESIAN_POINT ( 'NONE',  ( -25.00000000000035527, -53.34936490538886034, -3.089848595329543286E-13 ) ) ;
#1136 = CIRCLE ( 'NONE', #425, 25.00000000000018474 ) ;
#1137 = SHAPE_DEFINITION_REPRESENTATION ( #1468, #1314 ) ;
#1138 = ORIENTED_EDGE ( 'NONE', *, *, #711, .F. ) ;
#1139 = VECTOR ( 'NONE', #317, 1000.000000000000000 ) ;
#1140 = CARTESIAN_POINT ( 'NONE',  ( 10.70662779496204386, 6.288342714585454907, -22.59176297337923955 ) ) ;
#1141 = EDGE_CURVE ( 'NONE', #377, #367, #1111, .T. ) ;
#1142 = ORIENTED_EDGE ( 'NONE', *, *, #1371, .T. ) ;
#1143 = CARTESIAN_POINT ( 'NONE',  ( 25.00000000000000000, -53.34936490538902376, -3.725366240125970841E-13 ) ) ;
#1144 = CARTESIAN_POINT ( 'NONE',  ( 203.6537941739487110, 100.0000000000002274, -140.0071426749364321 ) ) ;
#1145 = CARTESIAN_POINT ( 'NONE',  ( 140.0071426749361763, 69.99999999999984368, 0.000000000000000000 ) ) ;
#1146 = EDGE_CURVE ( 'NONE', #1206, #1351, #535, .T. ) ;
#1147 = ORIENTED_EDGE ( 'NONE', *, *, #4, .T. ) ;
#1148 = CARTESIAN_POINT ( 'NONE',  ( 10.00000000000012079, 34.99999999999997158, 2.444036937190190572E-13 ) ) ;
#1149 = ORIENTED_EDGE ( 'NONE', *, *, #711, .T. ) ;
#1150 = CARTESIAN_POINT ( 'NONE',  ( 80.11961706395985061, 69.26102778014220007, -140.0071426749364321 ) ) ;
#1151 = CARTESIAN_POINT ( 'NONE',  ( 140.0071426749361194, 100.0000000000000000, -140.0071426749364036 ) ) ;
#1152 = CARTESIAN_POINT ( 'NONE',  ( 19.54022503649319731, -1.331580968174275398E-13, 15.61303328467573870 ) ) ;
#1153 = SHAPE_REPRESENTATION ( 'N308-S09P4B-Ellipsoids--Rxy_50--Rz_25--S_198_boxes_structureOnly', ( #893 ), #236 ) ;
#1154 = CARTESIAN_POINT ( 'NONE',  ( 63.64665149901228602, -100.0000000000002132, -6.827073341616856520E-13 ) ) ;
#1155 = EDGE_CURVE ( 'NONE', #99, #164, #769, .T. ) ;
#1156 = ORIENTED_EDGE ( 'NONE', *, *, #1371, .F. ) ;
#1157 = DIRECTION ( 'NONE',  ( 1.000000000000000000, 3.399349888776278266E-15, 0.000000000000000000 ) ) ;
#1158 = ORIENTED_EDGE ( 'NONE', *, *, #28, .T. ) ;
#1159 = CARTESIAN_POINT ( 'NONE',  ( 63.64665149901225760, 100.0000000000002274, -140.0071426749364321 ) ) ;
#1160 = CARTESIAN_POINT ( 'NONE',  ( 14.21023912480560547, 1.839953913305431010, 20.57138485343700296 ) ) ;
#1161 = ADVANCED_FACE ( 'NONE', ( #411, #1112 ), #542, .F. ) ;
#1162 = CARTESIAN_POINT ( 'NONE',  ( -80.11961706396033378, -69.26102778014163164, -2.799774506530078761E-13 ) ) ;
#1163 = FACE_OUTER_BOUND ( 'NONE', #1122, .T. ) ;
#1164 = CARTESIAN_POINT ( 'NONE',  ( 34.19987131196462116, 100.0000000000001137, 0.000000000000000000 ) ) ;
#1165 = EDGE_CURVE ( 'NONE', #1010, #1179, #749, .T. ) ;
#1166 = VECTOR ( 'NONE', #615, 1000.000000000000000 ) ;
#1167 = AXIS2_PLACEMENT_3D ( 'NONE', #1027, #1045, #442 ) ;
#1168 = ORIENTED_EDGE ( 'NONE', *, *, #188, .T. ) ;
#1169 = LINE ( 'NONE', #813, #1066 ) ;
#1170 = AXIS2_PLACEMENT_3D ( 'NONE', #46, #897, #514 ) ;
#1171 = DIRECTION ( 'NONE',  ( 0.000000000000000000, 0.000000000000000000, 1.000000000000000000 ) ) ;
#1172 = CARTESIAN_POINT ( 'NONE',  ( -25.00000000000036948, -53.34936490538886034, -1.530880168633638430E-13 ) ) ;
#1173 = ADVANCED_FACE ( 'NONE', ( #1467 ), #509, .T. ) ;
#1174 = CARTESIAN_POINT ( 'NONE',  ( 48.98979485566351144, 69.99999999999985789, 0.000000000000000000 ) ) ;
#1175 = VERTEX_POINT ( 'NONE', #171 ) ;
#1176 = LINE ( 'NONE', #572, #498 ) ;
#1177 = CARTESIAN_POINT ( 'NONE',  ( 165.0071426749364321, 53.34936490538903087, -90.00714267493599152 ) ) ;
#1178 = CARTESIAN_POINT ( 'NONE',  ( 11.76290598202802684, 4.317766985910141742, 22.06092635451080142 ) ) ;
#1179 = VERTEX_POINT ( 'NONE', #629 ) ;
#1180 = DIRECTION ( 'NONE',  ( 1.000000000000000000, 0.000000000000000000, 0.000000000000000000 ) ) ;
#1181 = APPLICATION_PROTOCOL_DEFINITION ( 'draft international standard', 'automotive_design', 1998, #1075 ) ;
#1182 = ORIENTED_EDGE ( 'NONE', *, *, #834, .T. ) ;
#1183 = FACE_OUTER_BOUND ( 'NONE', #510, .T. ) ;
#1184 = EDGE_CURVE ( 'NONE', #1117, #684, #49, .T. ) ;
#1185 = AXIS2_PLACEMENT_3D ( 'NONE', #458, #1282, #448 ) ;
#1186 = VERTEX_POINT ( 'NONE', #1388 ) ;
#1187 = VECTOR ( 'NONE', #1234, 1000.000000000000000 ) ;
#1188 = CARTESIAN_POINT ( 'NONE',  ( 25.00000000000000711, 53.34936490538902376, -140.0071426749364036 ) ) ;
#1189 = AXIS2_PLACEMENT_3D ( 'NONE', #1300, #130, #478 ) ;
#1190 = CARTESIAN_POINT ( 'NONE',  ( 0.000000000000000000, 0.000000000000000000, 0.000000000000000000 ) ) ;
#1191 = ORIENTED_EDGE ( 'NONE', *, *, #799, .F. ) ;
#1192 = CARTESIAN_POINT ( 'NONE',  ( 0.000000000000000000, 70.00000000000000000, -200.0071426749364036 ) ) ;
#1193 = EDGE_CURVE ( 'NONE', #640, #1284, #1379, .T. ) ;
#1194 = CYLINDRICAL_SURFACE ( 'NONE', #887, 15.00000000000000000 ) ;
#1195 = ORIENTED_EDGE ( 'NONE', *, *, #1007, .F. ) ;
#1196 = CARTESIAN_POINT ( 'NONE',  ( 0.000000000000000000, 70.00000000000000000, 60.00000000000003553 ) ) ;
#1197 = CARTESIAN_POINT ( 'NONE',  ( 10.00000000000034461, 100.0000000000001421, -22.91287847477850192 ) ) ;
#1198 = CARTESIAN_POINT ( 'NONE',  ( -10.00000000000020073, 9.999999999999911182, 22.91287847477926576 ) ) ;
#1199 = EDGE_CURVE ( 'NONE', #626, #931, #1040, .T. ) ;
#1200 = EDGE_LOOP ( 'NONE', ( #1026, #958, #1479, #430 ) ) ;
#1201 = CARTESIAN_POINT ( 'NONE',  ( 0.000000000000000000, 0.000000000000000000, -140.0071426749364036 ) ) ;
#1202 = DIRECTION ( 'NONE',  ( 1.000000000000000000, 0.000000000000000000, 0.000000000000000000 ) ) ;
#1203 = CARTESIAN_POINT ( 'NONE',  ( 140.0071426749362331, 53.34936490538894560, -25.00000000000019895 ) ) ;
#1204 = CARTESIAN_POINT ( 'NONE',  ( -63.64665149901297525, -99.99999999999980105, -1.690597022699189487E-13 ) ) ;
#1205 = EDGE_CURVE ( 'NONE', #367, #1417, #1056, .T. ) ;
#1206 = VERTEX_POINT ( 'NONE', #693 ) ;
#1207 = EDGE_CURVE ( 'NONE', #191, #268, #896, .T. ) ;
#1208 = CARTESIAN_POINT ( 'NONE',  ( 115.0071426749360342, 53.34936490538886744, -140.0071426749363752 ) ) ;
#1209 =( BOUNDED_SURFACE ( )  B_SPLINE_SURFACE ( 3, 3, ( 
 ( #208, #1177, #1278, #119 ),
 ( #453, #1520, #1037, #1503 ),
 ( #1144, #233, #814, #92 ),
 ( #347, #574, #558, #680 ) ),
 .UNSPECIFIED., .F., .F., .T. ) 
 B_SPLINE_SURFACE_WITH_KNOTS ( ( 4, 4 ),
 ( 4, 4 ),
 ( 0.000000000000000000, 1.000000000000000000 ),
 ( 0.000000000000000000, 1.000000000000000000 ),
 .UNSPECIFIED. ) 
 GEOMETRIC_REPRESENTATION_ITEM ( )  RATIONAL_B_SPLINE_SURFACE ( (
 ( 1.000000000000000000, 0.3333333333333334259, 0.3333333333333334259, 1.000000000000000000),
 ( 0.5058793634016782725, 0.1686264544672261279, 0.1686264544672261279, 0.5058793634016782725),
 ( 0.5058793634016782725, 0.1686264544672261279, 0.1686264544672261279, 0.5058793634016782725),
 ( 1.000000000000000000, 0.3333333333333334259, 0.3333333333333334259, 1.000000000000000000) ) ) 
 REPRESENTATION_ITEM ( '' )  SURFACE ( )  );
#1210 = AXIS2_PLACEMENT_3D ( 'NONE', #543, #778, #929 ) ;
#1211 = DIRECTION ( 'NONE',  ( 0.000000000000000000, 0.000000000000000000, 1.000000000000000000 ) ) ;
#1212 = ORIENTED_EDGE ( 'NONE', *, *, #147, .T. ) ;
#1213 = AXIS2_PLACEMENT_3D ( 'NONE', #25, #851, #1328 ) ;
#1214 = CARTESIAN_POINT ( 'NONE',  ( -3.399632828907080227E-13, -100.0000000000000142, -6.921730337728901661E-13 ) ) ;
#1215 = ADVANCED_FACE ( 'NONE', ( #446 ), #224, .T. ) ;
#1216 = CARTESIAN_POINT ( 'NONE',  ( 140.0071426749360626, 100.0000000000000284, 0.000000000000000000 ) ) ;
#1217 = VERTEX_POINT ( 'NONE', #87 ) ;
#1218 = CARTESIAN_POINT ( 'NONE',  ( -9.999999999999964473, 10.00000000000022382, -22.91287847477913076 ) ) ;
#1219 = ORIENTED_EDGE ( 'NONE', *, *, #1301, .F. ) ;
#1220 = CARTESIAN_POINT ( 'NONE',  ( 200.0071426749363468, 70.00000000000000000, 60.00000000000003553 ) ) ;
#1221 = CARTESIAN_POINT ( 'NONE',  ( -19.99999999999999645, 4.961676478456543425E-14, 15.00000000000000888 ) ) ;
#1222 = DIRECTION ( 'NONE',  ( 1.000000000000000000, -3.430248998885766570E-15, -2.395330073438999029E-29 ) ) ;
#1223 = ORIENTED_EDGE ( 'NONE', *, *, #822, .T. ) ;
#1224 = CARTESIAN_POINT ( 'NONE',  ( -13.93689095809880563, 2.040388702314610558, -20.75723747140100883 ) ) ;
#1225 = ORIENTED_EDGE ( 'NONE', *, *, #1378, .F. ) ;
#1226 = CARTESIAN_POINT ( 'NONE',  ( -3.460865168864449821E-13, 100.0000000000000284, 6.123233995736579125E-15 ) ) ;
#1227 = CARTESIAN_POINT ( 'NONE',  ( -2.054022839999555774E-13, 62.87955813897448820, -93.92425603638355369 ) ) ;
#1228 = DIRECTION ( 'NONE',  ( 1.000000000000000000, -3.430248998885767359E-15, -2.395330073438999309E-29 ) ) ;
#1229 = EDGE_CURVE ( 'NONE', #419, #29, #804, .T. ) ;
#1230 = CARTESIAN_POINT ( 'NONE',  ( 188.9969375305999790, 70.00000000000000000, -140.0071426749364036 ) ) ;
#1231 = ORIENTED_EDGE ( 'NONE', *, *, #1390, .T. ) ;
#1232 = FACE_OUTER_BOUND ( 'NONE', #256, .T. ) ;
#1233 = VERTEX_POINT ( 'NONE', #103 ) ;
#1234 = DIRECTION ( 'NONE',  ( -3.430248998885766964E-15, -1.000000000000000000, -6.982962677686266711E-15 ) ) ;
#1235 = AXIS2_PLACEMENT_3D ( 'NONE', #1382, #78, #1255 ) ;
#1236 = LINE ( 'NONE', #1108, #499 ) ;
#1237 = CARTESIAN_POINT ( 'NONE',  ( 0.000000000000000000, 0.000000000000000000, -0.000000000000000000 ) ) ;
#1238 = AXIS2_PLACEMENT_3D ( 'NONE', #1295, #690, #1038 ) ;
#1239 = AXIS2_PLACEMENT_3D ( 'NONE', #1418, #1297, #679 ) ;
#1240 = CARTESIAN_POINT ( 'NONE',  ( 115.0071426749364178, 0.000000000000000000, 0.000000000000000000 ) ) ;
#1241 = VECTOR ( 'NONE', #1100, 1000.000000000000000 ) ;
#1242 = EDGE_LOOP ( 'NONE', ( #1489, #1384 ) ) ;
#1243 = CARTESIAN_POINT ( 'NONE',  ( -19.05668644110030030, 0.03150673618538251536, -16.19909563521387597 ) ) ;
#1244 = ORIENTED_EDGE ( 'NONE', *, *, #349, .F. ) ;
#1245 = CARTESIAN_POINT ( 'NONE',  ( -60.00000000000000000, 0.000000000000000000, -200.0071426749364036 ) ) ;
#1246 = CARTESIAN_POINT ( 'NONE',  ( 140.0071426749364036, 0.000000000000000000, -115.0071426749363184 ) ) ;
#1247 = CARTESIAN_POINT ( 'NONE',  ( 140.0071426749364036, 0.000000000000000000, -25.00000000000009237 ) ) ;
#1248 = EDGE_LOOP ( 'NONE', ( #132, #414, #1080 ) ) ;
#1249 = DIRECTION ( 'NONE',  ( -3.469446951953614189E-15, -1.000000000000000000, -6.982962677686267499E-15 ) ) ;
#1250 = ORIENTED_EDGE ( 'NONE', *, *, #596, .F. ) ;
#1251 = CARTESIAN_POINT ( 'NONE',  ( 63.64665149901228602, -100.0000000000002274, -6.982962677686282866E-13 ) ) ;
#1252 = CARTESIAN_POINT ( 'NONE',  ( -9.999999999999825917, 50.00000000000003553, 3.491481338843135880E-13 ) ) ;
#1253 = CARTESIAN_POINT ( 'NONE',  ( 55.82976911805668152, 86.75444679663242198, -140.0071426749364321 ) ) ;
#1254 = CARTESIAN_POINT ( 'NONE',  ( 80.11961706395980798, -69.26102778014332273, 160.2392341279192465 ) ) ;
#1255 = DIRECTION ( 'NONE',  ( 1.000000000000000000, 3.330669073875445167E-15, 0.000000000000000000 ) ) ;
#1256 = CARTESIAN_POINT ( 'NONE',  ( -60.00000000000000000, 70.00000000000000000, 60.00000000000003553 ) ) ;
#1257 = ADVANCED_FACE ( 'NONE', ( #553 ), #1505, .T. ) ;
#1258 = ORIENTED_EDGE ( 'NONE', *, *, #527, .F. ) ;
#1259 = CARTESIAN_POINT ( 'NONE',  ( 174.2070139869008756, 100.0000000000001137, -140.0071426749364605 ) ) ;
#1260 = CARTESIAN_POINT ( 'NONE',  ( 34.19987131196462116, 100.0000000000001279, -140.0071426749364321 ) ) ;
#1261 =( BOUNDED_CURVE ( )  B_SPLINE_CURVE ( 3, ( #318, #775, #203, #324 ),
 .UNSPECIFIED., .F., .F. ) 
 B_SPLINE_CURVE_WITH_KNOTS ( ( 4, 4 ),
 ( 3.342950574380123108, 4.188790204786390525 ),
 .UNSPECIFIED. ) 
 CURVE ( )  GEOMETRIC_REPRESENTATION_ITEM ( )  RATIONAL_B_SPLINE_CURVE ( ( 1.000000000000000000, 0.9412629764324016435, 0.9412629764324016435, 1.000000000000000000 ) ) 
 REPRESENTATION_ITEM ( '' )  );
#1262 = DIRECTION ( 'NONE',  ( 1.000000000000000000, -3.430248998885767359E-15, -2.395330073438999309E-29 ) ) ;
#1263 = EDGE_CURVE ( 'NONE', #1337, #972, #951, .T. ) ;
#1264 = AXIS2_PLACEMENT_3D ( 'NONE', #1451, #187, #275 ) ;
#1265 = PRODUCT_DEFINITION_SHAPE ( 'NONE', 'NONE',  #1526 ) ;
#1266 = SHAPE_DEFINITION_REPRESENTATION ( #1110, #1153 ) ;
#1267 = ORIENTED_EDGE ( 'NONE', *, *, #527, .T. ) ;
#1268 = ORIENTED_EDGE ( 'NONE', *, *, #117, .F. ) ;
#1269 = CARTESIAN_POINT ( 'NONE',  ( 25.00000000000001066, 53.34936490538902376, -140.0071426749364036 ) ) ;
#1270 = CARTESIAN_POINT ( 'NONE',  ( 140.0071426749360057, 100.0000000000000284, -140.0071426749364321 ) ) ;
#1271 = CARTESIAN_POINT ( 'NONE',  ( 12.64942839514309192, 3.182162725524860569, 21.56979733736468319 ) ) ;
#1272 = EDGE_CURVE ( 'NONE', #166, #1428, #160, .T. ) ;
#1273 = DIRECTION ( 'NONE',  ( -0.000000000000000000, -1.000000000000000000, -0.000000000000000000 ) ) ;
#1274 = ORIENTED_EDGE ( 'NONE', *, *, #1263, .F. ) ;
#1275 = DIRECTION ( 'NONE',  ( -1.000000000000000000, 0.000000000000000000, -0.000000000000000000 ) ) ;
#1276 = ORIENTED_EDGE ( 'NONE', *, *, #125, .F. ) ;
#1277 = CARTESIAN_POINT ( 'NONE',  ( -80.11961706396036220, 69.26102778014163164, 20.23209145298377010 ) ) ;
#1278 = CARTESIAN_POINT ( 'NONE',  ( 115.0071426749361194, 53.34936490538884613, -90.00714267493607679 ) ) ;
#1279 = CARTESIAN_POINT ( 'NONE',  ( 19.05668644110030030, 0.03150673618502417006, 16.19909563521387241 ) ) ;
#1280 = EDGE_CURVE ( 'NONE', #797, #591, #774, .T. ) ;
#1281 = CARTESIAN_POINT ( 'NONE',  ( -63.64665149901297525, -99.99999999999978684, -5.365019875293035419E-13 ) ) ;
#1282 = DIRECTION ( 'NONE',  ( -3.430248998885766964E-15, 1.000000000000000000, 0.000000000000000000 ) ) ;
#1283 = CARTESIAN_POINT ( 'NONE',  ( 84.17737355687950185, 86.75444679663225145, -140.0071426749364036 ) ) ;
#1284 = VERTEX_POINT ( 'NONE', #1245 ) ;
#1285 = CARTESIAN_POINT ( 'NONE',  ( 1.470826024294600825E-28, 4.287811248607209120E-14, 2.994162591798749094E-28 ) ) ;
#1286 = DIRECTION ( 'NONE',  ( 1.000000000000000000, 3.430248998885766570E-15, 0.000000000000000000 ) ) ;
#1287 = CARTESIAN_POINT ( 'NONE',  ( 15.03353059810923931, 1.314814719907766882, 19.97787803032763065 ) ) ;
#1288 = AXIS2_PLACEMENT_3D ( 'NONE', #937, #1406, #350 ) ;
#1289 = CARTESIAN_POINT ( 'NONE',  ( 24.99999999999998934, -53.34936490538902376, -3.725366240125970841E-13 ) ) ;
#1290 = DIRECTION ( 'NONE',  ( 1.000000000000000000, -3.430248998885767359E-15, -2.395330073438999309E-29 ) ) ;
#1291 = MECHANICAL_DESIGN_GEOMETRIC_PRESENTATION_REPRESENTATION (  '', ( #788 ), #155 ) ;
#1292 = AXIS2_PLACEMENT_3D ( 'NONE', #441, #206, #1157 ) ;
#1293 = ORIENTED_EDGE ( 'NONE', *, *, #862, .T. ) ;
#1294 = CARTESIAN_POINT ( 'NONE',  ( 25.00000000000000000, 0.000000000000000000, 0.000000000000000000 ) ) ;
#1295 = CARTESIAN_POINT ( 'NONE',  ( -19.99999999999996092, 9.999999999999946709, 22.91287847477926576 ) ) ;
#1296 = ORIENTED_EDGE ( 'NONE', *, *, #714, .F. ) ;
#1297 = DIRECTION ( 'NONE',  ( 0.000000000000000000, 0.000000000000000000, -1.000000000000000000 ) ) ;
#1298 = CARTESIAN_POINT ( 'NONE',  ( 14.75766441274090646, 1.477934480452049781, 20.18227221730233367 ) ) ;
#1299 = ORIENTED_EDGE ( 'NONE', *, *, #1091, .F. ) ;
#1300 = CARTESIAN_POINT ( 'NONE',  ( 2.941652048589201649E-28, 8.575622497214418240E-14, 5.988325183597498188E-28 ) ) ;
#1301 = EDGE_CURVE ( 'NONE', #972, #1337, #283, .T. ) ;
#1302 = ORIENTED_EDGE ( 'NONE', *, *, #1155, .T. ) ;
#1303 = CARTESIAN_POINT ( 'NONE',  ( -3.430248998885767296E-13, 100.0000000000000000, -140.0071426749364036 ) ) ;
#1304 = ORIENTED_EDGE ( 'NONE', *, *, #708, .T. ) ;
#1305 = AXIS2_PLACEMENT_3D ( 'NONE', #40, #271, #140 ) ;
#1306 = CARTESIAN_POINT ( 'NONE',  ( 2.941652048589201649E-28, 8.575622497214418240E-14, 5.988325183597498188E-28 ) ) ;
#1307 = AXIS2_PLACEMENT_3D ( 'NONE', #1089, #725, #600 ) ;
#1308 = EDGE_LOOP ( 'NONE', ( #290, #200, #491, #1276, #181, #999 ) ) ;
#1309 = DIRECTION ( 'NONE',  ( 0.000000000000000000, 0.000000000000000000, 1.000000000000000000 ) ) ;
#1310 = VECTOR ( 'NONE', #1119, 1000.000000000000000 ) ;
#1311 = PLANE ( 'NONE',  #53 ) ;
#1312 = VERTEX_POINT ( 'NONE', #192 ) ;
#1313 = CARTESIAN_POINT ( 'NONE',  ( -3.399632828907084266E-13, 100.0000000000000000, -140.0071426749364036 ) ) ;
#1314 = SHAPE_REPRESENTATION ( 'N308-S09P4B-Ellipsoids--Rxy_50--Rz_25--S_198_boxes_noBase', ( #893 ), #11 ) ;
#1315 = EDGE_CURVE ( 'NONE', #1312, #231, #1236, .T. ) ;
#1316 = LINE ( 'NONE', #1435, #922 ) ;
#1317 = DIRECTION ( 'NONE',  ( -3.469446951953614189E-15, -1.000000000000000000, -6.982962677686267499E-15 ) ) ;
#1318 = EDGE_CURVE ( 'NONE', #1428, #1076, #627, .T. ) ;
#1319 = ORIENTED_EDGE ( 'NONE', *, *, #251, .F. ) ;
#1320 = FACE_OUTER_BOUND ( 'NONE', #1200, .T. ) ;
#1321 = PRODUCT_CONTEXT ( 'NONE', #447, 'mechanical' ) ;
#1322 = FACE_OUTER_BOUND ( 'NONE', #338, .T. ) ;
#1323 = ADVANCED_FACE ( 'NONE', ( #309 ), #759, .T. ) ;
#1324 =( BOUNDED_SURFACE ( )  B_SPLINE_SURFACE ( 3, 3, ( 
 ( #1289, #252, #721, #440 ),
 ( #910, #562, #1033, #920 ),
 ( #336, #963, #603, #1204 ),
 ( #1325, #980, #1214, #294 ) ),
 .UNSPECIFIED., .F., .F., .T. ) 
 B_SPLINE_SURFACE_WITH_KNOTS ( ( 4, 4 ),
 ( 4, 4 ),
 ( 0.000000000000000000, 1.000000000000000000 ),
 ( 0.000000000000000000, 1.000000000000000000 ),
 .UNSPECIFIED. ) 
 GEOMETRIC_REPRESENTATION_ITEM ( )  RATIONAL_B_SPLINE_SURFACE ( (
 ( 1.000000000000000000, 0.3333333333333305393, 0.3333333333333305393, 1.000000000000000000),
 ( 0.5058793634016781615, 0.1686264544672246291, 0.1686264544672246291, 0.5058793634016781615),
 ( 0.5058793634016781615, 0.1686264544672246291, 0.1686264544672246291, 0.5058793634016781615),
 ( 1.000000000000000000, 0.3333333333333305393, 0.3333333333333305393, 1.000000000000000000) ) ) 
 REPRESENTATION_ITEM ( '' )  SURFACE ( )  );
#1325 = CARTESIAN_POINT ( 'NONE',  ( -3.460865168864449821E-13, -100.0000000000000000, -6.982962677686266711E-13 ) ) ;
#1326 = CARTESIAN_POINT ( 'NONE',  ( 25.00000000000009237, 8.575622497214448532E-14, 0.000000000000000000 ) ) ;
#1327 = ORIENTED_EDGE ( 'NONE', *, *, #682, .F. ) ;
#1328 = DIRECTION ( 'NONE',  ( 1.000000000000000000, 3.330669073875445167E-15, 0.000000000000000000 ) ) ;
#1329 = VECTOR ( 'NONE', #588, 1000.000000000000000 ) ;
#1330 = LINE ( 'NONE', #1012, #577 ) ;
#1331 = AXIS2_PLACEMENT_3D ( 'NONE', #1410, #672, #802 ) ;
#1332 = CARTESIAN_POINT ( 'NONE',  ( -11.96765633125987449, 4.032485674205307902, 21.95089266265163630 ) ) ;
#1333 = DIRECTION ( 'NONE',  ( 3.430248998885766964E-15, 1.000000000000000000, 6.982962677686266711E-15 ) ) ;
#1334 = ORIENTED_EDGE ( 'NONE', *, *, #874, .T. ) ;
#1335 = DIRECTION ( 'NONE',  ( 1.000000000000000000, -3.430248998885766964E-15, -2.395330073438999029E-29 ) ) ;
#1336 = EDGE_CURVE ( 'NONE', #512, #29, #421, .T. ) ;
#1337 = VERTEX_POINT ( 'NONE', #169 ) ;
#1338 = DIRECTION ( 'NONE',  ( 1.000000000000000000, 3.430248998885768148E-15, 0.000000000000000000 ) ) ;
#1339 = CARTESIAN_POINT ( 'NONE',  ( 188.9969375305999790, 70.00000000000000000, 0.000000000000000000 ) ) ;
#1340 = CARTESIAN_POINT ( 'NONE',  ( 20.00000000000000000, 1.218956851597228548E-13, -15.00000000000000355 ) ) ;
#1341 = CARTESIAN_POINT ( 'NONE',  ( 140.0071426749360626, 100.0000000000000284, -5.551115123125782071E-14 ) ) ;
#1342 = EDGE_LOOP ( 'NONE', ( #1052, #123, #37, #281, #222, #800 ) ) ;
#1343 = PLANE ( 'NONE',  #85 ) ;
#1344 = ORIENTED_EDGE ( 'NONE', *, *, #1073, .T. ) ;
#1345 = PRESENTATION_STYLE_ASSIGNMENT (( #299 ) ) ;
#1346 = CARTESIAN_POINT ( 'NONE',  ( 10.00000000000034461, 99.99999999999981526, 22.91287847477989459 ) ) ;
#1347 = DIRECTION ( 'NONE',  ( 1.000000000000000000, -0.000000000000000000, 0.000000000000000000 ) ) ;
#1348 = CARTESIAN_POINT ( 'NONE',  ( 203.6537941739487110, 100.0000000000002274, -127.2933029980253394 ) ) ;
#1349 = ORIENTED_EDGE ( 'NONE', *, *, #1031, .F. ) ;
#1350 = CARTESIAN_POINT ( 'NONE',  ( 115.0071426749363184, -8.575622497214448532E-14, -140.0071426749364036 ) ) ;
#1351 = VERTEX_POINT ( 'NONE', #184 ) ;
#1352 = CARTESIAN_POINT ( 'NONE',  ( 25.00000000000000000, 0.000000000000000000, -140.0071426749364036 ) ) ;
#1353 = CIRCLE ( 'NONE', #1235, 25.00000000000018474 ) ;
#1354 = DIRECTION ( 'NONE',  ( -3.430248998885766964E-15, 1.000000000000000000, 0.000000000000000000 ) ) ;
#1355 = DIRECTION ( 'NONE',  ( 3.430248998885766964E-15, 1.000000000000000000, 6.982962677686266711E-15 ) ) ;
#1356 = AXIS2_PLACEMENT_3D ( 'NONE', #1145, #93, #1504 ) ;
#1357 = PRODUCT ( 'N308_assmb', 'N308_assmb', '', ( #1321 ) ) ;
#1358 = AXIS2_PLACEMENT_3D ( 'NONE', #772, #190, #405 ) ;
#1359 = EDGE_CURVE ( 'NONE', #80, #505, #987, .T. ) ;
#1360 =( REPRESENTATION_RELATIONSHIP ('NONE','NONE', #828, #1314 ) REPRESENTATION_RELATIONSHIP_WITH_TRANSFORMATION ( #852 )SHAPE_REPRESENTATION_RELATIONSHIP( ) );
#1361 = CARTESIAN_POINT ( 'NONE',  ( 0.000000000000000000, 0.000000000000000000, -25.00000000000009237 ) ) ;
#1362 = AXIS2_PLACEMENT_3D ( 'NONE', #1021, #416, #1286 ) ;
#1363 = ORIENTED_EDGE ( 'NONE', *, *, #483, .F. ) ;
#1364 = CARTESIAN_POINT ( 'NONE',  ( -15.86511017280921720, 0.8899298281203885663, -19.32435477421129377 ) ) ;
#1365 = ORIENTED_EDGE ( 'NONE', *, *, #273, .F. ) ;
#1366 =( NAMED_UNIT ( * ) SI_UNIT ( $, .STERADIAN. ) SOLID_ANGLE_UNIT ( ) );
#1367 = EDGE_CURVE ( 'NONE', #1233, #786, #1494, .T. ) ;
#1368 = CARTESIAN_POINT ( 'NONE',  ( 25.00000000000009237, 8.575622497214448532E-14, -140.0071426749364036 ) ) ;
#1369 = CARTESIAN_POINT ( 'NONE',  ( -34.19987131196530328, 99.99999999999990052, -140.0071426749364321 ) ) ;
#1370 = DIRECTION ( 'NONE',  ( 0.000000000000000000, 0.000000000000000000, -1.000000000000000000 ) ) ;
#1371 = EDGE_CURVE ( 'NONE', #51, #1471, #373, .T. ) ;
#1372 = CARTESIAN_POINT ( 'NONE',  ( 140.0071426749364036, 0.000000000000000000, -140.0071426749364036 ) ) ;
#1373 = PLANE ( 'NONE',  #720 ) ;
#1374 = VERTEX_POINT ( 'NONE', #1339 ) ;
#1375 = CARTESIAN_POINT ( 'NONE',  ( 80.11961706395985061, 69.26102778014220007, -160.2392341279202412 ) ) ;
#1376 = CARTESIAN_POINT ( 'NONE',  ( 195.8369117929929075, 86.75444679663249303, -251.6666809110500935 ) ) ;
#1377 = CARTESIAN_POINT ( 'NONE',  ( 140.0071426749360910, 100.0000000000000000, 0.000000000000000000 ) ) ;
#1378 = EDGE_CURVE ( 'NONE', #1076, #512, #1330, .T. ) ;
#1379 = LINE ( 'NONE', #228, #211 ) ;
#1380 =( BOUNDED_CURVE ( )  B_SPLINE_CURVE ( 3, ( #661, #1482, #876, #1005 ),
 .UNSPECIFIED., .F., .F. ) 
 B_SPLINE_CURVE_WITH_KNOTS ( ( 4, 4 ),
 ( 2.094395102393195707, 2.940234732799456463 ),
 .UNSPECIFIED. ) 
 CURVE ( )  GEOMETRIC_REPRESENTATION_ITEM ( )  RATIONAL_B_SPLINE_CURVE ( ( 1.000000000000000000, 0.9412629764324025317, 0.9412629764324025317, 1.000000000000000000 ) ) 
 REPRESENTATION_ITEM ( '' )  );
#1381 = UNCERTAINTY_MEASURE_WITH_UNIT (LENGTH_MEASURE( 1.000000000000000082E-05 ), #263, 'distance_accuracy_value', 'NONE');
#1382 = CARTESIAN_POINT ( 'NONE',  ( -1.830016055579018801E-13, 53.34936490538893850, 0.000000000000000000 ) ) ;
#1383 = FACE_OUTER_BOUND ( 'NONE', #1342, .T. ) ;
#1384 = ORIENTED_EDGE ( 'NONE', *, *, #682, .T. ) ;
#1385 = CARTESIAN_POINT ( 'NONE',  ( 10.00000000000034461, 99.99999999999981526, 22.91287847477989459 ) ) ;
#1386 = CARTESIAN_POINT ( 'NONE',  ( 174.2070139869008187, 100.0000000000001137, -208.4068852988660296 ) ) ;
#1387 = CARTESIAN_POINT ( 'NONE',  ( 48.98979485566351144, 69.99999999999985789, -237.9867323862638671 ) ) ;
#1388 = CARTESIAN_POINT ( 'NONE',  ( -9.999999999999879208, 35.00000000000003553, 2.444036937190195621E-13 ) ) ;
#1389 = VECTOR ( 'NONE', #42, 1000.000000000000000 ) ;
#1390 = EDGE_CURVE ( 'NONE', #303, #329, #691, .T. ) ;
#1391 = PRODUCT_CONTEXT ( 'NONE', #883, 'mechanical' ) ;
#1392 = ORIENTED_EDGE ( 'NONE', *, *, #1359, .T. ) ;
#1393 = CARTESIAN_POINT ( 'NONE',  ( 18.03830236948235566, 0.1809303059746684983, -17.32601321129843797 ) ) ;
#1394 = EDGE_LOOP ( 'NONE', ( #1469, #881, #1223, #1130, #306, #643 ) ) ;
#1395 = CARTESIAN_POINT ( 'NONE',  ( 102.4198608624969040, 56.98300017677748031, -140.0071426749363752 ) ) ;
#1396 = EDGE_CURVE ( 'NONE', #1186, #216, #334, .T. ) ;
#1397 = CARTESIAN_POINT ( 'NONE',  ( -10.00000000000020073, 9.999999999999911182, 22.91287847477926576 ) ) ;
#1398 = DIRECTION ( 'NONE',  ( 3.430248998885766964E-15, -1.000000000000000000, -0.000000000000000000 ) ) ;
#1399 = CARTESIAN_POINT ( 'NONE',  ( -3.399632828907084266E-13, -100.0000000000000000, -6.982962677686266711E-13 ) ) ;
#1400 = ORIENTED_EDGE ( 'NONE', *, *, #273, .T. ) ;
#1401 = CARTESIAN_POINT ( 'NONE',  ( -1.830016055579018801E-13, -53.34936490538893850, -3.725366240125965288E-13 ) ) ;
#1402 = ORIENTED_EDGE ( 'NONE', *, *, #238, .T. ) ;
#1403 = CARTESIAN_POINT ( 'NONE',  ( 200.0071426749363468, 70.00000000000000000, -200.0071426749364036 ) ) ;
#1404 = CARTESIAN_POINT ( 'NONE',  ( -3.430248998885767296E-13, 100.0000000000000000, 0.000000000000000000 ) ) ;
#1405 = LINE ( 'NONE', #681, #9 ) ;
#1406 = DIRECTION ( 'NONE',  ( 3.430248998885766964E-15, 1.000000000000000000, 6.982962677686266711E-15 ) ) ;
#1407 = CARTESIAN_POINT ( 'NONE',  ( 10.85215055985095312, 5.943571742421344339, -22.52251699277879027 ) ) ;
#1408 = ORIENTED_EDGE ( 'NONE', *, *, #1301, .T. ) ;
#1409 = CARTESIAN_POINT ( 'NONE',  ( 48.98979485566356828, 69.99999999999984368, -140.0071426749364036 ) ) ;
#1410 = CARTESIAN_POINT ( 'NONE',  ( 140.0071426749362331, 53.34936490538893850, -140.0071426749364036 ) ) ;
#1411 = DIRECTION ( 'NONE',  ( -1.000000000000000000, 0.000000000000000000, 0.000000000000000000 ) ) ;
#1412 = EDGE_CURVE ( 'NONE', #329, #1217, #884, .T. ) ;
#1413 = AXIS2_PLACEMENT_3D ( 'NONE', #524, #201, #1338 ) ;
#1414 = CARTESIAN_POINT ( 'NONE',  ( 91.01734781927234508, 69.99999999999984368, -140.0071426749364036 ) ) ;
#1415 = AXIS2_PLACEMENT_3D ( 'NONE', #732, #21, #1309 ) ;
#1416 = CIRCLE ( 'NONE', #1167, 25.00000000000000000 ) ;
#1417 = VERTEX_POINT ( 'NONE', #202 ) ;
#1418 = CARTESIAN_POINT ( 'NONE',  ( 0.000000000000000000, 70.00000000000000000, -140.0071426749364036 ) ) ;
#1419 = SHAPE_REPRESENTATION_RELATIONSHIP ( 'NONE' , 'NONE' ,  #1314, #1499 ) ;
#1420 = CARTESIAN_POINT ( 'NONE',  ( 25.00000000000000000, -53.34936490538902376, -3.725366240125970841E-13 ) ) ;
#1421 = ADVANCED_FACE ( 'NONE', ( #1004, #409 ), #660, .F. ) ;
#1422 =( BOUNDED_CURVE ( )  B_SPLINE_CURVE ( 3, ( #1512, #575, #16, #956 ),
 .UNSPECIFIED., .F., .F. ) 
 B_SPLINE_CURVE_WITH_KNOTS ( ( 4, 4 ),
 ( 2.940234732799456463, 4.712388980384696779 ),
 .UNSPECIFIED. ) 
 CURVE ( )  GEOMETRIC_REPRESENTATION_ITEM ( )  RATIONAL_B_SPLINE_CURVE ( ( 1.000000000000000000, 0.7549703546891138872, 0.7549703546891138872, 1.000000000000000000 ) ) 
 REPRESENTATION_ITEM ( '' )  );
#1423 = ORIENTED_EDGE ( 'NONE', *, *, #1199, .T. ) ;
#1424 = CARTESIAN_POINT ( 'NONE',  ( 188.9969375305999790, 70.00000000000000000, 0.000000000000000000 ) ) ;
#1425 = VERTEX_POINT ( 'NONE', #1220 ) ;
#1426 = CYLINDRICAL_SURFACE ( 'NONE', #988, 15.00000000000000000 ) ;
#1427 = ADVANCED_FACE ( 'NONE', ( #83 ), #1474, .T. ) ;
#1428 = VERTEX_POINT ( 'NONE', #1294 ) ;
#1429 = DIRECTION ( 'NONE',  ( 0.000000000000000000, 0.000000000000000000, 1.000000000000000000 ) ) ;
#1430 = DIRECTION ( 'NONE',  ( -3.469446951953614189E-15, -1.000000000000000000, -6.982962677686267499E-15 ) ) ;
#1431 = CARTESIAN_POINT ( 'NONE',  ( 140.0071426749364036, 0.000000000000000000, -115.0071426749364178 ) ) ;
#1432 = ORIENTED_EDGE ( 'NONE', *, *, #1229, .F. ) ;
#1433 = VECTOR ( 'NONE', #1429, 1000.000000000000000 ) ;
#1434 = ORIENTED_EDGE ( 'NONE', *, *, #168, .T. ) ;
#1435 = CARTESIAN_POINT ( 'NONE',  ( 10.00000000000001243, -1.085460402444577033E-13, 22.91287847477919470 ) ) ;
#1436 = VECTOR ( 'NONE', #1171, 1000.000000000000000 ) ;
#1437 = EDGE_CURVE ( 'NONE', #268, #805, #702, .T. ) ;
#1438 = CARTESIAN_POINT ( 'NONE',  ( -13.13841407584983578, 2.693292854261382541, 21.27870237959136901 ) ) ;
#1439 = EDGE_CURVE ( 'NONE', #303, #225, #1047, .T. ) ;
#1440 = ORIENTED_EDGE ( 'NONE', *, *, #142, .F. ) ;
#1441 = CARTESIAN_POINT ( 'NONE',  ( 195.8369117929929644, 86.75444679663250724, 0.000000000000000000 ) ) ;
#1442 =( NAMED_UNIT ( * ) SI_UNIT ( $, .STERADIAN. ) SOLID_ANGLE_UNIT ( ) );
#1443 = CARTESIAN_POINT ( 'NONE',  ( 140.0071426749364036, 69.99999999999984368, -48.98979485566382408 ) ) ;
#1444 = CARTESIAN_POINT ( 'NONE',  ( 140.0071426749364036, 0.000000000000000000, -25.00000000000000000 ) ) ;
#1445 = DIRECTION ( 'NONE',  ( 1.000000000000000000, -3.430248998885767359E-15, -2.395330073438999309E-29 ) ) ;
#1446 = EDGE_LOOP ( 'NONE', ( #1516, #1035, #1434, #1158 ) ) ;
#1447 = FACE_OUTER_BOUND ( 'NONE', #752, .T. ) ;
#1448 = ORIENTED_EDGE ( 'NONE', *, *, #856, .F. ) ;
#1449 =( NAMED_UNIT ( * ) SI_UNIT ( $, .STERADIAN. ) SOLID_ANGLE_UNIT ( ) );
#1450 = CARTESIAN_POINT ( 'NONE',  ( -10.00000000000020428, 9.229794350007221482, 22.91287847477926221 ) ) ;
#1451 = CARTESIAN_POINT ( 'NONE',  ( -9.999999999999655387, 99.99999999999987210, 22.91287847477989459 ) ) ;
#1452 = ORIENTED_EDGE ( 'NONE', *, *, #1367, .T. ) ;
#1453 = FACE_OUTER_BOUND ( 'NONE', #985, .T. ) ;
#1454 = AXIS2_PLACEMENT_3D ( 'NONE', #348, #1411, #464 ) ;
#1455 = ORIENTED_EDGE ( 'NONE', *, *, #862, .F. ) ;
#1456 = CARTESIAN_POINT ( 'NONE',  ( 25.00000000000001066, 53.34936490538903087, -6.123233995736813417E-15 ) ) ;
#1457 = VECTOR ( 'NONE', #165, 1000.000000000000000 ) ;
#1458 = DIRECTION ( 'NONE',  ( -0.000000000000000000, -6.982962677686266711E-15, 1.000000000000000000 ) ) ;
#1459 = DIRECTION ( 'NONE',  ( 0.000000000000000000, 0.000000000000000000, 1.000000000000000000 ) ) ;
#1460 = CARTESIAN_POINT ( 'NONE',  ( -2.401174299220030998E-13, 69.99999999999984368, 0.000000000000000000 ) ) ;
#1461 = ORIENTED_EDGE ( 'NONE', *, *, #28, .F. ) ;
#1462 = ADVANCED_FACE ( 'NONE', ( #699 ), #1209, .T. ) ;
#1463 = CARTESIAN_POINT ( 'NONE',  ( -9.999999999999971578, 9.228463484993239874, -22.91287847477923734 ) ) ;
#1464 = ORIENTED_EDGE ( 'NONE', *, *, #1069, .F. ) ;
#1465 = CARTESIAN_POINT ( 'NONE',  ( 80.11961706395985061, 69.26102778014221428, -1.962364651725808271E-14 ) ) ;
#1466 = CARTESIAN_POINT ( 'NONE',  ( -3.460865168864449821E-13, 100.0000000000000284, -140.0071426749364036 ) ) ;
#1467 = FACE_OUTER_BOUND ( 'NONE', #695, .T. ) ;
#1468 = PRODUCT_DEFINITION_SHAPE ( 'NONE', 'NONE',  #962 ) ;
#1469 = ORIENTED_EDGE ( 'NONE', *, *, #729, .T. ) ;
#1470 = FACE_OUTER_BOUND ( 'NONE', #554, .T. ) ;
#1471 = VERTEX_POINT ( 'NONE', #1404 ) ;
#1472 = FILL_AREA_STYLE_COLOUR ( '', #253 ) ;
#1473 = EDGE_CURVE ( 'NONE', #512, #164, #35, .T. ) ;
#1474 = CYLINDRICAL_SURFACE ( 'NONE', #1362, 25.00000000000009237 ) ;
#1475 = CARTESIAN_POINT ( 'NONE',  ( 140.0071426749362331, 53.34936490538894560, -25.00000000000019895 ) ) ;
#1476 = CARTESIAN_POINT ( 'NONE',  ( 76.36049117592341418, 99.99999999999978684, 7.794466803471288939E-15 ) ) ;
#1477 = ORIENTED_EDGE ( 'NONE', *, *, #1095, .F. ) ;
#1478 = PLANE ( 'NONE',  #235 ) ;
#1479 = ORIENTED_EDGE ( 'NONE', *, *, #708, .F. ) ;
#1480 = LINE ( 'NONE', #461, #333 ) ;
#1481 = CARTESIAN_POINT ( 'NONE',  ( 5.916456789157588541E-28, 69.99999999999984368, -91.01734781927258666 ) ) ;
#1482 = CARTESIAN_POINT ( 'NONE',  ( 37.58728181243890987, 56.98300017677767215, 0.000000000000000000 ) ) ;
#1483 = EDGE_CURVE ( 'NONE', #826, #391, #481, .T. ) ;
#1484 = AXIS2_PLACEMENT_3D ( 'NONE', #917, #1355, #177 ) ;
#1485 = VECTOR ( 'NONE', #295, 1000.000000000000000 ) ;
#1486 = CARTESIAN_POINT ( 'NONE',  ( 10.00000000000017408, 49.99999999999997158, 3.491481338843130831E-13 ) ) ;
#1487 = PRODUCT_DEFINITION_FORMATION_WITH_SPECIFIED_SOURCE ( 'ANY', '', #1357, .NOT_KNOWN. ) ;
#1488 =( BOUNDED_CURVE ( )  B_SPLINE_CURVE ( 3, ( #1067, #480, #489, #1303 ),
 .UNSPECIFIED., .F., .F. ) 
 B_SPLINE_CURVE_WITH_KNOTS ( ( 4, 4 ),
 ( 2.940234732799456463, 4.712388980384696779 ),
 .UNSPECIFIED. ) 
 CURVE ( )  GEOMETRIC_REPRESENTATION_ITEM ( )  RATIONAL_B_SPLINE_CURVE ( ( 1.000000000000000000, 0.7549703546891138872, 0.7549703546891138872, 1.000000000000000000 ) ) 
 REPRESENTATION_ITEM ( '' )  );
#1489 = ORIENTED_EDGE ( 'NONE', *, *, #104, .F. ) ;
#1490 = CARTESIAN_POINT ( 'NONE',  ( -14.21023912480559659, 1.839953913305816924, -20.57138485343696743 ) ) ;
#1491 = EDGE_CURVE ( 'NONE', #97, #599, #793, .T. ) ;
#1492 = ORIENTED_EDGE ( 'NONE', *, *, #1155, .F. ) ;
#1493 = CARTESIAN_POINT ( 'NONE',  ( -25.00000000000037659, 53.34936490538886034, 3.061616997868406708E-15 ) ) ;
#1494 = LINE ( 'NONE', #401, #255 ) ;
#1495 = CARTESIAN_POINT ( 'NONE',  ( 48.98979485566351144, 69.99999999999985789, -140.0071426749364036 ) ) ;
#1496 = CARTESIAN_POINT ( 'NONE',  ( -25.00000000000022737, -53.34936490538920850, 49.99999999999988631 ) ) ;
#1497 = FACE_OUTER_BOUND ( 'NONE', #357, .T. ) ;
#1498 = CARTESIAN_POINT ( 'NONE',  ( 48.98979485566351144, 69.99999999999985789, 97.97958971132749184 ) ) ;
#1499 = ADVANCED_BREP_SHAPE_REPRESENTATION ( '', ( #537, #893 ), #11 ) ;
#1500 = PRODUCT ( 'N308-S09P4B-Ellipsoids--Rxy_50--Rz_25--S_198_boxes_noBase', 'N308-S09P4B-Ellipsoids--Rxy_50--Rz_25--S_198_boxes_noBase', '', ( #1391 ) ) ;
#1501 = ORIENTED_EDGE ( 'NONE', *, *, #561, .F. ) ;
#1502 = CARTESIAN_POINT ( 'NONE',  ( 25.00000000000000711, 53.34936490538902376, -140.0071426749364036 ) ) ;
#1503 = CARTESIAN_POINT ( 'NONE',  ( 59.88752561097609117, 69.26102778014163164, -140.0071426749364036 ) ) ;
#1504 = DIRECTION ( 'NONE',  ( 1.000000000000000000, 3.399349888776277871E-15, 0.000000000000000000 ) ) ;
#1505 = CYLINDRICAL_SURFACE ( 'NONE', #1517, 25.00000000000009237 ) ;
#1506 = CYLINDRICAL_SURFACE ( 'NONE', #571, 25.00000000000007816 ) ;
#1507 = CARTESIAN_POINT ( 'NONE',  ( 16.42524151128000653, 0.6433936681983191130, -18.86156530485200022 ) ) ;
#1508 = ADVANCED_FACE ( 'NONE', ( #1054 ), #838, .T. ) ;
#1509 = EDGE_LOOP ( 'NONE', ( #746, #850, #1258, #730 ) ) ;
#1510 = LINE ( 'NONE', #468, #375 ) ;
#1511 = CARTESIAN_POINT ( 'NONE',  ( 91.01734781927230244, 69.99999999999967315, -237.9867323862639523 ) ) ;
#1512 = CARTESIAN_POINT ( 'NONE',  ( 48.98979485566356828, 69.99999999999984368, 0.000000000000000000 ) ) ;
#1513 = VECTOR ( 'NONE', #1347, 1000.000000000000000 ) ;
#1514 = CARTESIAN_POINT ( 'NONE',  ( 200.0071426749363468, 0.000000000000000000, 0.000000000000000000 ) ) ;
#1515 = VECTOR ( 'NONE', #656, 1000.000000000000000 ) ;
#1516 = ORIENTED_EDGE ( 'NONE', *, *, #369, .F. ) ;
#1517 = AXIS2_PLACEMENT_3D ( 'NONE', #111, #578, #1014 ) ;
#1518 = DIRECTION ( 'NONE',  ( 1.000000000000000000, -3.330669073875445167E-15, -2.366582715663018040E-29 ) ) ;
#1519 = VERTEX_POINT ( 'NONE', #101 ) ;
#1520 = CARTESIAN_POINT ( 'NONE',  ( 220.1267597388963395, 69.26102778014220007, 20.23209145298379497 ) ) ;
#1521 = CARTESIAN_POINT ( 'NONE',  ( 10.08812750137404990, 8.470289305207968411, 22.87501038207025061 ) ) ;
#1522 = CARTESIAN_POINT ( 'NONE',  ( -3.399632828907084266E-13, -99.99999999999998579, -7.044195017643631760E-13 ) ) ;
#1523 = VERTEX_POINT ( 'NONE', #1397 ) ;
#1524 = DIRECTION ( 'NONE',  ( 3.430248998885766964E-15, 1.000000000000000000, 6.982962677686266711E-15 ) ) ;
#1525 = NEXT_ASSEMBLY_USAGE_OCCURRENCE ( 'NAUO1', ' ', ' ', #162, #962, $ ) ;
#1526 = NEXT_ASSEMBLY_USAGE_OCCURRENCE ( 'NAUO2', ' ', ' ', #162, #916, $ ) ;
ENDSEC;
END-ISO-10303-21;
