ISO-10303-21;
HEADER;
FILE_DESCRIPTION (( 'STEP AP214' ),
    '1' );
FILE_NAME ('N604_base.STEP',
    '2026-01-16T02:02:31',
    ( '' ),
    ( '' ),
    'SwSTEP 2.0',
    'SolidWorks 2024',
    '' );
FILE_SCHEMA (( 'AUTOMOTIVE_DESIGN' ));
ENDSEC;

DATA;
#1 = DIRECTION ( 'NONE',  ( 3.430248998885766176E-15, -1.000000000000000000, -0.000000000000000000 ) ) ;
#2 = ORIENTED_EDGE ( 'NONE', *, *, #2394, .T. ) ;
#3 = DIRECTION ( 'NONE',  ( 0.000000000000000000, 0.000000000000000000, 1.000000000000000000 ) ) ;
#4 = CARTESIAN_POINT ( 'NONE',  ( 144.1011419847074251, 124.7949433924336233, 2.499999999999972022 ) ) ;
#5 = CARTESIAN_POINT ( 'NONE',  ( -44.76116591397830291, 97.15430560888151490, 2.500000000000005773 ) ) ;
#6 = ORIENTED_EDGE ( 'NONE', *, *, #972, .T. ) ;
#7 = CARTESIAN_POINT ( 'NONE',  ( 2.499999999999687805, 99.27377170997021949, -96.25242027249852583 ) ) ;
#8 = CARTESIAN_POINT ( 'NONE',  ( -49.78482002937025186, 78.98169942736777216, -2.499999999999992450 ) ) ;
#9 = CARTESIAN_POINT ( 'NONE',  ( 46.94473504588764001, 92.04633637176276295, -137.5071426749364321 ) ) ;
#10 = EDGE_CURVE ( 'NONE', #1672, #2466, #1595, .T. ) ;
#11 = ORIENTED_EDGE ( 'NONE', *, *, #1890, .T. ) ;
#12 = AXIS2_PLACEMENT_3D ( 'NONE', #2513, #3221, #976 ) ;
#13 = AXIS2_PLACEMENT_3D ( 'NONE', #1915, #1631, #2922 ) ;
#14 = VECTOR ( 'NONE', #2157, 1000.000000000000000 ) ;
#15 = DIRECTION ( 'NONE',  ( 1.000000000000000000, 3.430248998885766176E-15, 0.000000000000000000 ) ) ;
#16 = CARTESIAN_POINT ( 'NONE',  ( 134.3312486212892907, 124.6393548566891525, -142.5071426749364321 ) ) ;
#17 = CARTESIAN_POINT ( 'NONE',  ( -2.500000000000215383, 74.99999999999985789, 0.000000000000000000 ) ) ;
#18 = ORIENTED_EDGE ( 'NONE', *, *, #1697, .F. ) ;
#19 = CARTESIAN_POINT ( 'NONE',  ( -2.500000000000215383, 74.99999999999977263, -2.499999999999999556 ) ) ;
#20 = CARTESIAN_POINT ( 'NONE',  ( 166.4438113610946459, 117.3731783433124463, 2.499999999999991562 ) ) ;
#21 = CARTESIAN_POINT ( 'NONE',  ( 29.44651009771306960, 102.8744685292336953, -188.8358262899334932 ) ) ;
#22 = CARTESIAN_POINT ( 'NONE',  ( 2.499999999999648281, 116.0625525579282282, -111.5775342746435399 ) ) ;
#23 = CARTESIAN_POINT ( 'NONE',  ( -2.500000000000260236, 90.53893995811445450, -92.54213369773287923 ) ) ;
#24 = CARTESIAN_POINT ( 'NONE',  ( -2.500000000000338396, 104.5573351570814111, -180.2886594413208456 ) ) ;
#25 = ORIENTED_EDGE ( 'NONE', *, *, #1964, .T. ) ;
#26 = ADVANCED_FACE ( 'NONE', ( #1098 ), #342, .F. ) ;
#27 = CARTESIAN_POINT ( 'NONE',  ( 143.0910391504089603, 124.9046433086420080, -140.1342598090233196 ) ) ;
#28 = DIRECTION ( 'NONE',  ( 3.430248998885766176E-15, -1.000000000000000000, -0.000000000000000000 ) ) ;
#29 = CARTESIAN_POINT ( 'NONE',  ( 142.5071426749360342, 107.0295737201738291, -38.32080659657560773 ) ) ;
#30 = EDGE_CURVE ( 'NONE', #2987, #1434, #1074, .T. ) ;
#31 = CARTESIAN_POINT ( 'NONE',  ( 142.5071426749360910, 108.2291978768624858, -177.2925046735616377 ) ) ;
#32 = ORIENTED_EDGE ( 'NONE', *, *, #602, .F. ) ;
#33 = VERTEX_POINT ( 'NONE', #598 ) ;
#34 = CARTESIAN_POINT ( 'NONE',  ( 142.5071426749361194, 90.53893995811486661, -92.54213369773303555 ) ) ;
#35 = DIRECTION ( 'NONE',  ( -1.000000000000000000, 0.000000000000000000, -0.000000000000000000 ) ) ;
#36 = CARTESIAN_POINT ( 'NONE',  ( 24.87468592766549591, 8.532636650097244023E-14, -137.5071426749364036 ) ) ;
#37 = CARTESIAN_POINT ( 'NONE',  ( 49.63423530813729201, 81.33236206956006242, -2.499999999999974243 ) ) ;
#38 = AXIS2_PLACEMENT_3D ( 'NONE', #2251, #990, #747 ) ;
#39 = VECTOR ( 'NONE', #2845, 1000.000000000000000 ) ;
#40 = CARTESIAN_POINT ( 'NONE',  ( 2.499999999999617195, 124.1585152715968263, -131.1853151140363423 ) ) ;
#41 = CARTESIAN_POINT ( 'NONE',  ( -59.99999999999873523, 74.99999999999961631, -200.0071426749364036 ) ) ;
#42 = CARTESIAN_POINT ( 'NONE',  ( 2.499999999999527489, 150.0000000000000000, -140.0071426749364036 ) ) ;
#43 = VERTEX_POINT ( 'NONE', #865 ) ;
#44 = VECTOR ( 'NONE', #886, 1000.000000000000000 ) ;
#45 = CARTESIAN_POINT ( 'NONE',  ( 1.272928738745432442, 123.1839438782808287, -109.1255429665661154 ) ) ;
#46 = CARTESIAN_POINT ( 'NONE',  ( 4.412478072883800904E-28, 74.99999999999987210, -2.499999999999999556 ) ) ;
#47 = CARTESIAN_POINT ( 'NONE',  ( -49.93746088859596455, 74.99999999999964473, 2.500000000000005773 ) ) ;
#48 = CARTESIAN_POINT ( 'NONE',  ( 142.5071426749361194, 78.98169942736842586, -189.7919627043063144 ) ) ;
#49 = ORIENTED_EDGE ( 'NONE', *, *, #2790, .F. ) ;
#50 = EDGE_CURVE ( 'NONE', #1606, #443, #1864, .T. ) ;
#51 = EDGE_LOOP ( 'NONE', ( #1468, #104, #1041, #2499, #2015 ) ) ;
#52 = CARTESIAN_POINT ( 'NONE',  ( 2.059233873801459502, 102.8744685292335674, -49.95757756189769339 ) ) ;
#53 = CARTESIAN_POINT ( 'NONE',  ( -2.059233873802015058, 74.99999999999980105, -90.04956511303879552 ) ) ;
#54 = EDGE_CURVE ( 'NONE', #1949, #1454, #2538, .T. ) ;
#55 = CARTESIAN_POINT ( 'NONE',  ( 138.1894006398502199, 124.9046433086420222, 3.014209508371477941 ) ) ;
#56 = LINE ( 'NONE', #2345, #225 ) ;
#57 = CARTESIAN_POINT ( 'NONE',  ( 2.499999999999752642, 81.33236206955989189, -90.37290736679887004 ) ) ;
#58 = DIRECTION ( 'NONE',  ( -3.430248998885766176E-15, 1.000000000000000000, 0.000000000000000000 ) ) ;
#59 = CARTESIAN_POINT ( 'NONE',  ( 25.75542838702289927, 117.7906337582923868, -137.5071426749364036 ) ) ;
#60 = ORIENTED_EDGE ( 'NONE', *, *, #3225, .F. ) ;
#61 = CARTESIAN_POINT ( 'NONE',  ( 110.5606325772225631, 102.8744685292336385, -188.8358262899335500 ) ) ;
#62 = CARTESIAN_POINT ( 'NONE',  ( 90.22232264556620862, 78.98169942736777216, -137.5071426749364036 ) ) ;
#63 = DIRECTION ( 'NONE',  ( 3.430248998885766176E-15, -1.000000000000000000, -0.000000000000000000 ) ) ;
#64 = CARTESIAN_POINT ( 'NONE',  ( 91.57205128529996330, 87.55818389890316666, -2.499999999999990674 ) ) ;
#65 = EDGE_LOOP ( 'NONE', ( #60, #1661, #915, #1769, #1124, #1420, #2421, #1656 ) ) ;
#66 = CARTESIAN_POINT ( 'NONE',  ( -2.500000000000336176, 107.0295737201736301, -38.32080659657575694 ) ) ;
#67 = CARTESIAN_POINT ( 'NONE',  ( 3.083896475472573950, 124.9046433086420222, -0.1271171340868900435 ) ) ;
#68 = PLANE ( 'NONE',  #2291 ) ;
#69 = CARTESIAN_POINT ( 'NONE',  ( -30.88159970837072876, 123.1839438782807434, -138.7342139361905993 ) ) ;
#70 = EDGE_CURVE ( 'NONE', #1742, #1488, #2865, .T. ) ;
#71 = FACE_OUTER_BOUND ( 'NONE', #597, .T. ) ;
#72 = CARTESIAN_POINT ( 'NONE',  ( 140.0071426749358920, 150.0000000000000000, -142.5071426749364036 ) ) ;
#73 = VECTOR ( 'NONE', #2246, 1000.000000000000000 ) ;
#74 = CARTESIAN_POINT ( 'NONE',  ( -2.500000000000364153, 116.0625525579282140, -111.5775342746436110 ) ) ;
#75 = CARTESIAN_POINT ( 'NONE',  ( 28.42960840029248004, 116.0625525579283561, -137.5071426749364321 ) ) ;
#76 = ORIENTED_EDGE ( 'NONE', *, *, #1678, .F. ) ;
#77 = AXIS2_PLACEMENT_3D ( 'NONE', #1621, #119, #1371 ) ;
#78 = LINE ( 'NONE', #514, #2130 ) ;
#79 = CARTESIAN_POINT ( 'NONE',  ( 105.9993209773340510, 111.7065120298387484, -137.5071426749364036 ) ) ;
#80 = CARTESIAN_POINT ( 'NONE',  ( 142.5071426749361478, 82.92036067641920738, -49.33048653668156902 ) ) ;
#81 = CARTESIAN_POINT ( 'NONE',  ( 137.5071426749361763, 75.00000000000025580, -142.5071426749364036 ) ) ;
#82 = EDGE_LOOP ( 'NONE', ( #527, #753, #2433 ) ) ;
#83 = CARTESIAN_POINT ( 'NONE',  ( -2.500000000000305089, 94.99269237210893380, -45.76762541531938666 ) ) ;
#84 = CARTESIAN_POINT ( 'NONE',  ( -29.44651009771362737, 74.99999999999970157, -188.8358262899333795 ) ) ;
#85 = CARTESIAN_POINT ( 'NONE',  ( -30.18376661311720710, 123.1839438782807576, -121.8045919904206755 ) ) ;
#86 = CARTESIAN_POINT ( 'NONE',  ( 2.499999999999640732, 113.7721276588418107, -171.6356610733913044 ) ) ;
#87 = DIRECTION ( 'NONE',  ( 0.000000000000000000, 1.000000000000000000, 0.000000000000000000 ) ) ;
#88 = EDGE_CURVE ( 'NONE', #3224, #2598, #610, .T. ) ;
#89 = CARTESIAN_POINT ( 'NONE',  ( 189.9446035635318424, 78.19200113037184963, -2.499999999999997335 ) ) ;
#90 = CARTESIAN_POINT ( 'NONE',  ( -2.500000000000332179, 103.2567445005946070, -98.80287321637581499 ) ) ;
#91 = CARTESIAN_POINT ( 'NONE',  ( -2.500000000000472955, 150.0000000000000000, -137.5071426749364036 ) ) ;
#92 = EDGE_LOOP ( 'NONE', ( #996, #1114, #1543 ) ) ;
#93 = AXIS2_PLACEMENT_3D ( 'NONE', #2173, #355, #2352 ) ;
#94 = CARTESIAN_POINT ( 'NONE',  ( 2.499999999999672706, 106.4294357334342607, 38.81462694712023165 ) ) ;
#95 = DIRECTION ( 'NONE',  ( -1.000000000000000000, -3.430248998885766176E-15, 0.000000000000000000 ) ) ;
#96 = DIRECTION ( 'NONE',  ( 0.000000000000000000, 0.000000000000000000, -1.000000000000000000 ) ) ;
#97 = CARTESIAN_POINT ( 'NONE',  ( 158.2096933594517054, 123.1839438782809424, 30.18376661311669196 ) ) ;
#98 = VERTEX_POINT ( 'NONE', #2440 ) ;
#99 = ORIENTED_EDGE ( 'NONE', *, *, #2090, .T. ) ;
#100 = CARTESIAN_POINT ( 'NONE',  ( -30.88159970837070034, 123.1839438782807434, 1.272928738745843447 ) ) ;
#101 = LINE ( 'NONE', #329, #427 ) ;
#102 = DIRECTION ( 'NONE',  ( 0.000000000000000000, 0.000000000000000000, 1.000000000000000000 ) ) ;
#103 = CARTESIAN_POINT ( 'NONE',  ( 4.412478072883800904E-28, 74.99999999999987210, -2.499999999999999556 ) ) ;
#104 = ORIENTED_EDGE ( 'NONE', *, *, #330, .F. ) ;
#105 = VECTOR ( 'NONE', #500, 1000.000000000000000 ) ;
#106 = CARTESIAN_POINT ( 'NONE',  ( 2.499999999999619416, 124.2927734263730031, 8.037704840444732213 ) ) ;
#107 = PLANE ( 'NONE',  #579 ) ;
#108 = LINE ( 'NONE', #1111, #2340 ) ;
#109 = EDGE_CURVE ( 'NONE', #687, #1527, #2287, .T. ) ;
#110 = CARTESIAN_POINT ( 'NONE',  ( 105.9993209773340368, 111.7065120298387200, -2.499999999999999112 ) ) ;
#111 = ORIENTED_EDGE ( 'NONE', *, *, #2568, .F. ) ;
#112 = CIRCLE ( 'NONE', #1870, 25.00000000000025935 ) ;
#113 = CARTESIAN_POINT ( 'NONE',  ( -2.500000000000345057, 106.4192685746612597, -38.82268957556210864 ) ) ;
#114 = CARTESIAN_POINT ( 'NONE',  ( -18.20255068451616509, 123.1839438782808003, -170.1909092880531205 ) ) ;
#115 = LINE ( 'NONE', #3111, #44 ) ;
#116 = VECTOR ( 'NONE', #3006, 1000.000000000000000 ) ;
#117 = CARTESIAN_POINT ( 'NONE',  ( 11.16534080582828636, 123.6797482769718926, -2.500000000000011546 ) ) ;
#118 = PRODUCT_CONTEXT ( 'NONE', #2211, 'mechanical' ) ;
#119 = DIRECTION ( 'NONE',  ( -3.430248998885766176E-15, 1.000000000000000000, 0.000000000000000000 ) ) ;
#120 = EDGE_LOOP ( 'NONE', ( #2163, #1905, #1989 ) ) ;
#121 = DIRECTION ( 'NONE',  ( 0.000000000000000000, 0.000000000000000000, -1.000000000000000000 ) ) ;
#122 = CARTESIAN_POINT ( 'NONE',  ( 136.9929331665648249, 124.9046433086420222, -138.1894006398508452 ) ) ;
#123 = CARTESIAN_POINT ( 'NONE',  ( -2.500000000000386358, 124.8748433581500166, -2.499999999999999556 ) ) ;
#124 = LINE ( 'NONE', #1879, #1217 ) ;
#125 = ORIENTED_EDGE ( 'NONE', *, *, #1926, .F. ) ;
#126 = ADVANCED_FACE ( 'NONE', ( #128 ), #1257, .T. ) ;
#127 = EDGE_CURVE ( 'NONE', #645, #696, #759, .T. ) ;
#128 = FACE_OUTER_BOUND ( 'NONE', #1046, .T. ) ;
#129 = LINE ( 'NONE', #635, #2020 ) ;
#130 = DIRECTION ( 'NONE',  ( -0.000000000000000000, -1.000000000000000000, -0.000000000000000000 ) ) ;
#131 = CARTESIAN_POINT ( 'NONE',  ( 140.0071426749364036, -20.00000000000000000, -0.000000000000000000 ) ) ;
#132 = CARTESIAN_POINT ( 'NONE',  ( 186.6739209047078134, 92.79299248140515033, 2.500000000000000000 ) ) ;
#133 = DIRECTION ( 'NONE',  ( 0.000000000000000000, 0.000000000000000000, -1.000000000000000000 ) ) ;
#134 = CARTESIAN_POINT ( 'NONE',  ( 48.37322329338492466, 87.50161034606419719, 2.499999999999944045 ) ) ;
#135 = CARTESIAN_POINT ( 'NONE',  ( 0.000000000000000000, -20.00000000000000000, 60.00000000000003553 ) ) ;
#136 = ORIENTED_EDGE ( 'NONE', *, *, #1772, .F. ) ;
#137 = CARTESIAN_POINT ( 'NONE',  ( 2.499999999999653166, 111.6934866489466884, 34.01924272470490962 ) ) ;
#138 = CARTESIAN_POINT ( 'NONE',  ( -3.242096441448501874E-21, 74.99999999999984368, 0.000000000000000000 ) ) ;
#139 = CARTESIAN_POINT ( 'NONE',  ( 137.5071426749360910, 107.0455866223965984, 38.30744002835049145 ) ) ;
#140 = CARTESIAN_POINT ( 'NONE',  ( 48.74336208377960133, 85.96864548476453649, -142.5071426749363468 ) ) ;
#141 = VERTEX_POINT ( 'NONE', #178 ) ;
#142 = AXIS2_PLACEMENT_3D ( 'NONE', #1589, #1330, #2319 ) ;
#143 = AXIS2_PLACEMENT_3D ( 'NONE', #2356, #1612, #1298 ) ;
#144 = CARTESIAN_POINT ( 'NONE',  ( 137.5071426749360626, 103.2747571694206812, -181.1988849539432920 ) ) ;
#145 = DIRECTION ( 'NONE',  ( 0.000000000000000000, 0.000000000000000000, 1.000000000000000000 ) ) ;
#146 = DIRECTION ( 'NONE',  ( 0.000000000000000000, 0.000000000000000000, 1.000000000000000000 ) ) ;
#147 = CARTESIAN_POINT ( 'NONE',  ( 140.0071426749358920, 150.0000000000000000, -142.5071426749364036 ) ) ;
#148 = EDGE_LOOP ( 'NONE', ( #1953, #2446, #25 ) ) ;
#149 = CARTESIAN_POINT ( 'NONE',  ( 176.7457567923046042, 108.8326382375257566, -2.500000000000013767 ) ) ;
#150 = EDGE_CURVE ( 'NONE', #1261, #305, #2176, .T. ) ;
#151 = CARTESIAN_POINT ( 'NONE',  ( 142.5071426749361763, 74.99999999999988631, 0.000000000000000000 ) ) ;
#152 = CARTESIAN_POINT ( 'NONE',  ( 22.29293092970164025, 119.7130273605285140, 2.500000000000001776 ) ) ;
#153 = CARTESIAN_POINT ( 'NONE',  ( 2.500000000000041744, 8.575622497214504383E-15, -140.0071426749364036 ) ) ;
#154 = VERTEX_POINT ( 'NONE', #2934 ) ;
#155 = CARTESIAN_POINT ( 'NONE',  ( 2.499999999999624301, 117.7906337582922873, 25.75542838702325810 ) ) ;
#156 = CARTESIAN_POINT ( 'NONE',  ( 137.5071426749361763, 82.92036067641876684, -49.33048653668165429 ) ) ;
#157 = CARTESIAN_POINT ( 'NONE',  ( 137.5071426749360626, 124.1585152715967837, 8.821827560900024068 ) ) ;
#158 = CARTESIAN_POINT ( 'NONE',  ( -49.93746088859596455, 74.99999999999970157, -2.499999999999999556 ) ) ;
#159 = ORIENTED_EDGE ( 'NONE', *, *, #1830, .F. ) ;
#160 = CARTESIAN_POINT ( 'NONE',  ( 140.1342598090228648, 124.9046433086420080, -3.083896475472995391 ) ) ;
#161 = DIRECTION ( 'NONE',  ( -3.430248998885766176E-15, 1.000000000000000000, 0.000000000000000000 ) ) ;
#162 = CARTESIAN_POINT ( 'NONE',  ( -2.500000000000215383, 74.99999999999985789, -49.93746088859571586 ) ) ;
#163 = FACE_OUTER_BOUND ( 'NONE', #2272, .T. ) ;
#164 = ORIENTED_EDGE ( 'NONE', *, *, #1133, .T. ) ;
#165 = CARTESIAN_POINT ( 'NONE',  ( 148.8289702358359818, 124.1585152715968974, -2.499999999999991562 ) ) ;
#166 = CARTESIAN_POINT ( 'NONE',  ( -47.55153095458361179, 90.57757234694285842, -142.5071426749363752 ) ) ;
#167 = VECTOR ( 'NONE', #3093, 1000.000000000000000 ) ;
#168 = VECTOR ( 'NONE', #767, 1000.000000000000000 ) ;
#169 = ADVANCED_FACE ( 'NONE', ( #948 ), #1941, .F. ) ;
#170 = DIRECTION ( 'NONE',  ( 1.000000000000000000, 0.000000000000000000, 0.000000000000000000 ) ) ;
#171 = CARTESIAN_POINT ( 'NONE',  ( 137.5071426749364605, -8.575622497214327678E-15, -140.0071426749364036 ) ) ;
#172 = ORIENTED_EDGE ( 'NONE', *, *, #1984, .F. ) ;
#173 = CARTESIAN_POINT ( 'NONE',  ( 129.6142720712440450, 123.8697370969314591, 2.499999999999994671 ) ) ;
#174 = CARTESIAN_POINT ( 'NONE',  ( 137.5071426749361194, 90.57757234694301474, -47.55153095458330625 ) ) ;
#175 = CARTESIAN_POINT ( 'NONE',  ( 137.5071426749360342, 117.3731783433123468, 26.43666868615864374 ) ) ;
#176 = CARTESIAN_POINT ( 'NONE',  ( 15.02723617137704792, 122.7289829659501663, -142.5071426749364605 ) ) ;
#177 = ORIENTED_EDGE ( 'NONE', *, *, #1964, .F. ) ;
#178 = CARTESIAN_POINT ( 'NONE',  ( -2.500000000000215383, 74.99999999999985789, -189.9446035635321266 ) ) ;
#179 = CARTESIAN_POINT ( 'NONE',  ( -4.092564385417507999, 124.7950153186923075, -137.5071426749364036 ) ) ;
#180 = CIRCLE ( 'NONE', #2740, 24.99999999999999289 ) ;
#181 = DIRECTION ( 'NONE',  ( -1.000000000000000000, 0.000000000000000000, -0.000000000000000000 ) ) ;
#182 = DIRECTION ( 'NONE',  ( 0.000000000000000000, 0.000000000000000000, 1.000000000000000000 ) ) ;
#183 = VERTEX_POINT ( 'NONE', #2734 ) ;
#184 = CARTESIAN_POINT ( 'NONE',  ( -2.500000000000216271, 74.99999999999980105, 49.93746088859571586 ) ) ;
#185 = ORIENTED_EDGE ( 'NONE', *, *, #1951, .T. ) ;
#186 = DIRECTION ( 'NONE',  ( 0.000000000000000000, 0.000000000000000000, -1.000000000000000000 ) ) ;
#187 = CARTESIAN_POINT ( 'NONE',  ( 4.093999309771131578, 124.7949433924335807, 2.499999999999998224 ) ) ;
#188 = VERTEX_POINT ( 'NONE', #2700 ) ;
#189 = EDGE_CURVE ( 'NONE', #1454, #1593, #1141, .T. ) ;
#190 = CARTESIAN_POINT ( 'NONE',  ( -2.500000000000250022, 85.96864548476433754, 48.74336208377988555 ) ) ;
#191 = CARTESIAN_POINT ( 'NONE',  ( 109.8233760618194168, 123.1839438782809850, -121.8045919904207608 ) ) ;
#192 = CARTESIAN_POINT ( 'NONE',  ( 142.5071426749362047, 92.79299248140507927, 46.66677822977175083 ) ) ;
#193 = DIRECTION ( 'NONE',  ( -3.430248998885766176E-15, 1.000000000000000000, 0.000000000000000000 ) ) ;
#194 = ORIENTED_EDGE ( 'NONE', *, *, #2354, .T. ) ;
#195 = CARTESIAN_POINT ( 'NONE',  ( 137.5071426749360626, 106.4192685746613876, -178.8298322504983560 ) ) ;
#196 = CARTESIAN_POINT ( 'NONE',  ( 103.2562635411857315, 108.8194804147295116, -142.5071426749364889 ) ) ;
#197 = CARTESIAN_POINT ( 'NONE',  ( -5.145373498328649177E-13, 150.0000000000000000, -142.5071426749364036 ) ) ;
#198 = CARTESIAN_POINT ( 'NONE',  ( 2.499999999999613642, 124.8748433581500450, -2.499999999999999556 ) ) ;
#199 = VECTOR ( 'NONE', #256, 1000.000000000000000 ) ;
#200 = EDGE_LOOP ( 'NONE', ( #1553, #1256, #2737 ) ) ;
#201 = CARTESIAN_POINT ( 'NONE',  ( 188.7505047587158913, 85.96864548476493439, -2.499999999999968026 ) ) ;
#202 = ORIENTED_EDGE ( 'NONE', *, *, #330, .T. ) ;
#203 = DIRECTION ( 'NONE',  ( 0.000000000000000000, 1.000000000000000000, -0.000000000000000000 ) ) ;
#204 = CARTESIAN_POINT ( 'NONE',  ( -27.79282004475367884, 116.5184527502976124, 2.499999999999995115 ) ) ;
#205 = ORIENTED_EDGE ( 'NONE', *, *, #1715, .F. ) ;
#206 = CARTESIAN_POINT ( 'NONE',  ( 99.72562590855179110, 104.5573351570814253, 2.499999999999998224 ) ) ;
#207 = CARTESIAN_POINT ( 'NONE',  ( 142.5071426749360910, 87.50161034606452404, 48.37322329338512361 ) ) ;
#208 = ADVANCED_FACE ( 'NONE', ( #965 ), #1749, .T. ) ;
#209 = DIRECTION ( 'NONE',  ( 3.430248998885766176E-15, -1.000000000000000000, -0.000000000000000000 ) ) ;
#210 = ORIENTED_EDGE ( 'NONE', *, *, #1498, .T. ) ;
#211 = ADVANCED_FACE ( 'NONE', ( #2018 ), #3209, .F. ) ;
#212 = CARTESIAN_POINT ( 'NONE',  ( 183.7618650773738125, 99.27377170997063160, -142.5071426749364036 ) ) ;
#213 = CARTESIAN_POINT ( 'NONE',  ( -46.08102517350454264, 94.25922629496567140, -137.5071426749364321 ) ) ;
#214 = CARTESIAN_POINT ( 'NONE',  ( 142.5071426749361478, 96.44085474756525400, -185.1144927648783494 ) ) ;
#215 = CARTESIAN_POINT ( 'NONE',  ( 2.499999999999715783, 103.2747571694204254, -41.19174227900705176 ) ) ;
#216 = ADVANCED_FACE ( 'NONE', ( #1279 ), #1248, .T. ) ;
#217 = ORIENTED_EDGE ( 'NONE', *, *, #1276, .F. ) ;
#218 = CIRCLE ( 'NONE', #2941, 24.99999999999999289 ) ;
#219 = CARTESIAN_POINT ( 'NONE',  ( 142.5071426749360057, 124.7949433924336091, -135.9131433651648138 ) ) ;
#220 = VERTEX_POINT ( 'NONE', #1010 ) ;
#221 = CARTESIAN_POINT ( 'NONE',  ( 49.95757756189733811, 102.8744685292337380, 2.059233873801795234 ) ) ;
#222 = B_SPLINE_CURVE_WITH_KNOTS ( 'NONE', 3,
 ( #444, #2146, #1452, #2447, #1121, #2115, #2871, #621, #132, #1632, #2624, #379, #1384, #2377, #1136, #2889, #2233, #756, #1471, #2201, #463, #20, #3232, #2753, #3201, #2725, #493, #2467, #1963, #1950, #1728, #3216, #4, #2739 ),
 .UNSPECIFIED., .F., .F.,
 ( 4, 2, 2, 2, 2, 2, 2, 2, 2, 2, 2, 2, 2, 2, 2, 2, 4 ),
 ( 5.338891568193821880E-16, 0.009440086100413216247, 0.01416012915061953641, 0.01652015067572268348, 0.01888017220082583575, 0.02832025830123854893, 0.03304030135144490204, 0.03540032287654808207, 0.03776034440165125516, 0.04720043050206402385, 0.04956045202716723858, 0.05192047355227046024, 0.05664051660247699377, 0.06608060270289012328, 0.06844062422799340739, 0.07080064575309670538, 0.07552068880330327361 ),
 .UNSPECIFIED. ) ;
#223 = CARTESIAN_POINT ( 'NONE',  ( 3.014209508370975676, 124.9046433086420222, -141.8248847100221894 ) ) ;
#224 = VERTEX_POINT ( 'NONE', #1957 ) ;
#225 = VECTOR ( 'NONE', #1053, 1000.000000000000000 ) ;
#226 = CARTESIAN_POINT ( 'NONE',  ( 90.22232264556623704, 78.98169942736829796, 2.500000000000009326 ) ) ;
#227 = CARTESIAN_POINT ( 'NONE',  ( -37.28536199862575273, 108.2291978768620879, -2.499999999999990230 ) ) ;
#228 = CARTESIAN_POINT ( 'NONE',  ( 140.0071426749361763, 74.99999999999982947, 0.000000000000000000 ) ) ;
#229 = ORIENTED_EDGE ( 'NONE', *, *, #50, .F. ) ;
#230 = CARTESIAN_POINT ( 'NONE',  ( 189.6413779830737099, 81.33236206956057401, -142.5071426749364036 ) ) ;
#231 = CARTESIAN_POINT ( 'NONE',  ( -38.32080659657619037, 107.0295737201734880, -137.5071426749363468 ) ) ;
#232 = CARTESIAN_POINT ( 'NONE',  ( 142.5071426749361763, 94.99269237210923222, -185.7747680902557477 ) ) ;
#233 = CARTESIAN_POINT ( 'NONE',  ( 2.499999999999712230, 94.99269237210886274, -45.76762541531938666 ) ) ;
#234 = EDGE_CURVE ( 'NONE', #2755, #518, #608, .T. ) ;
#235 = ORIENTED_EDGE ( 'NONE', *, *, #601, .T. ) ;
#236 = CARTESIAN_POINT ( 'NONE',  ( 142.5071426749360342, 117.7906337582923868, -114.2517142879132876 ) ) ;
#237 = CARTESIAN_POINT ( 'NONE',  ( 186.6739209047078702, 92.79299248140520717, -137.5071426749364321 ) ) ;
#238 = CARTESIAN_POINT ( 'NONE',  ( 142.5071426749361763, 74.99999999999988631, -140.0071426749364036 ) ) ;
#239 = CARTESIAN_POINT ( 'NONE',  ( 48.82868361499667031, 75.00000000000000000, -169.4536527726497752 ) ) ;
#240 = ORIENTED_EDGE ( 'NONE', *, *, #2594, .F. ) ;
#241 = CARTESIAN_POINT ( 'NONE',  ( 90.45032700263259073, 81.35617519959065191, 2.500000000000008882 ) ) ;
#242 = CARTESIAN_POINT ( 'NONE',  ( 142.5071426749359205, 121.6865660148363446, 18.00091371185380495 ) ) ;
#243 = PLANE ( 'NONE',  #2774 ) ;
#244 = ORIENTED_EDGE ( 'NONE', *, *, #2086, .F. ) ;
#245 = CARTESIAN_POINT ( 'NONE',  ( 162.3000736046379302, 119.7130273605286135, -142.5071426749364889 ) ) ;
#246 = AXIS2_PLACEMENT_3D ( 'NONE', #3039, #568, #1067 ) ;
#247 = DIRECTION ( 'NONE',  ( -3.430248998885766176E-15, 1.000000000000000000, 0.000000000000000000 ) ) ;
#248 = CARTESIAN_POINT ( 'NONE',  ( 1.470826024294600825E-28, -1.232595164407831226E-29, -115.0071426749364178 ) ) ;
#249 = ORIENTED_EDGE ( 'NONE', *, *, #10, .T. ) ;
#250 = CARTESIAN_POINT ( 'NONE',  ( 137.5071426749359489, 150.0000000000000000, -3.152965104363860190E-59 ) ) ;
#251 = CARTESIAN_POINT ( 'NONE',  ( 189.9446035635318424, 75.00000000000052580, -137.5071426749364036 ) ) ;
#252 = EDGE_CURVE ( 'NONE', #645, #1679, #1524, .T. ) ;
#253 = CARTESIAN_POINT ( 'NONE',  ( 1.817742035085332830, 124.9046433086420080, 3.014209508371439750 ) ) ;
#254 = CARTESIAN_POINT ( 'NONE',  ( -38.32080659657619748, 107.0295737201734454, 2.500000000000005773 ) ) ;
#255 = ORIENTED_EDGE ( 'NONE', *, *, #2870, .F. ) ;
#256 = DIRECTION ( 'NONE',  ( 3.430248998885766176E-15, -1.000000000000000000, -0.000000000000000000 ) ) ;
#257 = CARTESIAN_POINT ( 'NONE',  ( 142.5071426749361194, 85.96864548476476386, 48.74336208377979318 ) ) ;
#258 = CARTESIAN_POINT ( 'NONE',  ( 115.0071426749364036, -8.575622497214418240E-14, -7.610594991734518114E-44 ) ) ;
#259 = ORIENTED_EDGE ( 'NONE', *, *, #1173, .T. ) ;
#260 = CARTESIAN_POINT ( 'NONE',  ( 166.4438113610947028, 117.3731783433124463, -142.5071426749363468 ) ) ;
#261 = CARTESIAN_POINT ( 'NONE',  ( -48.43509138963643323, 87.55818389890322351, -137.5071426749364321 ) ) ;
#262 = CARTESIAN_POINT ( 'NONE',  ( 2.499999999999527489, 150.0000000000000000, -2.499999999999999556 ) ) ;
#263 = ORIENTED_EDGE ( 'NONE', *, *, #2170, .T. ) ;
#264 = CARTESIAN_POINT ( 'NONE',  ( 142.5071426749360342, 124.2927734263730031, -131.9694378344917141 ) ) ;
#265 = LINE ( 'NONE', #238, #73 ) ;
#266 = CARTESIAN_POINT ( 'NONE',  ( -49.55681567230390527, 81.35617519959015453, 2.500000000000011546 ) ) ;
#267 = ADVANCED_FACE ( 'NONE', ( #1025 ), #705, .T. ) ;
#268 = EDGE_CURVE ( 'NONE', #1261, #2847, #2304, .T. ) ;
#269 = CARTESIAN_POINT ( 'NONE',  ( 2.499999999999622080, 121.6865660148362736, -122.0062289630824779 ) ) ;
#270 = DIRECTION ( 'NONE',  ( -1.000000000000000000, -3.430248998885766176E-15, 0.000000000000000000 ) ) ;
#271 = CARTESIAN_POINT ( 'NONE',  ( -2.500000000000336620, 107.0295737201736159, -178.3279492715121251 ) ) ;
#272 = VERTEX_POINT ( 'NONE', #2534 ) ;
#273 = VECTOR ( 'NONE', #3119, 1000.000000000000000 ) ;
#274 = CIRCLE ( 'NONE', #2101, 50.00000000000027001 ) ;
#275 = CARTESIAN_POINT ( 'NONE',  ( 143.0213521833074140, 124.9046433086420222, -141.8248847100221894 ) ) ;
#276 = CARTESIAN_POINT ( 'NONE',  ( 171.6528403605161657, 113.7596893674162288, -142.5071426749364321 ) ) ;
#277 = CARTESIAN_POINT ( 'NONE',  ( 142.5071426749360342, 117.3748048879423607, -26.46948873493913368 ) ) ;
#278 = CARTESIAN_POINT ( 'NONE',  ( 142.5071426749360342, 124.6393548566891525, -145.6830367285831471 ) ) ;
#279 = ORIENTED_EDGE ( 'NONE', *, *, #2086, .T. ) ;
#280 = ORIENTED_EDGE ( 'NONE', *, *, #2193, .T. ) ;
#281 = DIRECTION ( 'NONE',  ( -0.000000000000000000, -1.000000000000000000, -0.000000000000000000 ) ) ;
#282 = DIRECTION ( 'NONE',  ( -3.430248998885766176E-15, 1.000000000000000000, 0.000000000000000000 ) ) ;
#283 = CARTESIAN_POINT ( 'NONE',  ( 49.93746088859545296, 74.99999999999998579, -2.499999999999996891 ) ) ;
#284 = CARTESIAN_POINT ( 'NONE',  ( -2.500000000000375255, 121.6865660148363446, 18.00091371185387601 ) ) ;
#285 = FACE_OUTER_BOUND ( 'NONE', #727, .T. ) ;
#286 = CARTESIAN_POINT ( 'NONE',  ( -2.500000000000373479, 121.6920770745269778, -157.9974953548240819 ) ) ;
#287 = ORIENTED_EDGE ( 'NONE', *, *, #1748, .F. ) ;
#288 = EDGE_CURVE ( 'NONE', #2695, #1761, #323, .T. ) ;
#289 = CARTESIAN_POINT ( 'NONE',  ( 2.059233873801580295, 74.99999999999982947, -90.04956511303882394 ) ) ;
#290 = CARTESIAN_POINT ( 'NONE',  ( 93.92611750143187521, 94.25922629496562877, -137.5071426749364605 ) ) ;
#291 = CARTESIAN_POINT ( 'NONE',  ( 142.5071426749360626, 97.15430560888204070, -44.76116591397779132 ) ) ;
#292 = ADVANCED_FACE ( 'NONE', ( #338 ), #1781, .T. ) ;
#293 = CARTESIAN_POINT ( 'NONE',  ( 137.5071426749360342, 124.8748433581500166, -2.499999999999999556 ) ) ;
#294 = ORIENTED_EDGE ( 'NONE', *, *, #2717, .T. ) ;
#295 = CARTESIAN_POINT ( 'NONE',  ( 4.412478072883800904E-28, 74.99999999999987210, -137.5071426749364036 ) ) ;
#296 = CARTESIAN_POINT ( 'NONE',  ( 140.0071426749361763, 74.99999999999982947, 0.000000000000000000 ) ) ;
#297 = FACE_BOUND ( 'NONE', #2464, .T. ) ;
#298 = CARTESIAN_POINT ( 'NONE',  ( 2.499999999999631850, 116.5184527502977687, -167.7999627196896313 ) ) ;
#299 = FACE_OUTER_BOUND ( 'NONE', #3218, .T. ) ;
#300 = CARTESIAN_POINT ( 'NONE',  ( -60.00000000000000000, -20.00000000000000000, 60.00000000000003553 ) ) ;
#301 = AXIS2_PLACEMENT_3D ( 'NONE', #2423, #3173, #145 ) ;
#302 = PLANE ( 'NONE',  #3233 ) ;
#303 = CARTESIAN_POINT ( 'NONE',  ( -2.500000000000206501, 89.78199444411993113, -92.30106456623880717 ) ) ;
#304 = CARTESIAN_POINT ( 'NONE',  ( -2.500000000000310418, 96.44085474756487031, -185.1144927648784062 ) ) ;
#305 = VERTEX_POINT ( 'NONE', #2779 ) ;
#306 = FACE_OUTER_BOUND ( 'NONE', #148, .T. ) ;
#307 = CARTESIAN_POINT ( 'NONE',  ( 90.45032700263253389, 81.35617519959014032, -137.5071426749364036 ) ) ;
#308 = CARTESIAN_POINT ( 'NONE',  ( 142.5071426749361194, 75.79728191964652240, -49.93746088859568744 ) ) ;
#309 = CARTESIAN_POINT ( 'NONE',  ( 113.5376539399967015, 117.3748048879421475, -2.499999999999991562 ) ) ;
#310 = EDGE_LOOP ( 'NONE', ( #2175, #326, #3200, #367 ) ) ;
#311 = EDGE_CURVE ( 'NONE', #3224, #224, #594, .T. ) ;
#312 = CARTESIAN_POINT ( 'NONE',  ( 137.5071426749359489, 150.0000000000000000, -2.499999999999999556 ) ) ;
#313 = CARTESIAN_POINT ( 'NONE',  ( -3.083896475473431043, 124.9046433086419938, -140.1342598090232627 ) ) ;
#314 = CARTESIAN_POINT ( 'NONE',  ( -29.44651009771376238, 102.8744685292334680, -91.17845905993931410 ) ) ;
#315 = CARTESIAN_POINT ( 'NONE',  ( 2.499999999999799272, 75.79728191964659345, -189.9446035635322119 ) ) ;
#316 = DIRECTION ( 'NONE',  ( -3.430248998885766176E-15, 1.000000000000000000, 0.000000000000000000 ) ) ;
#317 = CARTESIAN_POINT ( 'NONE',  ( -2.500000000000391243, 123.8522042307480575, 10.38491247047158339 ) ) ;
#318 = DIRECTION ( 'NONE',  ( 0.000000000000000000, 0.000000000000000000, -1.000000000000000000 ) ) ;
#319 = DIRECTION ( 'NONE',  ( 3.430248998885766176E-15, -1.000000000000000000, -0.000000000000000000 ) ) ;
#320 = EDGE_CURVE ( 'NONE', #758, #2598, #2097, .T. ) ;
#321 = EDGE_LOOP ( 'NONE', ( #974, #202, #3215, #739 ) ) ;
#322 = PLANE ( 'NONE',  #142 ) ;
#323 = LINE ( 'NONE', #1043, #167 ) ;
#324 = CARTESIAN_POINT ( 'NONE',  ( 142.5071426749360626, 113.7721276588419812, -31.62851839845474800 ) ) ;
#325 = CARTESIAN_POINT ( 'NONE',  ( 143.0213521833073855, 124.9046433086420222, 1.817742035085723185 ) ) ;
#326 = ORIENTED_EDGE ( 'NONE', *, *, #2915, .T. ) ;
#327 = CARTESIAN_POINT ( 'NONE',  ( -2.500000000000301092, 103.2747571694204396, -41.19174227900703045 ) ) ;
#328 = CARTESIAN_POINT ( 'NONE',  ( -48.82868361499723164, 74.99999999999963052, -169.4536527726497468 ) ) ;
#329 = CARTESIAN_POINT ( 'NONE',  ( 140.0071426749364036, 442.7056274847714690, 0.000000000000000000 ) ) ;
#330 = EDGE_CURVE ( 'NONE', #1488, #887, #2351, .T. ) ;
#331 = CARTESIAN_POINT ( 'NONE',  ( 136.9929331665644838, 124.9046433086420222, 1.817742035085786689 ) ) ;
#332 = DIRECTION ( 'NONE',  ( 1.000000000000000000, 3.430248998885766176E-15, 0.000000000000000000 ) ) ;
#333 = CARTESIAN_POINT ( 'NONE',  ( -49.95757756189784260, 74.99999999999963052, -2.059233873801767256 ) ) ;
#334 = VECTOR ( 'NONE', #1083, 1000.000000000000000 ) ;
#335 = CARTESIAN_POINT ( 'NONE',  ( 142.5071426749360626, 124.1585152715968405, 8.821827560900008081 ) ) ;
#336 = CARTESIAN_POINT ( 'NONE',  ( 15.02723617137709233, 122.7289829659500668, -137.5071426749363752 ) ) ;
#337 = CARTESIAN_POINT ( 'NONE',  ( 90.06968178634048172, 74.99999999999964473, -2.499999999999998668 ) ) ;
#338 = FACE_OUTER_BOUND ( 'NONE', #1826, .T. ) ;
#339 = CARTESIAN_POINT ( 'NONE',  ( 142.5071426749361478, 81.35617519959077981, -49.55681567230356421 ) ) ;
#340 = CARTESIAN_POINT ( 'NONE',  ( 101.1844530993739539, 106.4192685746610607, -2.500000000000001332 ) ) ;
#341 = ORIENTED_EDGE ( 'NONE', *, *, #3035, .T. ) ;
#342 = PLANE ( 'NONE',  #143 ) ;
#343 = FACE_OUTER_BOUND ( 'NONE', #374, .T. ) ;
#344 = CARTESIAN_POINT ( 'NONE',  ( -0.1271171340873258615, 124.9046433086420080, -136.9232461994633923 ) ) ;
#345 = EDGE_CURVE ( 'NONE', #709, #2385, #1059, .T. ) ;
#346 = DIRECTION ( 'NONE',  ( 1.000000000000000000, 3.430248998885766176E-15, 0.000000000000000000 ) ) ;
#347 = ADVANCED_FACE ( 'NONE', ( #2055 ), #107, .F. ) ;
#348 = CARTESIAN_POINT ( 'NONE',  ( -2.059233873802094550, 102.8744685292335532, -49.95757756189769339 ) ) ;
#349 = APPLICATION_PROTOCOL_DEFINITION ( 'draft international standard', 'automotive_design', 1998, #2211 ) ;
#350 = DIRECTION ( 'NONE',  ( -3.430248998885766176E-15, 1.000000000000000000, 5.916456789157588541E-31 ) ) ;
#351 = VERTEX_POINT ( 'NONE', #138 ) ;
#352 = AXIS2_PLACEMENT_3D ( 'NONE', #2685, #376, #161 ) ;
#353 = LINE ( 'NONE', #860, #1034 ) ;
#354 = DIRECTION ( 'NONE',  ( 1.000000000000000000, 3.430248998885766176E-15, 0.000000000000000000 ) ) ;
#355 = DIRECTION ( 'NONE',  ( 1.000000000000000000, 3.430248998885766176E-15, 0.000000000000000000 ) ) ;
#356 = CARTESIAN_POINT ( 'NONE',  ( 98.81540039592900371, 103.2747571694202406, -2.500000000000002220 ) ) ;
#357 = VERTEX_POINT ( 'NONE', #2647 ) ;
#358 = CIRCLE ( 'NONE', #1465, 50.00000000000026290 ) ;
#359 = VERTEX_POINT ( 'NONE', #3104 ) ;
#360 = DIRECTION ( 'NONE',  ( 3.430248998885766176E-15, -1.000000000000000000, -0.000000000000000000 ) ) ;
#361 = CARTESIAN_POINT ( 'NONE',  ( 140.0071426749361763, 74.99999999999982947, -140.0071426749364036 ) ) ;
#362 = LINE ( 'NONE', #2787, #2609 ) ;
#363 = B_SPLINE_CURVE_WITH_KNOTS ( 'NONE', 3,
 ( #3074, #2067, #57, #1823, #1535, #1004, #2050, #1503, #3058, #1258, #7, #1997, #2791, #3008, #811, #760, #2757, #1054, #511, #22, #1793, #1519, #2012, #1807, #2512, #269, #1273, #778, #1776, #40, #2773, #2529, #1038, #794 ),
 .UNSPECIFIED., .F., .F.,
 ( 4, 2, 2, 2, 2, 2, 2, 2, 2, 2, 2, 2, 2, 2, 2, 2, 4 ),
 ( 0.000000000000000000, 0.009440086100413009815, 0.01416012915061949651, 0.01652015067572275286, 0.01888017220082601269, 0.02832025830123893750, 0.03304030135144540165, 0.03540032287654865800, 0.03776034440165192130, 0.04720043050206486346, 0.04956045202716808512, 0.05192047355227130678, 0.05664051660247770847, 0.06608060270289052573, 0.06844062422799372658, 0.07080064575309691355, 0.07552068880330330136 ),
 .UNSPECIFIED. ) ;
#364 = CARTESIAN_POINT ( 'NONE',  ( 40.28884462440694847, 104.5482280533885984, -2.499999999999980460 ) ) ;
#365 = CARTESIAN_POINT ( 'NONE',  ( 140.0071426749364036, 0.000000000000000000, 0.000000000000000000 ) ) ;
#366 = EDGE_CURVE ( 'NONE', #2522, #2439, #1859, .T. ) ;
#367 = ORIENTED_EDGE ( 'NONE', *, *, #1734, .T. ) ;
#368 = EDGE_CURVE ( 'NONE', #2076, #1506, #612, .T. ) ;
#369 = VECTOR ( 'NONE', #2252, 1000.000000000000000 ) ;
#370 = CARTESIAN_POINT ( 'NONE',  ( 0.000000000000000000, 0.000000000000000000, -140.0071426749364036 ) ) ;
#371 = CARTESIAN_POINT ( 'NONE',  ( 137.5071426749361194, 97.15430560888169964, -44.76116591397798317 ) ) ;
#372 = LINE ( 'NONE', #928, #1404 ) ;
#373 = CARTESIAN_POINT ( 'NONE',  ( 34.01924272470454724, 111.6934866489467879, -142.5071426749365173 ) ) ;
#374 = EDGE_LOOP ( 'NONE', ( #1714, #2128, #3138, #1477, #1588, #475 ) ) ;
#375 = CARTESIAN_POINT ( 'NONE',  ( 137.5071426749360626, 124.1773798999933263, -148.8313497253327853 ) ) ;
#376 = DIRECTION ( 'NONE',  ( 1.000000000000000000, 3.430248998885766176E-15, 0.000000000000000000 ) ) ;
#377 = CARTESIAN_POINT ( 'NONE',  ( 4.412478072883800904E-28, 74.99999999999987210, 2.500000000000000444 ) ) ;
#378 = ADVANCED_BREP_SHAPE_REPRESENTATION ( 'N604_base', ( #1105, #1032 ), #3123 ) ;
#379 = CARTESIAN_POINT ( 'NONE',  ( 181.2114121334964807, 103.2567445005949480, 2.499999999999999556 ) ) ;
#380 = CARTESIAN_POINT ( 'NONE',  ( 144.1011419847074535, 124.7949433924336233, -137.5071426749364321 ) ) ;
#381 = DIRECTION ( 'NONE',  ( 0.000000000000000000, 0.000000000000000000, -1.000000000000000000 ) ) ;
#382 = VERTEX_POINT ( 'NONE', #2662 ) ;
#383 = CARTESIAN_POINT ( 'NONE',  ( 2.499999999999685141, 89.78199444411994534, 47.70607810869761778 ) ) ;
#384 = CARTESIAN_POINT ( 'NONE',  ( 110.5606325772226768, 102.8744685292335959, -91.17845905993931410 ) ) ;
#385 = CARTESIAN_POINT ( 'NONE',  ( 137.5071426749361763, 81.33236206956036085, 49.63423530813751228 ) ) ;
#386 = PRODUCT_DEFINITION ( 'UNKNOWN', '', #3076, #1316 ) ;
#387 = CARTESIAN_POINT ( 'NONE',  ( 47.70607810869731225, 89.78199444412007324, -142.5071426749363752 ) ) ;
#388 = ORIENTED_EDGE ( 'NONE', *, *, #2129, .F. ) ;
#389 = EDGE_CURVE ( 'NONE', #1672, #2439, #1518, .T. ) ;
#390 = CARTESIAN_POINT ( 'NONE',  ( 137.5071426749361194, 94.25922629496619720, -186.0881678484404915 ) ) ;
#391 = CARTESIAN_POINT ( 'NONE',  ( 137.5071426749361194, 106.4294357334342465, -101.1925157278161862 ) ) ;
#392 = DIRECTION ( 'NONE',  ( 0.000000000000000000, 0.000000000000000000, -1.000000000000000000 ) ) ;
#393 = FACE_OUTER_BOUND ( 'NONE', #82, .T. ) ;
#394 = EDGE_LOOP ( 'NONE', ( #3197, #670, #1334 ) ) ;
#395 = CARTESIAN_POINT ( 'NONE',  ( -38.32080659657616195, 107.0295737201734738, -142.5071426749363468 ) ) ;
#396 = DIRECTION ( 'NONE',  ( 1.000000000000000000, -0.000000000000000000, 0.000000000000000000 ) ) ;
#397 = ORIENTED_EDGE ( 'NONE', *, *, #2893, .T. ) ;
#398 = DIRECTION ( 'NONE',  ( 1.000000000000000000, 3.430248998885766176E-15, 0.000000000000000000 ) ) ;
#399 = CARTESIAN_POINT ( 'NONE',  ( 137.5071426749360342, 118.9668005728630504, -23.73137944929327858 ) ) ;
#400 = CARTESIAN_POINT ( 'NONE',  ( 137.5071426749360910, 108.2464467495919962, 37.27000619835924766 ) ) ;
#401 = CARTESIAN_POINT ( 'NONE',  ( 26.43666868615839860, 117.3731783433123468, -142.5071426749364605 ) ) ;
#402 = ORIENTED_EDGE ( 'NONE', *, *, #2170, .F. ) ;
#403 = CARTESIAN_POINT ( 'NONE',  ( 137.5071426749360626, 122.7333982440218705, -155.0179569536737176 ) ) ;
#404 = CARTESIAN_POINT ( 'NONE',  ( 137.5071426749361194, 104.5482280533884278, -99.71829805052914253 ) ) ;
#405 = DIRECTION ( 'NONE',  ( 0.000000000000000000, 1.000000000000000000, -0.000000000000000000 ) ) ;
#406 = LINE ( 'NONE', #1431, #2259 ) ;
#407 = ADVANCED_FACE ( 'NONE', ( #630 ), #1594, .T. ) ;
#408 = ORIENTED_EDGE ( 'NONE', *, *, #3189, .T. ) ;
#409 = CARTESIAN_POINT ( 'NONE',  ( 187.4721516521395301, 90.53893995811500872, -2.499999999999992895 ) ) ;
#410 = CARTESIAN_POINT ( 'NONE',  ( -5.675894053647251525, 124.6393548566891099, -142.5071426749364036 ) ) ;
#411 =( NAMED_UNIT ( * ) SI_UNIT ( $, .STERADIAN. ) SOLID_ANGLE_UNIT ( ) );
#412 = CARTESIAN_POINT ( 'NONE',  ( 2.499999999999613642, 124.8748433581500308, 2.500000000000000444 ) ) ;
#413 = VERTEX_POINT ( 'NONE', #2382 ) ;
#414 = CARTESIAN_POINT ( 'NONE',  ( 2.499999999999720668, 92.04633637176264926, 46.94473504588793844 ) ) ;
#415 = CARTESIAN_POINT ( 'NONE',  ( 137.5071426749362331, 78.98169942736797111, -49.78482002936998896 ) ) ;
#416 = CARTESIAN_POINT ( 'NONE',  ( 137.5071426749360057, 124.2927734263729604, 8.037704840444716226 ) ) ;
#417 = CARTESIAN_POINT ( 'NONE',  ( 22.29293092970159762, 119.7130273605285424, -142.5071426749364036 ) ) ;
#418 = ORIENTED_EDGE ( 'NONE', *, *, #2771, .F. ) ;
#419 = CARTESIAN_POINT ( 'NONE',  ( 141.8248847100217063, 124.9046433086420222, -3.014209508371448631 ) ) ;
#420 = CARTESIAN_POINT ( 'NONE',  ( 137.5071426749360910, 118.9863968387190880, -116.3118138422691317 ) ) ;
#421 = CARTESIAN_POINT ( 'NONE',  ( 137.5071426749365173, -20.00000000000000711, -24.87468592766551367 ) ) ;
#422 = VERTEX_POINT ( 'NONE', #2120 ) ;
#423 = CARTESIAN_POINT ( 'NONE',  ( 167.7809706814001061, 116.5090131417652231, -2.500000000000009326 ) ) ;
#424 = ORIENTED_EDGE ( 'NONE', *, *, #1393, .T. ) ;
#425 = EDGE_CURVE ( 'NONE', #2979, #1151, #1943, .T. ) ;
#426 = CARTESIAN_POINT ( 'NONE',  ( -41.19174227900739993, 103.2747571694202833, -142.5071426749364321 ) ) ;
#427 = VECTOR ( 'NONE', #3054, 1000.000000000000000 ) ;
#428 = VECTOR ( 'NONE', #1655, 1000.000000000000000 ) ;
#429 = CARTESIAN_POINT ( 'NONE',  ( -15.01081427873791085, 122.7333982440217142, 2.499999999999999556 ) ) ;
#430 = VERTEX_POINT ( 'NONE', #2729 ) ;
#431 = CARTESIAN_POINT ( 'NONE',  ( -2.500000000000233591, 81.33236206955987768, 49.63423530813758333 ) ) ;
#432 = CARTESIAN_POINT ( 'NONE',  ( 137.5071426749361194, 100.6277756140711972, -42.88867731750011814 ) ) ;
#433 = CARTESIAN_POINT ( 'NONE',  ( -47.55153095458361179, 90.57757234694284421, -2.499999999999969802 ) ) ;
#434 = CARTESIAN_POINT ( 'NONE',  ( 4.093999309771124473, 124.7949433924336233, -142.5071426749364036 ) ) ;
#435 = EDGE_LOOP ( 'NONE', ( #2547, #711, #534, #1329, #6, #1139, #1392, #2085 ) ) ;
#436 =( BOUNDED_SURFACE ( )  B_SPLINE_SURFACE ( 3, 3, ( 
 ( #1501, #2262, #239, #1472 ),
 ( #757, #21, #2469, #2011 ),
 ( #3021, #777, #1531, #1775 ),
 ( #3217, #2772, #223, #1227 ) ),
 .UNSPECIFIED., .F., .F., .F. ) 
 B_SPLINE_SURFACE_WITH_KNOTS ( ( 4, 4 ),
 ( 4, 4 ),
 ( 0.000000000000000000, 1.000000000000000000 ),
 ( 0.000000000000000000, 1.000000000000000000 ),
 .UNSPECIFIED. ) 
 GEOMETRIC_REPRESENTATION_ITEM ( )  RATIONAL_B_SPLINE_SURFACE ( (
 ( 1.000000000000000000, 0.8237525346917973224, 0.8237525346917973224, 1.000000000000000000),
 ( 0.8190699571006432311, 0.6747109532515566110, 0.6747109532515566110, 0.8190699571006432311),
 ( 0.8190699571006432311, 0.6747109532515566110, 0.6747109532515566110, 0.8190699571006432311),
 ( 1.000000000000000000, 0.8237525346917973224, 0.8237525346917973224, 1.000000000000000000) ) ) 
 REPRESENTATION_ITEM ( '' )  SURFACE ( )  );
#437 = CARTESIAN_POINT ( 'NONE',  ( 1.261321860564300417E-12, 74.99999999999984368, -140.0071426749364036 ) ) ;
#438 = CARTESIAN_POINT ( 'NONE',  ( 137.5071426749361763, 78.19200113037170752, -90.06968178634069488 ) ) ;
#439 = CARTESIAN_POINT ( 'NONE',  ( -2.572686749164319035E-13, 74.99999999999982947, -140.0071426749364036 ) ) ;
#440 = CARTESIAN_POINT ( 'NONE',  ( 2.499999999999771738, 74.99999999999981526, -49.93746088859570875 ) ) ;
#441 = EDGE_LOOP ( 'NONE', ( #2, #172, #1092 ) ) ;
#442 = CARTESIAN_POINT ( 'NONE',  ( 185.2027946275877639, 96.47471520684159429, -2.500000000000030198 ) ) ;
#443 = VERTEX_POINT ( 'NONE', #2744 ) ;
#444 = CARTESIAN_POINT ( 'NONE',  ( 189.9446035635318424, 75.00000000000052580, 2.500000000000000444 ) ) ;
#445 = CARTESIAN_POINT ( 'NONE',  ( 8.821827560899684784, 124.1585152715968405, 2.500000000000007550 ) ) ;
#446 = ORIENTED_EDGE ( 'NONE', *, *, #366, .T. ) ;
#447 = EDGE_CURVE ( 'NONE', #1527, #1933, #498, .T. ) ;
#448 = CARTESIAN_POINT ( 'NONE',  ( -2.500000000000353495, 116.5090131417650099, 27.77382800646421046 ) ) ;
#449 = CARTESIAN_POINT ( 'NONE',  ( -45.76762541531971351, 94.99269237210869221, -2.500000000000002665 ) ) ;
#450 = CARTESIAN_POINT ( 'NONE',  ( 140.0071426749364036, -5.477055562456285483E-29, -137.5071426749364036 ) ) ;
#451 = ORIENTED_EDGE ( 'NONE', *, *, #853, .F. ) ;
#452 = CARTESIAN_POINT ( 'NONE',  ( 176.7457567923046042, 108.8326382375257566, -142.5071426749364321 ) ) ;
#453 = CARTESIAN_POINT ( 'NONE',  ( -49.91837820237519452, 76.59380932050474655, -137.5071426749364321 ) ) ;
#454 = B_SPLINE_CURVE_WITH_KNOTS ( 'NONE', 3,
 ( #2966, #963, #1719, #3240, #978, #2994, #1260, #9, #1006, #1999, #3010, #762, #2759, #1521, #2823, #2579, #2563, #1275, #3077, #75, #572, #2265, #59, #1809, #591, #1779, #336, #2084, #3043, #828, #2776, #2069, #2546, #2014 ),
 .UNSPECIFIED., .F., .F.,
 ( 4, 2, 2, 2, 2, 2, 2, 2, 2, 2, 2, 2, 2, 2, 2, 2, 4 ),
 ( 0.000000000000000000, 0.009440086100413027162, 0.01416012915061952079, 0.01652015067572274939, 0.01888017220082597800, 0.02832025830123898955, 0.03304030135144547103, 0.03540032287654869964, 0.03776034440165193518, 0.04720043050206472468, 0.04956045202716792553, 0.05192047355227112637, 0.05664051660247753500, 0.06608060270289038696, 0.06844062422799360168, 0.07080064575309681640, 0.07552068880330324585 ),
 .UNSPECIFIED. ) ;
#455 = CARTESIAN_POINT ( 'NONE',  ( 142.5071426749360626, 100.6277756140714956, -182.8958199924363441 ) ) ;
#456 = CARTESIAN_POINT ( 'NONE',  ( 2.499999999999662048, 106.4192685746612170, -38.82268957556212285 ) ) ;
#457 = VECTOR ( 'NONE', #270, 1000.000000000000000 ) ;
#458 = AXIS2_PLACEMENT_3D ( 'NONE', #370, #2087, #2599 ) ;
#459 = VECTOR ( 'NONE', #2111, 1000.000000000000000 ) ;
#460 = EDGE_LOOP ( 'NONE', ( #781, #1753, #159, #3133 ) ) ;
#461 = CARTESIAN_POINT ( 'NONE',  ( 142.5071426749360057, 124.8748433581500308, -137.5071426749364036 ) ) ;
#462 = ORIENTED_EDGE ( 'NONE', *, *, #988, .T. ) ;
#463 = CARTESIAN_POINT ( 'NONE',  ( 167.7809706814000776, 116.5090131417652373, 2.499999999999992006 ) ) ;
#464 = CIRCLE ( 'NONE', #1768, 25.00000000000000000 ) ;
#465 = DIRECTION ( 'NONE',  ( 3.430248998885766176E-15, -1.000000000000000000, -0.000000000000000000 ) ) ;
#466 = ORIENTED_EDGE ( 'NONE', *, *, #523, .T. ) ;
#467 = CARTESIAN_POINT ( 'NONE',  ( 4.412478072883800904E-28, 74.99999999999987210, -142.5071426749364036 ) ) ;
#468 = CARTESIAN_POINT ( 'NONE',  ( 142.5071426749361478, 78.19200113037167910, 49.93746088859570875 ) ) ;
#469 = CARTESIAN_POINT ( 'NONE',  ( 2.499999999999784617, 74.99999999999988631, 0.000000000000000000 ) ) ;
#470 = EDGE_CURVE ( 'NONE', #2470, #2665, #1582, .T. ) ;
#471 = DIRECTION ( 'NONE',  ( 1.000000000000000000, 3.430248998885766176E-15, 0.000000000000000000 ) ) ;
#472 = CARTESIAN_POINT ( 'NONE',  ( 101.6863360783604548, 107.0295737201737154, -142.5071426749364036 ) ) ;
#473 = CARTESIAN_POINT ( 'NONE',  ( 109.8233760618192179, 123.1839438782807576, -18.20255068451576719 ) ) ;
#474 = CARTESIAN_POINT ( 'NONE',  ( 2.499999999999633626, 121.6920770745269920, -17.99035267988769604 ) ) ;
#475 = ORIENTED_EDGE ( 'NONE', *, *, #288, .T. ) ;
#476 = CARTESIAN_POINT ( 'NONE',  ( 137.5071426749364605, -8.575622497214248792E-15, -115.1324567472709077 ) ) ;
#477 = CARTESIAN_POINT ( 'NONE',  ( 186.9518777208239158, 92.04633637176317507, -137.5071426749364321 ) ) ;
#478 = DIRECTION ( 'NONE',  ( 0.000000000000000000, 1.000000000000000000, 0.000000000000000000 ) ) ;
#479 = FACE_OUTER_BOUND ( 'NONE', #2355, .T. ) ;
#480 = VERTEX_POINT ( 'NONE', #2432 ) ;
#481 = CARTESIAN_POINT ( 'NONE',  ( -2.500000000000199396, 87.50161034606402666, 48.37322329338522309 ) ) ;
#482 = CARTESIAN_POINT ( 'NONE',  ( -44.76116591397828870, 97.15430560888152911, -2.499999999999988898 ) ) ;
#483 = DIRECTION ( 'NONE',  ( 1.000000000000000000, 3.430248998885766570E-15, 0.000000000000000000 ) ) ;
#484 = ORIENTED_EDGE ( 'NONE', *, *, #2109, .T. ) ;
#485 = EDGE_CURVE ( 'NONE', #709, #2484, #3219, .T. ) ;
#486 = CARTESIAN_POINT ( 'NONE',  ( 186.9518777208238873, 92.04633637176317507, -142.5071426749364889 ) ) ;
#487 = CARTESIAN_POINT ( 'NONE',  ( -44.76116591397830291, 97.15430560888154332, -137.5071426749364321 ) ) ;
#488 = CARTESIAN_POINT ( 'NONE',  ( 142.5071426749360057, 124.7950153186923643, -144.0997070603534098 ) ) ;
#489 = EDGE_CURVE ( 'NONE', #1175, #2628, #681, .T. ) ;
#490 = ORIENTED_EDGE ( 'NONE', *, *, #2594, .T. ) ;
#491 = CIRCLE ( 'NONE', #754, 24.99999999999999645 ) ;
#492 = CARTESIAN_POINT ( 'NONE',  ( -49.95757756189784971, 74.99999999999963052, 2.059233873801802339 ) ) ;
#493 = CARTESIAN_POINT ( 'NONE',  ( 155.0343788463133308, 122.7289829659501237, 2.499999999999996447 ) ) ;
#494 = CARTESIAN_POINT ( 'NONE',  ( 170.8887423833062371, 123.1839438782809566, -141.2800714136822648 ) ) ;
#495 = CARTESIAN_POINT ( 'NONE',  ( 137.5071426749361763, 74.99999999999985789, -140.0071426749364036 ) ) ;
#496 = ORIENTED_EDGE ( 'NONE', *, *, #2939, .F. ) ;
#497 = CARTESIAN_POINT ( 'NONE',  ( -2.500000000000306422, 104.5482280533884136, 40.28884462440728953 ) ) ;
#498 = LINE ( 'NONE', #1016, #639 ) ;
#499 = CARTESIAN_POINT ( 'NONE',  ( -17.99035267988816500, 121.6920770745268783, -2.499999999999998668 ) ) ;
#500 = DIRECTION ( 'NONE',  ( -1.000000000000000000, -3.430248998885766176E-15, 0.000000000000000000 ) ) ;
#501 = ORIENTED_EDGE ( 'NONE', *, *, #189, .F. ) ;
#502 = CARTESIAN_POINT ( 'NONE',  ( 178.8217696220561379, 106.4294357334346017, -142.5071426749364321 ) ) ;
#503 = CARTESIAN_POINT ( 'NONE',  ( 93.92611750143200311, 94.25922629496598404, -142.5071426749363752 ) ) ;
#504 = CARTESIAN_POINT ( 'NONE',  ( 0.000000000000000000, -20.00000000000000000, 60.00000000000003553 ) ) ;
#505 = CARTESIAN_POINT ( 'NONE',  ( 142.5071426749360057, 123.8522042307480859, -129.6222302044649268 ) ) ;
#506 = EDGE_CURVE ( 'NONE', #942, #2876, #2162, .T. ) ;
#507 = CARTESIAN_POINT ( 'NONE',  ( 48.82868361499669874, 74.99999999999998579, 29.44651009771333605 ) ) ;
#508 = AXIS2_PLACEMENT_3D ( 'NONE', #1834, #2570, #3069 ) ;
#509 = CARTESIAN_POINT ( 'NONE',  ( -43.67538922819397840, 99.26337362625545779, 2.500000000000005773 ) ) ;
#510 = ORIENTED_EDGE ( 'NONE', *, *, #2479, .T. ) ;
#511 = CARTESIAN_POINT ( 'NONE',  ( 2.499999999999655831, 113.7596893674159588, -108.3614449893561869 ) ) ;
#512 = CARTESIAN_POINT ( 'NONE',  ( -2.500000000000266454, 92.04633637176266348, -93.06240762904850783 ) ) ;
#513 = CARTESIAN_POINT ( 'NONE',  ( 2.499999999999784617, 74.99999999999988631, -142.5071426749364036 ) ) ;
#514 = CARTESIAN_POINT ( 'NONE',  ( 200.0071426749363468, -20.00000000000000000, -0.000000000000000000 ) ) ;
#515 = CARTESIAN_POINT ( 'NONE',  ( 142.5071426749360057, 124.8748433581500450, -142.5071426749364036 ) ) ;
#516 = CARTESIAN_POINT ( 'NONE',  ( 92.45561172035290554, 90.57757234694325632, -142.5071426749364321 ) ) ;
#517 = CARTESIAN_POINT ( 'NONE',  ( 140.0071426749361763, 74.99999999999982947, -140.0071426749364036 ) ) ;
#518 = VERTEX_POINT ( 'NONE', #1000 ) ;
#519 = CARTESIAN_POINT ( 'NONE',  ( 142.5071426749359773, 117.3731783433123468, -113.5704739887777350 ) ) ;
#520 = DIRECTION ( 'NONE',  ( 0.000000000000000000, 0.000000000000000000, -1.000000000000000000 ) ) ;
#521 = EDGE_CURVE ( 'NONE', #413, #359, #1242, .T. ) ;
#522 = LINE ( 'NONE', #1713, #528 ) ;
#523 = EDGE_CURVE ( 'NONE', #2940, #2794, #1978, .T. ) ;
#524 = CARTESIAN_POINT ( 'NONE',  ( 189.9446035635318424, 75.00000000000052580, -137.5071426749364036 ) ) ;
#525 = CARTESIAN_POINT ( 'NONE',  ( 142.5071426749360626, 124.2927734263730173, 8.037704840444703791 ) ) ;
#526 = CARTESIAN_POINT ( 'NONE',  ( 25.00000000000000000, 0.000000000000000000, 0.000000000000000000 ) ) ;
#527 = ORIENTED_EDGE ( 'NONE', *, *, #2090, .F. ) ;
#528 = VECTOR ( 'NONE', #2528, 1000.000000000000000 ) ;
#529 = CARTESIAN_POINT ( 'NONE',  ( 49.95757756189733101, 74.99999999999998579, -137.9479088011346448 ) ) ;
#530 = CARTESIAN_POINT ( 'NONE',  ( 108.3786242764811760, 113.7721276588417538, -137.5071426749364605 ) ) ;
#531 = CARTESIAN_POINT ( 'NONE',  ( 142.5071426749360910, 94.99269237210923222, -45.76762541531920192 ) ) ;
#532 = DIRECTION ( 'NONE',  ( -1.000000000000000000, -0.000000000000000000, -0.000000000000000000 ) ) ;
#533 = ORIENTED_EDGE ( 'NONE', *, *, #1772, .T. ) ;
#534 = ORIENTED_EDGE ( 'NONE', *, *, #2614, .F. ) ;
#535 = CARTESIAN_POINT ( 'NONE',  ( -18.20255068451613667, 123.1839438782808003, 30.18376661311675946 ) ) ;
#536 = CARTESIAN_POINT ( 'NONE',  ( 90.06968178634048172, 75.00000000000018474, 2.500000000000000444 ) ) ;
#537 = CARTESIAN_POINT ( 'NONE',  ( 2.499999999999619416, 122.7333982440218278, -155.0179569536738313 ) ) ;
#538 = VECTOR ( 'NONE', #319, 1000.000000000000000 ) ;
#539 = CARTESIAN_POINT ( 'NONE',  ( 34.01924272470455435, 111.6934866489467453, -2.499999999999983569 ) ) ;
#540 = LINE ( 'NONE', #1550, #2393 ) ;
#541 = CARTESIAN_POINT ( 'NONE',  ( -2.500000000000374811, 123.6797482769718641, -128.8418018691077691 ) ) ;
#542 = CARTESIAN_POINT ( 'NONE',  ( 1.777291836105945188E-43, -5.181232722998406056E-29, -2.499999999999999556 ) ) ;
#543 = EDGE_CURVE ( 'NONE', #1949, #1199, #1115, .T. ) ;
#544 = ORIENTED_EDGE ( 'NONE', *, *, #1815, .F. ) ;
#545 = DIRECTION ( 'NONE',  ( -3.430248998885766176E-15, 1.000000000000000000, 5.916456789157588541E-31 ) ) ;
#546 = CARTESIAN_POINT ( 'NONE',  ( 103.2562635411855467, 108.8194804147292700, -137.5071426749364036 ) ) ;
#547 = CARTESIAN_POINT ( 'NONE',  ( 142.5071426749360626, 108.8194804147295969, -36.75087913375030269 ) ) ;
#548 = CARTESIAN_POINT ( 'NONE',  ( 169.4536527726495194, 74.99999999999991473, 48.82868361499694743 ) ) ;
#549 = ORIENTED_EDGE ( 'NONE', *, *, #1980, .T. ) ;
#550 = DIRECTION ( 'NONE',  ( 1.000000000000000000, 3.330669073875452266E-15, 0.000000000000000000 ) ) ;
#551 = DIRECTION ( 'NONE',  ( 0.000000000000000000, 1.000000000000000000, 0.000000000000000000 ) ) ;
#552 = CARTESIAN_POINT ( 'NONE',  ( -49.95757756189787813, 74.99999999999963052, -137.9479088011346448 ) ) ;
#553 = CARTESIAN_POINT ( 'NONE',  ( 2.499999999999672262, 108.8194804147294548, -176.7580218086869195 ) ) ;
#554 = FACE_OUTER_BOUND ( 'NONE', #441, .T. ) ;
#555 = AXIS2_PLACEMENT_3D ( 'NONE', #2104, #3092, #2365 ) ;
#556 = CARTESIAN_POINT ( 'NONE',  ( -2.500000000000356604, 117.7906337582922731, 25.75542838702327231 ) ) ;
#557 = CARTESIAN_POINT ( 'NONE',  ( 142.5071426749359773, 122.7289829659500242, 15.02723617137735701 ) ) ;
#558 = CARTESIAN_POINT ( 'NONE',  ( -2.500000000000335287, 108.8194804147294263, -176.7580218086869763 ) ) ;
#559 = CARTESIAN_POINT ( 'NONE',  ( 90.04956511303852551, 74.99999999999963052, -142.0663765487381625 ) ) ;
#560 = CARTESIAN_POINT ( 'NONE',  ( 116.2757632256427200, 118.9668005728629794, -137.5071426749364036 ) ) ;
#561 = CARTESIAN_POINT ( 'NONE',  ( 142.5071426749360057, 123.8697370969315017, -10.39287060369187188 ) ) ;
#562 = EDGE_CURVE ( 'NONE', #1679, #696, #2741, .T. ) ;
#563 = CARTESIAN_POINT ( 'NONE',  ( 141.8248847100217063, 124.9046433086420222, 3.014209508371379354 ) ) ;
#564 = ORIENTED_EDGE ( 'NONE', *, *, #2394, .F. ) ;
#565 = CARTESIAN_POINT ( 'NONE',  ( -2.500000000000205169, 81.35617519959033928, -49.55681567230360685 ) ) ;
#566 = CARTESIAN_POINT ( 'NONE',  ( -0.1271171340873161748, 124.9046433086420080, 3.083896475473002941 ) ) ;
#567 = CARTESIAN_POINT ( 'NONE',  ( -3.014209508371907376, 124.9046433086420222, -138.1894006398506178 ) ) ;
#568 = DIRECTION ( 'NONE',  ( -1.000000000000000000, 0.000000000000000000, 0.000000000000000000 ) ) ;
#569 = CARTESIAN_POINT ( 'NONE',  ( 28.42960840029248004, 116.0625525579283703, -2.500000000000016431 ) ) ;
#570 = CARTESIAN_POINT ( 'NONE',  ( 142.5071426749360626, 87.50161034606450983, -91.63391938155129424 ) ) ;
#571 = CARTESIAN_POINT ( 'NONE',  ( -2.500000000000266898, 92.79299248140465295, -93.34036444516448228 ) ) ;
#572 = CARTESIAN_POINT ( 'NONE',  ( 27.77382800646384098, 116.5090131417651236, -137.5071426749364321 ) ) ;
#573 = ORIENTED_EDGE ( 'NONE', *, *, #1869, .F. ) ;
#574 = DIRECTION ( 'NONE',  ( 1.000000000000000000, 3.330669073875434911E-15, 0.000000000000000000 ) ) ;
#575 = CARTESIAN_POINT ( 'NONE',  ( 117.6961405998402057, 119.7043890370414658, -137.5071426749363468 ) ) ;
#576 = CARTESIAN_POINT ( 'NONE',  ( 188.8358262899331237, 102.8744685292337664, -110.5606325772230178 ) ) ;
#577 = CARTESIAN_POINT ( 'NONE',  ( 137.5071426749360342, 124.8748433581500166, -2.499999999999999556 ) ) ;
#578 = VERTEX_POINT ( 'NONE', #2235 ) ;
#579 = AXIS2_PLACEMENT_3D ( 'NONE', #1110, #354, #1094 ) ;
#580 = AXIS2_PLACEMENT_3D ( 'NONE', #919, #1677, #658 ) ;
#581 = AXIS2_PLACEMENT_3D ( 'NONE', #1132, #1676, #181 ) ;
#582 = CARTESIAN_POINT ( 'NONE',  ( -2.500000000000248690, 78.18535845901598691, -49.84213279940019703 ) ) ;
#583 = CARTESIAN_POINT ( 'NONE',  ( -30.18376661311716447, 123.1839438782807576, -158.2096933594521602 ) ) ;
#584 = DIRECTION ( 'NONE',  ( -1.000000000000000000, -3.430248998885766176E-15, 0.000000000000000000 ) ) ;
#585 = ADVANCED_FACE ( 'NONE', ( #479 ), #436, .T. ) ;
#586 = CARTESIAN_POINT ( 'NONE',  ( 2.499999999999662048, 106.4192685746612170, -178.8298322504985265 ) ) ;
#587 = CARTESIAN_POINT ( 'NONE',  ( 43.75472240243753674, 99.27377170997033318, -2.500000000000004885 ) ) ;
#588 = CARTESIAN_POINT ( 'NONE',  ( 187.7132207836336590, 89.78199444412047114, -2.499999999999967137 ) ) ;
#589 = AXIS2_PLACEMENT_3D ( 'NONE', #1268, #203, #3004 ) ;
#590 = LINE ( 'NONE', #843, #724 ) ;
#591 = CARTESIAN_POINT ( 'NONE',  ( 22.29293092970163670, 119.7130273605285140, -137.5071426749364036 ) ) ;
#592 = ORIENTED_EDGE ( 'NONE', *, *, #345, .T. ) ;
#593 = LINE ( 'NONE', #2894, #3124 ) ;
#594 = LINE ( 'NONE', #1798, #2676 ) ;
#595 = DIRECTION ( 'NONE',  ( 1.000000000000000000, 3.330669073875452266E-15, 0.000000000000000000 ) ) ;
#596 = CARTESIAN_POINT ( 'NONE',  ( 143.0910391504089318, 124.9046433086420080, 0.1271171340868884059 ) ) ;
#597 = EDGE_LOOP ( 'NONE', ( #2266, #2972, #3180, #3085, #2824, #466, #2815, #2451 ) ) ;
#598 = CARTESIAN_POINT ( 'NONE',  ( 2.499999999999784617, 74.99999999999992895, -24.87468592766575526 ) ) ;
#599 = PLANE ( 'NONE',  #2732 ) ;
#600 = CARTESIAN_POINT ( 'NONE',  ( 2.499999999999784617, 74.99999999999988631, -189.9446035635321266 ) ) ;
#601 = EDGE_CURVE ( 'NONE', #2634, #2466, #522, .T. ) ;
#602 = EDGE_CURVE ( 'NONE', #1488, #98, #2908, .T. ) ;
#603 = DIRECTION ( 'NONE',  ( 1.000000000000000000, 3.430248998885768148E-15, 1.421085471520201003E-14 ) ) ;
#604 = ADVANCED_FACE ( 'NONE', ( #554 ), #1104, .T. ) ;
#605 = AXIS2_PLACEMENT_3D ( 'NONE', #2346, #1122, #2855 ) ;
#606 = CARTESIAN_POINT ( 'NONE',  ( -2.500000000000206057, 75.79728191964655082, -189.9446035635321550 ) ) ;
#607 = EDGE_LOOP ( 'NONE', ( #255, #2123, #1277 ) ) ;
#608 = B_SPLINE_CURVE_WITH_KNOTS ( 'NONE', 3,
 ( #2748, #2968, #230, #1972, #1705, #750, #2718, #486, #1262, #2519, #212, #2488, #2241, #502, #2762, #3012, #452, #736, #276, #1507, #1218, #260, #1233, #2004, #245, #2254, #2227, #720, #3226, #2984, #765, #1735, #1763, #515 ),
 .UNSPECIFIED., .F., .F.,
 ( 4, 2, 2, 2, 2, 2, 2, 2, 2, 2, 2, 2, 2, 2, 2, 2, 4 ),
 ( 5.201856949075076998E-16, 0.009440086100413214512, 0.01416012915061953988, 0.01652015067572269388, 0.01888017220082584616, 0.02832025830123845178, 0.03304030135144475633, 0.03540032287654790860, 0.03776034440165106087, 0.04720043050206387120, 0.04956045202716710674, 0.05192047355227033534, 0.05664051660247689662, 0.06608060270289008165, 0.06844062422799336576, 0.07080064575309667763, 0.07552068880330327361 ),
 .UNSPECIFIED. ) ;
#609 = VECTOR ( 'NONE', #2373, 1000.000000000000000 ) ;
#610 = CIRCLE ( 'NONE', #2553, 50.00000000000027001 ) ;
#611 = CARTESIAN_POINT ( 'NONE',  ( 2.499999999999622968, 123.6797482769718926, 11.16534080582865407 ) ) ;
#612 = LINE ( 'NONE', #2679, #999 ) ;
#613 = CARTESIAN_POINT ( 'NONE',  ( 137.5071426749361194, 103.2567445005948201, 41.20426945856043943 ) ) ;
#614 = CARTESIAN_POINT ( 'NONE',  ( 2.499999999999527489, 150.0000000000000000, -3.152965104363860190E-59 ) ) ;
#615 = ORIENTED_EDGE ( 'NONE', *, *, #2938, .T. ) ;
#616 = VECTOR ( 'NONE', #130, 1000.000000000000000 ) ;
#617 = CARTESIAN_POINT ( 'NONE',  ( -2.500000000000270450, 97.15430560888171385, -44.76116591397796185 ) ) ;
#618 = CARTESIAN_POINT ( 'NONE',  ( 137.5071426749361763, 81.33236206955990610, -90.37290736679884162 ) ) ;
#619 = DIRECTION ( 'NONE',  ( -1.000000000000000000, 0.000000000000000000, -0.000000000000000000 ) ) ;
#620 = DIRECTION ( 'NONE',  ( -3.430248998885766176E-15, 1.000000000000000000, 0.000000000000000000 ) ) ;
#621 = CARTESIAN_POINT ( 'NONE',  ( 186.9518777208239158, 92.04633637176318928, 2.500000000000000444 ) ) ;
#622 = EDGE_CURVE ( 'NONE', #2444, #2522, #798, .T. ) ;
#623 = SHAPE_DEFINITION_REPRESENTATION ( #680, #378 ) ;
#624 = CARTESIAN_POINT ( 'NONE',  ( 150.3920551454075110, 123.8522042307481144, -137.5071426749364036 ) ) ;
#625 = CARTESIAN_POINT ( 'NONE',  ( 90.04956511303859656, 74.99999999999964473, 2.059233873801829873 ) ) ;
#626 = ORIENTED_EDGE ( 'NONE', *, *, #2877, .F. ) ;
#627 = EDGE_CURVE ( 'NONE', #1315, #2782, #56, .T. ) ;
#628 = VECTOR ( 'NONE', #991, 1000.000000000000000 ) ;
#629 = CARTESIAN_POINT ( 'NONE',  ( 2.499999999999617639, 124.1585152715968690, 8.821827560900057819 ) ) ;
#630 = FACE_OUTER_BOUND ( 'NONE', #394, .T. ) ;
#631 = LINE ( 'NONE', #648, #1140 ) ;
#632 = DIRECTION ( 'NONE',  ( -1.000000000000000000, -3.430248998885766176E-15, 0.000000000000000000 ) ) ;
#633 = ORIENTED_EDGE ( 'NONE', *, *, #622, .F. ) ;
#634 = CARTESIAN_POINT ( 'NONE',  ( 137.5071426749360910, 107.0295737201738433, -178.3279492715119829 ) ) ;
#635 = CARTESIAN_POINT ( 'NONE',  ( 137.5071426749359489, 150.0000000000000000, 2.500000000000000444 ) ) ;
#636 = DIRECTION ( 'NONE',  ( 1.000000000000000000, 3.330669073875452266E-15, 0.000000000000000000 ) ) ;
#637 = CARTESIAN_POINT ( 'NONE',  ( 137.5071426749364605, -8.575622497214329256E-15, -137.5071426749364036 ) ) ;
#638 = APPLICATION_CONTEXT ( 'automotive_design' ) ;
#639 = VECTOR ( 'NONE', #1239, 1000.000000000000000 ) ;
#640 = ORIENTED_EDGE ( 'NONE', *, *, #1272, .F. ) ;
#641 = DIRECTION ( 'NONE',  ( 3.430248998885766176E-15, -1.000000000000000000, -0.000000000000000000 ) ) ;
#642 = PLANE ( 'NONE',  #1818 ) ;
#643 = CARTESIAN_POINT ( 'NONE',  ( 15.02723617137708345, 122.7289829659501237, 2.500000000000005329 ) ) ;
#644 = CARTESIAN_POINT ( 'NONE',  ( -60.00000000000000000, 75.00000000000007105, 60.00000000000003553 ) ) ;
#645 = VERTEX_POINT ( 'NONE', #1341 ) ;
#646 = DIRECTION ( 'NONE',  ( 0.000000000000000000, 0.000000000000000000, -1.000000000000000000 ) ) ;
#647 = CARTESIAN_POINT ( 'NONE',  ( 137.5071426749360342, 124.7950153186923075, -4.092564385417028383 ) ) ;
#648 = CARTESIAN_POINT ( 'NONE',  ( 140.0071426749364036, 74.99999999999987210, -2.499999999999999556 ) ) ;
#649 = ADVANCED_FACE ( 'NONE', ( #2820 ), #2048, .F. ) ;
#650 = CARTESIAN_POINT ( 'NONE',  ( 166.4438113610946743, 117.3731783433124747, -137.5071426749364605 ) ) ;
#651 = B_SPLINE_CURVE_WITH_KNOTS ( 'NONE', 3,
 ( #2900, #179, #1185, #2177, #934, #1928, #2935, #1629, #1691, #2441, #2112, #3109, #766, #1249, #1011, #231, #2954, #751, #1764, #1750, #1202, #487, #2461, #1942, #213, #1508, #261, #1973, #2985, #2489, #737, #453, #2476, #1495 ),
 .UNSPECIFIED., .F., .F.,
 ( 4, 2, 2, 2, 2, 2, 2, 2, 2, 2, 2, 2, 2, 2, 2, 2, 4 ),
 ( 9.255302498196466045E-17, 0.004771606103980965616, 0.009543212207961837557, 0.01908642441592359532, 0.02385803051990446205, 0.02862963662388532879, 0.03817284883184706573, 0.04055865188383749737, 0.04294445493582793594, 0.04771606103980884084, 0.05248766714378973186, 0.05487347019578017737, 0.05725927324777062288, 0.06680248545573241881, 0.07157409155971333758, 0.07395989461170381085, 0.07634569766369428412 ),
 .UNSPECIFIED. ) ;
#652 = CARTESIAN_POINT ( 'NONE',  ( 90.08876447256120912, 76.59380932050466129, -2.500000000000003553 ) ) ;
#653 = EDGE_LOOP ( 'NONE', ( #2302, #1022, #2169 ) ) ;
#654 = VECTOR ( 'NONE', #3132, 1000.000000000000000 ) ;
#655 = CARTESIAN_POINT ( 'NONE',  ( 137.5071426749361194, 113.7721276588419670, -171.6356610733911907 ) ) ;
#656 = FACE_OUTER_BOUND ( 'NONE', #2000, .T. ) ;
#657 = CARTESIAN_POINT ( 'NONE',  ( 110.5606325772227905, 74.99999999999971578, -48.82868361499704690 ) ) ;
#658 = DIRECTION ( 'NONE',  ( -1.000000000000000000, 0.000000000000000000, -0.000000000000000000 ) ) ;
#659 = ORIENTED_EDGE ( 'NONE', *, *, #127, .F. ) ;
#660 = CARTESIAN_POINT ( 'NONE',  ( 186.9518777208238873, 92.04633637176317507, -2.499999999999992895 ) ) ;
#661 = CARTESIAN_POINT ( 'NONE',  ( -2.500000000000386358, 124.8748433581500166, -142.5071426749364036 ) ) ;
#662 = AXIS2_PLACEMENT_3D ( 'NONE', #1600, #2819, #1548 ) ;
#663 = CARTESIAN_POINT ( 'NONE',  ( 8.037704840444320098, 124.2927734263730031, 2.499999999999996447 ) ) ;
#664 = CARTESIAN_POINT ( 'NONE',  ( 109.1255429665657175, 123.1839438782807434, 1.272928738745848554 ) ) ;
#665 = ORIENTED_EDGE ( 'NONE', *, *, #2789, .T. ) ;
#666 = CARTESIAN_POINT ( 'NONE',  ( 2.499999999999642952, 116.0625525579282709, 28.42960840029283176 ) ) ;
#667 = CARTESIAN_POINT ( 'NONE',  ( 137.5071426749360910, 104.5573351570813685, -40.28151676638440648 ) ) ;
#668 = CARTESIAN_POINT ( 'NONE',  ( 137.5071426749360057, 119.7130273605284998, 22.29293092970188894 ) ) ;
#669 = CARTESIAN_POINT ( 'NONE',  ( 49.93746088859544585, 78.19200113037186384, -142.5071426749364321 ) ) ;
#670 = ORIENTED_EDGE ( 'NONE', *, *, #320, .T. ) ;
#671 = EDGE_CURVE ( 'NONE', #351, #1225, #2329, .T. ) ;
#672 = DIRECTION ( 'NONE',  ( 0.000000000000000000, 1.000000000000000000, -0.000000000000000000 ) ) ;
#673 = CARTESIAN_POINT ( 'NONE',  ( 137.5071426749360626, 116.0625525579282424, -111.5775342746435683 ) ) ;
#674 = PLANE ( 'NONE',  #1271 ) ;
#675 = LINE ( 'NONE', #131, #2417 ) ;
#676 = EDGE_LOOP ( 'NONE', ( #768, #3061, #1995 ) ) ;
#677 = CARTESIAN_POINT ( 'NONE',  ( 178.3145827032865611, 107.0455866223967689, -2.500000000000016431 ) ) ;
#678 = EDGE_LOOP ( 'NONE', ( #164, #957, #229, #2898 ) ) ;
#679 = LINE ( 'NONE', #1682, #2001 ) ;
#680 = PRODUCT_DEFINITION_SHAPE ( 'NONE', 'NONE',  #386 ) ;
#681 = LINE ( 'NONE', #171, #2415 ) ;
#682 = ORIENTED_EDGE ( 'NONE', *, *, #2830, .F. ) ;
#683 = CARTESIAN_POINT ( 'NONE',  ( 90.67665613825457172, 82.92036067641910790, 2.500000000000002665 ) ) ;
#684 = CARTESIAN_POINT ( 'NONE',  ( 91.17845905993901567, 102.8744685292335248, -110.5606325772229610 ) ) ;
#685 = CARTESIAN_POINT ( 'NONE',  ( -40.28151676638474044, 104.5573351570812264, -2.499999999999999556 ) ) ;
#686 = CARTESIAN_POINT ( 'NONE',  ( 46.94473504588764001, 92.04633637176280558, -142.5071426749364321 ) ) ;
#687 = VERTEX_POINT ( 'NONE', #2543 ) ;
#688 = CARTESIAN_POINT ( 'NONE',  ( 137.5071426749361763, 81.35617519959077981, -189.5639583472399750 ) ) ;
#689 = CARTESIAN_POINT ( 'NONE',  ( 137.5071426749361763, 87.50161034606404087, -91.63391938155119476 ) ) ;
#690 = LINE ( 'NONE', #1396, #3182 ) ;
#691 = CARTESIAN_POINT ( 'NONE',  ( 2.499999999999631850, 116.5184527502977829, -27.79282004475320988 ) ) ;
#692 =( BOUNDED_SURFACE ( )  B_SPLINE_SURFACE ( 3, 3, ( 
 ( #559, #2003, #2017, #2054 ),
 ( #2580, #2268, #61, #3028 ),
 ( #1571, #3063, #782, #764 ),
 ( #1780, #2778, #2072, #3080 ) ),
 .UNSPECIFIED., .F., .F., .F. ) 
 B_SPLINE_SURFACE_WITH_KNOTS ( ( 4, 4 ),
 ( 4, 4 ),
 ( 0.000000000000000000, 1.000000000000000000 ),
 ( 0.000000000000000000, 1.000000000000000000 ),
 .UNSPECIFIED. ) 
 GEOMETRIC_REPRESENTATION_ITEM ( )  RATIONAL_B_SPLINE_SURFACE ( (
 ( 1.000000000000000000, 0.8237525346917969893, 0.8237525346917969893, 1.000000000000000000),
 ( 0.8190699571006416768, 0.6747109532515550567, 0.6747109532515550567, 0.8190699571006416768),
 ( 0.8190699571006416768, 0.6747109532515550567, 0.6747109532515550567, 0.8190699571006416768),
 ( 1.000000000000000000, 0.8237525346917969893, 0.8237525346917969893, 1.000000000000000000) ) ) 
 REPRESENTATION_ITEM ( '' )  SURFACE ( )  );
#693 = VERTEX_POINT ( 'NONE', #300 ) ;
#694 = CARTESIAN_POINT ( 'NONE',  ( 142.5071426749361763, 75.00000000000035527, -90.06968178634069488 ) ) ;
#695 = EDGE_CURVE ( 'NONE', #1946, #1933, #180, .T. ) ;
#696 = VERTEX_POINT ( 'NONE', #1354 ) ;
#697 = CARTESIAN_POINT ( 'NONE',  ( -49.78482002937024475, 78.98169942736780058, -142.5071426749364036 ) ) ;
#698 = VECTOR ( 'NONE', #532, 1000.000000000000000 ) ;
#699 = CARTESIAN_POINT ( 'NONE',  ( 155.0343788463133308, 122.7289829659500811, -137.5071426749363752 ) ) ;
#700 = ORIENTED_EDGE ( 'NONE', *, *, #1295, .F. ) ;
#701 = CARTESIAN_POINT ( 'NONE',  ( -2.500000000000333067, 103.2567445005945501, 41.20426945856063838 ) ) ;
#702 = CARTESIAN_POINT ( 'NONE',  ( -31.62851839845533419, 113.7721276588416970, -2.500000000000000000 ) ) ;
#703 = DIRECTION ( 'NONE',  ( 3.430248998885766176E-15, -1.000000000000000000, -0.000000000000000000 ) ) ;
#704 = ORIENTED_EDGE ( 'NONE', *, *, #695, .T. ) ;
#705 = CYLINDRICAL_SURFACE ( 'NONE', #3051, 24.99999999999999289 ) ;
#706 = CARTESIAN_POINT ( 'NONE',  ( 140.0071426749364036, 0.000000000000000000, -140.0071426749364036 ) ) ;
#707 = CARTESIAN_POINT ( 'NONE',  ( 142.5071426749360626, 107.0295737201738575, -178.3279492715120398 ) ) ;
#708 = CARTESIAN_POINT ( 'NONE',  ( 2.499999999999696687, 108.2291978768622442, -37.28536199862536904 ) ) ;
#709 = VERTEX_POINT ( 'NONE', #2576 ) ;
#710 = CARTESIAN_POINT ( 'NONE',  ( 142.5071426749360342, 122.7289829659501095, -124.9799065035591070 ) ) ;
#711 = ORIENTED_EDGE ( 'NONE', *, *, #2348, .F. ) ;
#712 = CARTESIAN_POINT ( 'NONE',  ( 29.44651009771311934, 74.99999999999991473, 48.82868361499693322 ) ) ;
#713 = ADVANCED_FACE ( 'NONE', ( #71 ), #1369, .T. ) ;
#714 = EDGE_CURVE ( 'NONE', #874, #220, #1338, .T. ) ;
#715 = ORIENTED_EDGE ( 'NONE', *, *, #1848, .F. ) ;
#716 = CARTESIAN_POINT ( 'NONE',  ( 98.81540039592918845, 103.2747571694204964, 2.499999999999998668 ) ) ;
#717 = DIRECTION ( 'NONE',  ( 3.430248998885766176E-15, -1.000000000000000000, -0.000000000000000000 ) ) ;
#718 = DIRECTION ( 'NONE',  ( 0.000000000000000000, 0.000000000000000000, -1.000000000000000000 ) ) ;
#719 = VERTEX_POINT ( 'NONE', #2838 ) ;
#720 = CARTESIAN_POINT ( 'NONE',  ( 151.1724834807646118, 123.6797482769719352, -142.5071426749364605 ) ) ;
#721 = CARTESIAN_POINT ( 'NONE',  ( 99.72562590855190479, 104.5573351570815532, -142.5071426749364605 ) ) ;
#722 = CARTESIAN_POINT ( 'NONE',  ( -2.500000000000472955, 150.0000000000000000, 2.500000000000000444 ) ) ;
#723 = CARTESIAN_POINT ( 'NONE',  ( 2.499999999999798828, 75.79728191964655082, -49.93746088859570875 ) ) ;
#724 = VECTOR ( 'NONE', #1155, 1000.000000000000000 ) ;
#725 = AXIS2_PLACEMENT_3D ( 'NONE', #2817, #2061, #2607 ) ;
#726 = AXIS2_PLACEMENT_3D ( 'NONE', #1463, #2475, #1722 ) ;
#727 = EDGE_LOOP ( 'NONE', ( #1378, #922, #177, #1700, #1387 ) ) ;
#728 = CARTESIAN_POINT ( 'NONE',  ( 1.272928738745441768, 123.1839438782808287, 30.88159970837026691 ) ) ;
#729 = DIRECTION ( 'NONE',  ( 0.000000000000000000, 0.000000000000000000, -1.000000000000000000 ) ) ;
#730 = ORIENTED_EDGE ( 'NONE', *, *, #2129, .T. ) ;
#731 = ADVANCED_FACE ( 'NONE', ( #2362 ), #905, .T. ) ;
#732 = DIRECTION ( 'NONE',  ( -1.000000000000000000, -3.430248998885766176E-15, 0.000000000000000000 ) ) ;
#733 = CYLINDRICAL_SURFACE ( 'NONE', #3176, 25.00000000000013145 ) ;
#734 = DIRECTION ( 'NONE',  ( -0.000000000000000000, 0.000000000000000000, 1.000000000000000000 ) ) ;
#735 = EDGE_CURVE ( 'NONE', #881, #696, #3005, .T. ) ;
#736 = CARTESIAN_POINT ( 'NONE',  ( 174.0263853996407875, 111.6934866489469584, -142.5071426749364036 ) ) ;
#737 = CARTESIAN_POINT ( 'NONE',  ( -49.84213279940045993, 78.18535845901584480, -137.5071426749364036 ) ) ;
#738 = CARTESIAN_POINT ( 'NONE',  ( 142.5071426749360342, 119.7043890370416079, -162.3181447500320758 ) ) ;
#739 = ORIENTED_EDGE ( 'NONE', *, *, #1948, .T. ) ;
#740 = CARTESIAN_POINT ( 'NONE',  ( -29.44651009771357408, 74.99999999999970157, 48.82868361499699006 ) ) ;
#741 = DIRECTION ( 'NONE',  ( -0.000000000000000000, -1.000000000000000000, -0.000000000000000000 ) ) ;
#742 = VECTOR ( 'NONE', #95, 1000.000000000000000 ) ;
#743 = CARTESIAN_POINT ( 'NONE',  ( -37.28536199862576694, 108.2291978768621163, 2.500000000000004441 ) ) ;
#744 = ORIENTED_EDGE ( 'NONE', *, *, #852, .F. ) ;
#745 = VECTOR ( 'NONE', #1597, 1000.000000000000000 ) ;
#746 = CARTESIAN_POINT ( 'NONE',  ( 113.5376539399968721, 117.3748048879422470, 2.499999999999995559 ) ) ;
#747 = DIRECTION ( 'NONE',  ( -3.430248998885766176E-15, 1.000000000000000000, 0.000000000000000000 ) ) ;
#748 = DIRECTION ( 'NONE',  ( 1.000000000000000000, 3.330669073875451477E-15, 0.000000000000000000 ) ) ;
#749 = EDGE_CURVE ( 'NONE', #2108, #2236, #2874, .T. ) ;
#750 = CARTESIAN_POINT ( 'NONE',  ( 187.7132207836336590, 89.78199444412047114, -142.5071426749364036 ) ) ;
#751 = CARTESIAN_POINT ( 'NONE',  ( -40.28151676638476175, 104.5573351570812406, -137.5071426749363752 ) ) ;
#752 = CARTESIAN_POINT ( 'NONE',  ( 142.5071426749360342, 121.6920770745269920, -157.9974953548239966 ) ) ;
#753 = ORIENTED_EDGE ( 'NONE', *, *, #2510, .F. ) ;
#754 = AXIS2_PLACEMENT_3D ( 'NONE', #1049, #2275, #1285 ) ;
#755 = CARTESIAN_POINT ( 'NONE',  ( 142.5071426749360626, 116.0625525579283561, -111.5775342746437246 ) ) ;
#756 = CARTESIAN_POINT ( 'NONE',  ( 174.0263853996407590, 111.6934866489469300, 2.500000000000004441 ) ) ;
#757 = CARTESIAN_POINT ( 'NONE',  ( 2.059233873801456838, 102.8744685292335674, -189.9647202368340970 ) ) ;
#758 = VERTEX_POINT ( 'NONE', #1698 ) ;
#759 = B_SPLINE_CURVE_WITH_KNOTS ( 'NONE', 3,
 ( #1657, #2194, #1426, #375, #1628, #403, #3125, #2124, #2884, #2684, #2899, #655, #3139, #2386, #2635, #634, #195, #2620, #144, #1643, #2159, #2652, #3157, #2666, #390, #1379, #3190, #1147, #688, #1896, #1927, #2919, #1690, #2422 ),
 .UNSPECIFIED., .F., .F.,
 ( 4, 2, 2, 2, 2, 2, 2, 2, 2, 2, 2, 2, 2, 2, 2, 2, 4 ),
 ( 0.000000000000000000, 0.004771606103980891023, 0.009543212207961782045, 0.01908642441592349123, 0.02385803051990431634, 0.02862963662388514144, 0.03817284883184680205, 0.04055865188383724063, 0.04294445493582768614, 0.04771606103980861879, 0.05248766714378955839, 0.05487347019577999002, 0.05725927324777041472, 0.06680248545573212737, 0.07157409155971297676, 0.07395989461170340840, 0.07634569766369382615 ),
 .UNSPECIFIED. ) ;
#760 = CARTESIAN_POINT ( 'NONE',  ( 2.499999999999664713, 108.2464467495918257, -102.7371364765769925 ) ) ;
#761 = CARTESIAN_POINT ( 'NONE',  ( -2.500000000000355715, 113.7596893674159872, -108.3614449893562153 ) ) ;
#762 = CARTESIAN_POINT ( 'NONE',  ( 41.20426945856029022, 103.2567445005947064, -137.5071426749364036 ) ) ;
#763 = ORIENTED_EDGE ( 'NONE', *, *, #671, .F. ) ;
#764 = CARTESIAN_POINT ( 'NONE',  ( 138.7342139361901445, 123.1839438782810419, -170.8887423833066066 ) ) ;
#765 = CARTESIAN_POINT ( 'NONE',  ( 148.0448475153806953, 124.2927734263729889, -142.5071426749364036 ) ) ;
#766 = CARTESIAN_POINT ( 'NONE',  ( -34.00782169760245210, 111.7065120298386915, -137.5071426749364321 ) ) ;
#767 = DIRECTION ( 'NONE',  ( -1.000000000000000000, -3.430248998885766176E-15, 0.000000000000000000 ) ) ;
#768 = ORIENTED_EDGE ( 'NONE', *, *, #829, .F. ) ;
#769 = EDGE_CURVE ( 'NONE', #1470, #220, #679, .T. ) ;
#770 = ORIENTED_EDGE ( 'NONE', *, *, #829, .T. ) ;
#771 = CARTESIAN_POINT ( 'NONE',  ( 24.87468592766549946, 8.532636650097245285E-14, -2.499999999999999556 ) ) ;
#772 = AXIS2_PLACEMENT_3D ( 'NONE', #2562, #318, #2332 ) ;
#773 = FACE_OUTER_BOUND ( 'NONE', #51, .T. ) ;
#774 = AXIS2_PLACEMENT_3D ( 'NONE', #2005, #2735, #247 ) ;
#775 =( BOUNDED_SURFACE ( )  B_SPLINE_SURFACE ( 3, 3, ( 
 ( #985, #507, #712, #1486 ),
 ( #221, #2974, #1712, #2482 ),
 ( #998, #2496, #1993, #728 ),
 ( #2707, #1514, #253, #1226 ) ),
 .UNSPECIFIED., .F., .F., .F. ) 
 B_SPLINE_SURFACE_WITH_KNOTS ( ( 4, 4 ),
 ( 4, 4 ),
 ( 0.000000000000000000, 1.000000000000000000 ),
 ( 0.000000000000000000, 1.000000000000000000 ),
 .UNSPECIFIED. ) 
 GEOMETRIC_REPRESENTATION_ITEM ( )  RATIONAL_B_SPLINE_SURFACE ( (
 ( 1.000000000000000000, 0.8237525346917973224, 0.8237525346917973224, 1.000000000000000000),
 ( 0.8190699571006432311, 0.6747109532515566110, 0.6747109532515566110, 0.8190699571006432311),
 ( 0.8190699571006432311, 0.6747109532515566110, 0.6747109532515566110, 0.8190699571006432311),
 ( 1.000000000000000000, 0.8237525346917973224, 0.8237525346917973224, 1.000000000000000000) ) ) 
 REPRESENTATION_ITEM ( '' )  SURFACE ( )  );
#776 = VECTOR ( 'NONE', #146, 1000.000000000000000 ) ;
#777 = CARTESIAN_POINT ( 'NONE',  ( 18.20255068451530533, 123.1839438782809282, -170.1909092880531205 ) ) ;
#778 = CARTESIAN_POINT ( 'NONE',  ( 2.499999999999618083, 123.6797482769718783, -128.8418018691078260 ) ) ;
#779 = CARTESIAN_POINT ( 'NONE',  ( -2.500000000000381029, 123.8522042307480575, -129.6222302044648416 ) ) ;
#780 = LINE ( 'NONE', #2052, #1854 ) ;
#781 = ORIENTED_EDGE ( 'NONE', *, *, #2312, .T. ) ;
#782 = CARTESIAN_POINT ( 'NONE',  ( 121.8045919904202492, 123.1839438782810134, -170.1909092880530352 ) ) ;
#783 = DIRECTION ( 'NONE',  ( 0.000000000000000000, 0.000000000000000000, 1.000000000000000000 ) ) ;
#784 = DIRECTION ( 'NONE',  ( 3.430248998885766176E-15, -1.000000000000000000, -0.000000000000000000 ) ) ;
#785 = CARTESIAN_POINT ( 'NONE',  ( 94.23951725961670434, 94.99269237210870642, -2.500000000000001776 ) ) ;
#786 = EDGE_LOOP ( 'NONE', ( #2829, #1767, #1538, #279, #3026, #1158, #3122, #2555 ) ) ;
#787 = ORIENTED_EDGE ( 'NONE', *, *, #1254, .F. ) ;
#788 = CARTESIAN_POINT ( 'NONE',  ( 29.44651009771306249, 102.8744685292336953, -48.82868361499704690 ) ) ;
#789 = EDGE_CURVE ( 'NONE', #1223, #1190, #3115, .T. ) ;
#790 = CARTESIAN_POINT ( 'NONE',  ( 115.1324567472709077, -20.00000000000000000, -2.499999999999999556 ) ) ;
#791 = CARTESIAN_POINT ( 'NONE',  ( 2.499999999999791722, 81.35617519959038191, -189.5639583472400886 ) ) ;
#792 = EDGE_CURVE ( 'NONE', #183, #2391, #222, .T. ) ;
#793 = CARTESIAN_POINT ( 'NONE',  ( 27.77382800646384453, 116.5090131417650952, -2.499999999999996891 ) ) ;
#794 = CARTESIAN_POINT ( 'NONE',  ( 2.499999999999613642, 124.8748433581500308, -137.5071426749364036 ) ) ;
#795 = CARTESIAN_POINT ( 'NONE',  ( -2.500000000000361933, 119.7130273605284287, -117.7142117452344365 ) ) ;
#796 = CARTESIAN_POINT ( 'NONE',  ( -2.500000000000355715, 118.9668005728630504, -163.7385221242296041 ) ) ;
#797 = ORIENTED_EDGE ( 'NONE', *, *, #1355, .F. ) ;
#798 = CIRCLE ( 'NONE', #1642, 25.00000000000027356 ) ;
#799 = LINE ( 'NONE', #2795, #875 ) ;
#800 = DIRECTION ( 'NONE',  ( 1.000000000000000000, -0.000000000000000000, 0.000000000000000000 ) ) ;
#801 = CARTESIAN_POINT ( 'NONE',  ( 143.0910391504089318, 124.9046433086420080, -139.8800255408495161 ) ) ;
#802 = CARTESIAN_POINT ( 'NONE',  ( 93.92611750143188942, 94.25922629496562877, -2.499999999999970246 ) ) ;
#803 = EDGE_LOOP ( 'NONE', ( #2334, #2158, #280 ) ) ;
#804 = DIRECTION ( 'NONE',  ( -1.000000000000000000, -3.430248998885766176E-15, 0.000000000000000000 ) ) ;
#805 = CARTESIAN_POINT ( 'NONE',  ( -49.95757756189804155, 102.8744685292333969, -142.0663765487381625 ) ) ;
#806 = FACE_BOUND ( 'NONE', #2924, .T. ) ;
#807 = CARTESIAN_POINT ( 'NONE',  ( 2.499999999999619416, 124.7950153186923217, -144.0997070603534667 ) ) ;
#808 = AXIS2_PLACEMENT_3D ( 'NONE', #365, #350, #2627 ) ;
#809 = CARTESIAN_POINT ( 'NONE',  ( 140.0071426749364036, 0.000000000000000000, 0.000000000000000000 ) ) ;
#810 = EDGE_CURVE ( 'NONE', #719, #2289, #1253, .T. ) ;
#811 = CARTESIAN_POINT ( 'NONE',  ( 2.499999999999669598, 107.0455866223964136, -101.6997026465857346 ) ) ;
#812 = CARTESIAN_POINT ( 'NONE',  ( -2.500000000000313527, 106.4294357334342749, -101.1925157278161862 ) ) ;
#813 = CARTESIAN_POINT ( 'NONE',  ( -2.500000000000344169, 111.7065120298388194, -174.0149643725384294 ) ) ;
#814 = EDGE_LOOP ( 'NONE', ( #462, #11, #2058, #1622, #715 ) ) ;
#815 = CARTESIAN_POINT ( 'NONE',  ( 29.44651009771311934, 74.99999999999991473, -91.17845905993948463 ) ) ;
#816 = CARTESIAN_POINT ( 'NONE',  ( 137.5071426749360342, 124.8748433581500166, -137.5071426749364036 ) ) ;
#817 = CARTESIAN_POINT ( 'NONE',  ( 142.5071426749360057, 124.8748433581500450, -2.499999999999994227 ) ) ;
#818 = CARTESIAN_POINT ( 'NONE',  ( 101.6863360783602417, 107.0295737201734596, -2.499999999999991562 ) ) ;
#819 = ORIENTED_EDGE ( 'NONE', *, *, #1533, .F. ) ;
#820 = CARTESIAN_POINT ( 'NONE',  ( -2.500000000000386358, 123.8697370969314733, -10.39287060369196247 ) ) ;
#821 = CARTESIAN_POINT ( 'NONE',  ( 2.499999999999613642, 124.8748433581500308, -137.5071426749364036 ) ) ;
#822 = CARTESIAN_POINT ( 'NONE',  ( -60.00000000000000000, -20.00000000000000000, -200.0071426749364036 ) ) ;
#823 = CARTESIAN_POINT ( 'NONE',  ( -3.083896475473468790, 124.9046433086420080, -139.8800255408495161 ) ) ;
#824 = CARTESIAN_POINT ( 'NONE',  ( 2.499999999999611866, 124.6393548566891525, -145.6830367285830903 ) ) ;
#825 = CARTESIAN_POINT ( 'NONE',  ( 45.19565195265146684, 96.47471520684121060, -2.499999999999980904 ) ) ;
#826 = DIRECTION ( 'NONE',  ( -1.000000000000000000, 0.000000000000000000, -0.000000000000000000 ) ) ;
#827 = CARTESIAN_POINT ( 'NONE',  ( -2.500000000000233147, 81.33236206955994874, -90.37290736679884162 ) ) ;
#828 = CARTESIAN_POINT ( 'NONE',  ( 8.821827560899681231, 124.1585152715968690, -137.5071426749364036 ) ) ;
#829 = EDGE_CURVE ( 'NONE', #1208, #3241, #265, .T. ) ;
#830 = CARTESIAN_POINT ( 'NONE',  ( 3.014209508371012980, 124.9046433086420222, -138.1894006398506463 ) ) ;
#831 = CARTESIAN_POINT ( 'NONE',  ( 91.57205128529997751, 87.55818389890318088, -137.5071426749363184 ) ) ;
#832 = CARTESIAN_POINT ( 'NONE',  ( 142.5071426749361194, 76.59380932050535762, -49.91837820237489609 ) ) ;
#833 = ADVANCED_FACE ( 'NONE', ( #958 ), #775, .T. ) ;
#834 = CARTESIAN_POINT ( 'NONE',  ( 134.3312486212892622, 124.6393548566891667, -2.500000000000005329 ) ) ;
#835 = ORIENTED_EDGE ( 'NONE', *, *, #1948, .F. ) ;
#836 = B_SPLINE_CURVE_WITH_KNOTS ( 'NONE', 3,
 ( #2199, #89, #1342, #201, #842, #588, #409, #660, #3144, #442, #956, #1839, #2839, #2164, #677, #1603, #149, #2595, #904, #1399, #423, #1662, #1152, #1900, #2656, #2942, #1416, #1449, #2410, #165, #1680, #2671, #1433, #2427 ),
 .UNSPECIFIED., .F., .F.,
 ( 4, 2, 2, 2, 2, 2, 2, 2, 2, 2, 2, 2, 2, 2, 2, 2, 4 ),
 ( 5.201856949075076998E-16, 0.009440086100413214512, 0.01416012915061953988, 0.01652015067572269388, 0.01888017220082584616, 0.02832025830123845178, 0.03304030135144475633, 0.03540032287654790860, 0.03776034440165106087, 0.04720043050206387120, 0.04956045202716710674, 0.05192047355227033534, 0.05664051660247689662, 0.06608060270289008165, 0.06844062422799336576, 0.07080064575309667763, 0.07552068880330327361 ),
 .UNSPECIFIED. ) ;
#837 = CARTESIAN_POINT ( 'NONE',  ( -2.500000000000373479, 121.6920770745269635, -17.99035267988766051 ) ) ;
#838 = CARTESIAN_POINT ( 'NONE',  ( 2.059233873801551429, 74.99999999999981526, -49.95757756189758680 ) ) ;
#839 = FACE_BOUND ( 'NONE', #1635, .T. ) ;
#840 = CARTESIAN_POINT ( 'NONE',  ( 2.499999999999709122, 99.26337362625571359, -183.6825319031300410 ) ) ;
#841 = DIRECTION ( 'NONE',  ( 3.430248998885766176E-15, -1.000000000000000000, -0.000000000000000000 ) ) ;
#842 = CARTESIAN_POINT ( 'NONE',  ( 188.3803659683211720, 87.50161034606459509, -2.499999999999966693 ) ) ;
#843 = CARTESIAN_POINT ( 'NONE',  ( 24.87468592766563091, 8.532636650097289461E-14, -2.499999999999999556 ) ) ;
#844 = CARTESIAN_POINT ( 'NONE',  ( -2.500000000000368594, 122.7333982440218136, -155.0179569536738029 ) ) ;
#845 = ORIENTED_EDGE ( 'NONE', *, *, #2960, .T. ) ;
#846 = CARTESIAN_POINT ( 'NONE',  ( 2.499999999999617639, 124.6391309656181932, 5.677633454317905226 ) ) ;
#847 = CARTESIAN_POINT ( 'NONE',  ( 113.5376539399967584, 117.3748048879421333, -137.5071426749364321 ) ) ;
#848 = CARTESIAN_POINT ( 'NONE',  ( 142.5071426749360057, 108.2291978768624574, -37.28536199862518430 ) ) ;
#849 = B_SPLINE_CURVE_WITH_KNOTS ( 'NONE', 3,
 ( #2501, #468, #1475, #257, #207, #2993, #1230, #2455, #192, #1005, #1982, #1214, #1687, #2189, #1732, #3206, #1718, #2965, #1245, #2472, #2224, #977, #2486, #1968, #2730, #242, #557, #2822, #2530, #335, #525, #1343, #2316, #3075 ),
 .UNSPECIFIED., .F., .F.,
 ( 4, 2, 2, 2, 2, 2, 2, 2, 2, 2, 2, 2, 2, 2, 2, 2, 4 ),
 ( 5.350152689265540011E-16, 0.009440086100413387984, 0.01416012915061979315, 0.01652015067572299920, 0.01888017220082620004, 0.02832025830123903465, 0.03304030135144545022, 0.03540032287654865800, 0.03776034440165187273, 0.04720043050206473162, 0.04956045202716794634, 0.05192047355227114719, 0.05664051660247757664, 0.06608060270289044247, 0.06844062422799364331, 0.07080064575309685804, 0.07552068880330328748 ),
 .UNSPECIFIED. ) ;
#850 = ORIENTED_EDGE ( 'NONE', *, *, #1748, .T. ) ;
#851 = VECTOR ( 'NONE', #1012, 1000.000000000000000 ) ;
#852 = EDGE_CURVE ( 'NONE', #2103, #1062, #1017, .T. ) ;
#853 = EDGE_CURVE ( 'NONE', #382, #2979, #2509, .T. ) ;
#854 = CARTESIAN_POINT ( 'NONE',  ( -2.500000000000242473, 76.59380932050487445, -49.91837820237493872 ) ) ;
#855 = CARTESIAN_POINT ( 'NONE',  ( 18.20255068451532310, 123.1839438782809282, -30.18376661311673814 ) ) ;
#856 = FACE_BOUND ( 'NONE', #2218, .T. ) ;
#857 = CARTESIAN_POINT ( 'NONE',  ( 2.499999999999668265, 104.5573351570814395, -180.2886594413207888 ) ) ;
#858 = CARTESIAN_POINT ( 'NONE',  ( 38.30744002835032092, 107.0455866223965131, -2.499999999999983125 ) ) ;
#859 = CARTESIAN_POINT ( 'NONE',  ( 142.5071426749359205, 75.00000000000036948, -137.5071426749364036 ) ) ;
#860 = CARTESIAN_POINT ( 'NONE',  ( 0.000000000000000000, 0.000000000000000000, 0.000000000000000000 ) ) ;
#861 = CARTESIAN_POINT ( 'NONE',  ( 139.8800255408491466, 124.9046433086420365, -136.9232461994637049 ) ) ;
#862 = CARTESIAN_POINT ( 'NONE',  ( -2.500000000000386358, 124.8748433581500166, -2.499999999999999556 ) ) ;
#863 = CARTESIAN_POINT ( 'NONE',  ( 46.66677822977155188, 92.79299248140483769, -142.5071426749364889 ) ) ;
#864 = ORIENTED_EDGE ( 'NONE', *, *, #735, .T. ) ;
#865 = CARTESIAN_POINT ( 'NONE',  ( -60.00000000000000000, 74.99999999999961631, -200.0071426749364036 ) ) ;
#866 = CARTESIAN_POINT ( 'NONE',  ( 137.5071426749360910, 108.8326382375254298, -103.2685285575676488 ) ) ;
#867 = CARTESIAN_POINT ( 'NONE',  ( 171.6528403605161088, 113.7596893674162288, -137.5071426749364036 ) ) ;
#868 = PLANE ( 'NONE',  #1991 ) ;
#869 = ADVANCED_FACE ( 'NONE', ( #1740, #1529 ), #2010, .F. ) ;
#870 = EDGE_CURVE ( 'NONE', #1544, #2979, #1755, .T. ) ;
#871 = CARTESIAN_POINT ( 'NONE',  ( -46.08102517350453553, 94.25922629496565719, -142.5071426749364036 ) ) ;
#872 = FACE_OUTER_BOUND ( 'NONE', #814, .T. ) ;
#873 = LINE ( 'NONE', #103, #654 ) ;
#874 = VERTEX_POINT ( 'NONE', #2261 ) ;
#875 = VECTOR ( 'NONE', #1312, 1000.000000000000000 ) ;
#876 = VECTOR ( 'NONE', #2866, 1000.000000000000000 ) ;
#877 = CARTESIAN_POINT ( 'NONE',  ( 2.499999999999628297, 119.7130273605284430, 22.29293092970199552 ) ) ;
#878 = CARTESIAN_POINT ( 'NONE',  ( 137.5071426749361194, 96.44085474756488452, -45.10735008994203810 ) ) ;
#879 = CARTESIAN_POINT ( 'NONE',  ( -10.39287060369247051, 123.8697370969314164, -2.500000000000002220 ) ) ;
#880 = CARTESIAN_POINT ( 'NONE',  ( 27.77382800646380900, 116.5090131417651094, -142.5071426749364036 ) ) ;
#881 = VERTEX_POINT ( 'NONE', #3020 ) ;
#882 = UNCERTAINTY_MEASURE_WITH_UNIT (LENGTH_MEASURE( 1.000000000000000082E-05 ), #2425, 'distance_accuracy_value', 'NONE');
#883 = CARTESIAN_POINT ( 'NONE',  ( 169.4536527726495194, 74.99999999999991473, -48.82868361499696874 ) ) ;
#884 = CARTESIAN_POINT ( 'NONE',  ( 137.5071426749360342, 123.8522042307480717, -129.6222302044648984 ) ) ;
#885 = CARTESIAN_POINT ( 'NONE',  ( -2.572686749164319035E-13, 74.99999999999982947, 0.000000000000000000 ) ) ;
#886 = DIRECTION ( 'NONE',  ( 3.430248998885766176E-15, -1.000000000000000000, -0.000000000000000000 ) ) ;
#887 = VERTEX_POINT ( 'NONE', #2219 ) ;
#888 = CARTESIAN_POINT ( 'NONE',  ( -31.62851839845531998, 113.7721276588416970, -142.5071426749363752 ) ) ;
#889 = ADVANCED_FACE ( 'NONE', ( #773 ), #971, .F. ) ;
#890 = CARTESIAN_POINT ( 'NONE',  ( 36.73861411736838534, 108.8326382375255434, 2.499999999999999556 ) ) ;
#891 = CARTESIAN_POINT ( 'NONE',  ( -2.500000000000204725, 81.35617519959035349, -189.5639583472400602 ) ) ;
#892 = ORIENTED_EDGE ( 'NONE', *, *, #150, .F. ) ;
#893 = CARTESIAN_POINT ( 'NONE',  ( 2.499999999999643396, 116.5090131417650099, 27.77382800646420691 ) ) ;
#894 = CARTESIAN_POINT ( 'NONE',  ( 137.5071426749360910, 106.4192685746611602, -38.82268957556212996 ) ) ;
#895 = CARTESIAN_POINT ( 'NONE',  ( 137.5071426749360626, 117.7906337582923584, 25.75542838702312309 ) ) ;
#896 = CARTESIAN_POINT ( 'NONE',  ( 31.64569768557985796, 113.7596893674161294, -142.5071426749363468 ) ) ;
#897 = EDGE_LOOP ( 'NONE', ( #3117, #2959, #402 ) ) ;
#898 = CARTESIAN_POINT ( 'NONE',  ( 170.1909092880526941, 123.1839438782809708, -18.20255068451577429 ) ) ;
#899 = CARTESIAN_POINT ( 'NONE',  ( 137.5071426749361478, 92.04633637176262084, -93.06240762904846520 ) ) ;
#900 = PLANE ( 'NONE',  #581 ) ;
#901 = VECTOR ( 'NONE', #902, 1000.000000000000000 ) ;
#902 = DIRECTION ( 'NONE',  ( -1.000000000000000000, -0.000000000000000000, -0.000000000000000000 ) ) ;
#903 = EDGE_LOOP ( 'NONE', ( #1847, #969, #1817 ) ) ;
#904 = CARTESIAN_POINT ( 'NONE',  ( 171.6528403605161657, 113.7596893674162288, -2.499999999999997780 ) ) ;
#905 = PLANE ( 'NONE',  #2166 ) ;
#906 =( NAMED_UNIT ( * ) PLANE_ANGLE_UNIT ( ) SI_UNIT ( $, .RADIAN. ) );
#907 = CARTESIAN_POINT ( 'NONE',  ( 10.38491247047119082, 123.8522042307481001, 2.500000000000007994 ) ) ;
#908 = CARTESIAN_POINT ( 'NONE',  ( 90.04956511303836919, 102.8744685292333827, 2.059233873801830317 ) ) ;
#909 = ORIENTED_EDGE ( 'NONE', *, *, #3114, .T. ) ;
#910 = ADVANCED_FACE ( 'NONE', ( #1101 ), #2148, .T. ) ;
#911 = CARTESIAN_POINT ( 'NONE',  ( 2.499999999999627409, 122.7289829659500811, 15.02723617137746004 ) ) ;
#912 = CARTESIAN_POINT ( 'NONE',  ( 137.5071426749360057, 122.7333982440217852, -15.01081427873740637 ) ) ;
#913 = CARTESIAN_POINT ( 'NONE',  ( 137.5071426749360910, 108.8326382375256145, 36.73861411736855587 ) ) ;
#914 = CARTESIAN_POINT ( 'NONE',  ( 41.20426945856026890, 103.2567445005947206, -142.5071426749364036 ) ) ;
#915 = ORIENTED_EDGE ( 'NONE', *, *, #2632, .F. ) ;
#916 = CARTESIAN_POINT ( 'NONE',  ( 140.0071426749364036, -20.00000000000000000, 0.000000000000000000 ) ) ;
#917 = LINE ( 'NONE', #1381, #609 ) ;
#918 = CARTESIAN_POINT ( 'NONE',  ( 0.000000000000000000, 0.000000000000000000, -140.0071426749364036 ) ) ;
#919 = CARTESIAN_POINT ( 'NONE',  ( -5.145373498328649177E-13, 150.0000000000000000, -2.499999999999999556 ) ) ;
#920 = EDGE_LOOP ( 'NONE', ( #1940, #925, #2092 ) ) ;
#921 = CARTESIAN_POINT ( 'NONE',  ( -2.059233873801995518, 74.99999999999980105, -49.95757756189758680 ) ) ;
#922 = ORIENTED_EDGE ( 'NONE', *, *, #2479, .F. ) ;
#923 = CARTESIAN_POINT ( 'NONE',  ( -49.93746088859596455, 74.99999999999970157, -142.5071426749364036 ) ) ;
#924 = CARTESIAN_POINT ( 'NONE',  ( 148.8289702358360103, 124.1585152715968974, -137.5071426749364036 ) ) ;
#925 = ORIENTED_EDGE ( 'NONE', *, *, #506, .T. ) ;
#926 = CARTESIAN_POINT ( 'NONE',  ( 103.2562635411856604, 108.8194804147294690, 2.499999999999993783 ) ) ;
#927 = CARTESIAN_POINT ( 'NONE',  ( 137.5071426749360910, 111.7065120298388337, -34.00782169760203288 ) ) ;
#928 = CARTESIAN_POINT ( 'NONE',  ( 2.499999999999527489, 150.0000000000000000, 2.500000000000000444 ) ) ;
#929 = ADVANCED_FACE ( 'NONE', ( #1836 ), #1788, .T. ) ;
#930 = CARTESIAN_POINT ( 'NONE',  ( 0.000000000000000000, 0.000000000000000000, 0.000000000000000000 ) ) ;
#931 = ORIENTED_EDGE ( 'NONE', *, *, #2939, .T. ) ;
#932 = EDGE_CURVE ( 'NONE', #518, #1208, #2818, .T. ) ;
#933 = CARTESIAN_POINT ( 'NONE',  ( 189.9647202368337560, 74.99999999999998579, -2.059233873801829873 ) ) ;
#934 = CARTESIAN_POINT ( 'NONE',  ( -10.39287060369247051, 123.8697370969314306, -137.5071426749364036 ) ) ;
#935 = PLANE ( 'NONE',  #1430 ) ;
#936 = DIRECTION ( 'NONE',  ( -1.000000000000000000, 0.000000000000000000, 0.000000000000000000 ) ) ;
#937 = ORIENTED_EDGE ( 'NONE', *, *, #1598, .T. ) ;
#938 = CARTESIAN_POINT ( 'NONE',  ( -0.1271171340873155642, 124.9046433086420080, -3.083896475473002496 ) ) ;
#939 = VERTEX_POINT ( 'NONE', #536 ) ;
#940 = CARTESIAN_POINT ( 'NONE',  ( -23.73137944929371557, 118.9668005728629225, -142.5071426749363468 ) ) ;
#941 = CARTESIAN_POINT ( 'NONE',  ( 158.0080563867898320, 121.6865660148363730, -137.5071426749364036 ) ) ;
#942 = VERTEX_POINT ( 'NONE', #1066 ) ;
#943 = CARTESIAN_POINT ( 'NONE',  ( -2.500000000000356160, 113.7596893674159872, 31.64569768558020257 ) ) ;
#944 = CARTESIAN_POINT ( 'NONE',  ( -26.46948873493968080, 117.3748048879421475, -2.499999999999992450 ) ) ;
#945 = CARTESIAN_POINT ( 'NONE',  ( -60.00000000000000000, -20.00000000000000000, 0.000000000000000000 ) ) ;
#946 = ORIENTED_EDGE ( 'NONE', *, *, #627, .T. ) ;
#947 = AXIS2_PLACEMENT_3D ( 'NONE', #1458, #193, #1956 ) ;
#948 = FACE_OUTER_BOUND ( 'NONE', #676, .T. ) ;
#949 = CARTESIAN_POINT ( 'NONE',  ( 90.06968178634048172, 75.79728191964643713, -142.5071426749364321 ) ) ;
#950 = DIRECTION ( 'NONE',  ( 1.000000000000000000, 3.330669073875452266E-15, 0.000000000000000000 ) ) ;
#951 = CARTESIAN_POINT ( 'NONE',  ( 2.499999999999641176, 113.7721276588418675, -31.62851839845490787 ) ) ;
#952 = EDGE_CURVE ( 'NONE', #1544, #1936, #491, .T. ) ;
#953 = B_SPLINE_CURVE_WITH_KNOTS ( 'NONE', 3,
 ( #694, #1695, #2445, #2689, #570, #1584, #34, #1238, #2752, #1252, #2767, #1770, #2958, #2738, #1031, #1990, #3003, #2465, #2524, #755, #2274, #519, #236, #1528, #1754, #3213, #710, #2493, #505, #1511, #264, #1284, #219, #461 ),
 .UNSPECIFIED., .F., .F.,
 ( 4, 2, 2, 2, 2, 2, 2, 2, 2, 2, 2, 2, 2, 2, 2, 2, 4 ),
 ( 5.338891568193821880E-16, 0.009440086100413426148, 0.01416012915061984519, 0.01652015067572305471, 0.01888017220082626596, 0.02832025830123909363, 0.03304030135144551961, 0.03540032287654873433, 0.03776034440165194905, 0.04720043050206484958, 0.04956045202716805737, 0.05192047355227125127, 0.05664051660247767378, 0.06608060270289045635, 0.06844062422799365719, 0.07080064575309685804, 0.07552068880330328748 ),
 .UNSPECIFIED. ) ;
#954 = EDGE_CURVE ( 'NONE', #1911, #480, #1321, .T. ) ;
#955 = ORIENTED_EDGE ( 'NONE', *, *, #470, .T. ) ;
#956 = CARTESIAN_POINT ( 'NONE',  ( 183.7618650773738125, 99.27377170997063160, -2.499999999999990674 ) ) ;
#957 = ORIENTED_EDGE ( 'NONE', *, *, #3129, .F. ) ;
#958 = FACE_OUTER_BOUND ( 'NONE', #2683, .T. ) ;
#959 = CARTESIAN_POINT ( 'NONE',  ( 27.77382800646383387, 116.5090131417650952, 2.499999999999995559 ) ) ;
#960 = VERTEX_POINT ( 'NONE', #2572 ) ;
#961 = CARTESIAN_POINT ( 'NONE',  ( -2.500000000000354827, 117.3731783433122189, 26.43666868615879295 ) ) ;
#962 = CARTESIAN_POINT ( 'NONE',  ( -42.88867731750043788, 100.6277756140710267, -2.500000000000001776 ) ) ;
#963 = CARTESIAN_POINT ( 'NONE',  ( 49.93746088859545296, 78.19200113037187805, -137.5071426749364605 ) ) ;
#964 = ORIENTED_EDGE ( 'NONE', *, *, #447, .T. ) ;
#965 = FACE_OUTER_BOUND ( 'NONE', #200, .T. ) ;
#966 = CARTESIAN_POINT ( 'NONE',  ( 108.3786242764813039, 113.7721276588418675, -142.5071426749364321 ) ) ;
#967 = CARTESIAN_POINT ( 'NONE',  ( 142.5071426749360626, 122.7333982440218563, -155.0179569536737176 ) ) ;
#968 = CARTESIAN_POINT ( 'NONE',  ( 2.499999999999705125, 90.57757234694300053, -47.55153095458330625 ) ) ;
#969 = ORIENTED_EDGE ( 'NONE', *, *, #2877, .T. ) ;
#970 = CARTESIAN_POINT ( 'NONE',  ( 142.5071426749360057, 124.8748433581500308, -137.5071426749364036 ) ) ;
#971 = PLANE ( 'NONE',  #1014 ) ;
#972 = EDGE_CURVE ( 'NONE', #1225, #1315, #101, .T. ) ;
#973 = CARTESIAN_POINT ( 'NONE',  ( 48.37322329338492466, 87.50161034606418298, -2.499999999999912070 ) ) ;
#974 = ORIENTED_EDGE ( 'NONE', *, *, #70, .T. ) ;
#975 = CARTESIAN_POINT ( 'NONE',  ( 117.6961405998402626, 119.7043890370414800, 2.500000000000000000 ) ) ;
#976 = DIRECTION ( 'NONE',  ( 0.000000000000000000, 0.000000000000000000, 1.000000000000000000 ) ) ;
#977 = CARTESIAN_POINT ( 'NONE',  ( 142.5071426749360342, 117.3731783433123894, 26.43666868615863663 ) ) ;
#978 = CARTESIAN_POINT ( 'NONE',  ( 48.37322329338494598, 87.50161034606421140, -137.5071426749365173 ) ) ;
#979 = ORIENTED_EDGE ( 'NONE', *, *, #714, .T. ) ;
#980 = DIRECTION ( 'NONE',  ( -3.430248998885766176E-15, 1.000000000000000000, 0.000000000000000000 ) ) ;
#981 = CARTESIAN_POINT ( 'NONE',  ( 90.22232264556622283, 78.98169942736832638, -142.5071426749364321 ) ) ;
#982 = CARTESIAN_POINT ( 'NONE',  ( -2.500000000000215383, 74.99999999999985789, 0.000000000000000000 ) ) ;
#983 = CIRCLE ( 'NONE', #2813, 50.00000000000026290 ) ;
#984 = CARTESIAN_POINT ( 'NONE',  ( -2.059233873802105652, 102.8744685292335532, 49.95757756189769339 ) ) ;
#985 = CARTESIAN_POINT ( 'NONE',  ( 49.95757756189733101, 74.99999999999998579, 2.059233873801790793 ) ) ;
#986 = CARTESIAN_POINT ( 'NONE',  ( -49.84213279940045283, 78.18535845901577375, 2.499999999999988010 ) ) ;
#987 = EDGE_LOOP ( 'NONE', ( #408, #946, #3165, #235, #1409, #704 ) ) ;
#988 = EDGE_CURVE ( 'NONE', #2444, #1946, #1351, .T. ) ;
#989 = CARTESIAN_POINT ( 'NONE',  ( 90.16500987553598634, 78.18535845901631376, 2.499999999999985789 ) ) ;
#990 = DIRECTION ( 'NONE',  ( 1.000000000000000000, 3.430248998885766176E-15, 0.000000000000000000 ) ) ;
#991 = DIRECTION ( 'NONE',  ( 0.000000000000000000, 0.000000000000000000, 1.000000000000000000 ) ) ;
#992 = ORIENTED_EDGE ( 'NONE', *, *, #2029, .F. ) ;
#993 = DIRECTION ( 'NONE',  ( -3.430248998885766176E-15, 1.000000000000000000, 0.000000000000000000 ) ) ;
#994 = CARTESIAN_POINT ( 'NONE',  ( 90.45032700263257652, 81.35617519959062349, -142.5071426749363752 ) ) ;
#995 = LINE ( 'NONE', #262, #2998 ) ;
#996 = ORIENTED_EDGE ( 'NONE', *, *, #1291, .F. ) ;
#997 = CARTESIAN_POINT ( 'NONE',  ( 2.500000000000041744, 0.000000000000000000, -24.87468592766549591 ) ) ;
#998 = CARTESIAN_POINT ( 'NONE',  ( 30.88159970836984769, 123.1839438782809566, 1.272928738745836119 ) ) ;
#999 = VECTOR ( 'NONE', #1624, 1000.000000000000000 ) ;
#1000 = CARTESIAN_POINT ( 'NONE',  ( 142.5071426749360057, 124.8748433581500450, -142.5071426749364036 ) ) ;
#1001 = EDGE_LOOP ( 'NONE', ( #665, #2230, #1129 ) ) ;
#1002 = COLOUR_RGB ( '',0.7921568627450980005, 0.8196078431372548767, 0.9333333333333333481 ) ;
#1003 = VECTOR ( 'NONE', #1408, 1000.000000000000000 ) ;
#1004 = CARTESIAN_POINT ( 'NONE',  ( 2.499999999999685141, 89.78199444411994534, -92.30106456623882139 ) ) ;
#1005 = CARTESIAN_POINT ( 'NONE',  ( 142.5071426749361763, 96.47471520684145219, 45.19565195265164448 ) ) ;
#1006 = CARTESIAN_POINT ( 'NONE',  ( 46.66677822977157319, 92.79299248140480927, -137.5071426749364036 ) ) ;
#1007 = ORIENTED_EDGE ( 'NONE', *, *, #485, .T. ) ;
#1008 = ADVANCED_FACE ( 'NONE', ( #2327, #3037, #1547, #806, #3100, #2541, #2080, #297, #2589, #1804, #3087, #856, #839, #1852 ), #2096, .T. ) ;
#1009 = DIRECTION ( 'NONE',  ( -1.000000000000000000, 0.000000000000000000, -0.000000000000000000 ) ) ;
#1010 = CARTESIAN_POINT ( 'NONE',  ( -49.93746088859596455, 74.99999999999970157, -137.5071426749364036 ) ) ;
#1011 = CARTESIAN_POINT ( 'NONE',  ( -37.28536199862577405, 108.2291978768621306, -137.5071426749364321 ) ) ;
#1012 = DIRECTION ( 'NONE',  ( 0.000000000000000000, 0.000000000000000000, -1.000000000000000000 ) ) ;
#1013 = ORIENTED_EDGE ( 'NONE', *, *, #2029, .T. ) ;
#1014 = AXIS2_PLACEMENT_3D ( 'NONE', #1773, #1209, #35 ) ;
#1015 = LINE ( 'NONE', #2705, #2708 ) ;
#1016 = CARTESIAN_POINT ( 'NONE',  ( 115.0071426749364036, -20.00000000000000000, 0.000000000000000000 ) ) ;
#1017 = LINE ( 'NONE', #2770, #2848 ) ;
#1018 = CARTESIAN_POINT ( 'NONE',  ( -49.33048653668193140, 82.92036067641861052, 2.500000000000009326 ) ) ;
#1019 = CARTESIAN_POINT ( 'NONE',  ( -2.500000000000380584, 123.6797482769718641, 11.16534080582863098 ) ) ;
#1020 = CARTESIAN_POINT ( 'NONE',  ( -2.500000000000319300, 99.27377170997023370, -96.25242027249854004 ) ) ;
#1021 = LINE ( 'NONE', #542, #2222 ) ;
#1022 = ORIENTED_EDGE ( 'NONE', *, *, #2402, .F. ) ;
#1023 = DIRECTION ( 'NONE',  ( 1.000000000000000000, 3.430248998885767753E-15, 0.000000000000000000 ) ) ;
#1024 = ADVANCED_FACE ( 'NONE', ( #2851 ), #599, .F. ) ;
#1025 = FACE_OUTER_BOUND ( 'NONE', #2603, .T. ) ;
#1026 = CARTESIAN_POINT ( 'NONE',  ( 142.5071426749360910, 103.2747571694207096, -41.19174227900686702 ) ) ;
#1027 = CARTESIAN_POINT ( 'NONE',  ( 115.1324567472709077, -8.532636650097245285E-14, -137.5071426749364036 ) ) ;
#1028 = ORIENTED_EDGE ( 'NONE', *, *, #389, .F. ) ;
#1029 = EDGE_CURVE ( 'NONE', #3241, #2755, #1739, .T. ) ;
#1030 = ORIENTED_EDGE ( 'NONE', *, *, #252, .T. ) ;
#1031 = CARTESIAN_POINT ( 'NONE',  ( 142.5071426749360910, 107.0455866223966410, -101.6997026465859335 ) ) ;
#1032 = AXIS2_PLACEMENT_3D ( 'NONE', #2873, #2149, #170 ) ;
#1033 = CARTESIAN_POINT ( 'NONE',  ( -29.44651009771360251, 74.99999999999970157, -91.17845905993942779 ) ) ;
#1034 = VECTOR ( 'NONE', #1142, 1000.000000000000000 ) ;
#1035 = AXIS2_PLACEMENT_3D ( 'NONE', #1802, #2800, #550 ) ;
#1036 = CARTESIAN_POINT ( 'NONE',  ( 142.0663765487379067, 74.99999999999981526, -189.9647202368340118 ) ) ;
#1037 = CARTESIAN_POINT ( 'NONE',  ( -49.91837820237518741, 76.59380932050466129, 2.499999999999987566 ) ) ;
#1038 = CARTESIAN_POINT ( 'NONE',  ( 2.499999999999606537, 124.7949433924336091, -135.9131433651648706 ) ) ;
#1039 = LINE ( 'NONE', #2758, #2016 ) ;
#1040 = CARTESIAN_POINT ( 'NONE',  ( -2.500000000000270894, 97.15430560888172806, -184.7683085889143513 ) ) ;
#1041 = ORIENTED_EDGE ( 'NONE', *, *, #602, .T. ) ;
#1042 = CARTESIAN_POINT ( 'NONE',  ( 3.083896475472574394, 124.9046433086420080, -139.8800255408495161 ) ) ;
#1043 = CARTESIAN_POINT ( 'NONE',  ( 0.000000000000000000, 0.000000000000000000, -140.0071426749364036 ) ) ;
#1044 = CARTESIAN_POINT ( 'NONE',  ( 142.5071426749360626, 106.4192685746614302, -38.82268957556193811 ) ) ;
#1045 = CARTESIAN_POINT ( 'NONE',  ( 188.8358262899331237, 74.99999999999998579, 29.44651009771333960 ) ) ;
#1046 = EDGE_LOOP ( 'NONE', ( #1473, #2883, #1916 ) ) ;
#1047 = CARTESIAN_POINT ( 'NONE',  ( -2.500000000000334399, 108.8194804147294121, -36.75087913375052295 ) ) ;
#1048 = CARTESIAN_POINT ( 'NONE',  ( -1.272928738746232025, 123.1839438782808287, 30.88159970837027402 ) ) ;
#1049 = CARTESIAN_POINT ( 'NONE',  ( 0.000000000000000000, 0.000000000000000000, -140.0071426749364036 ) ) ;
#1050 = ADVANCED_FACE ( 'NONE', ( #3142 ), #868, .F. ) ;
#1051 = CIRCLE ( 'NONE', #2514, 50.00000000000026290 ) ;
#1052 = CARTESIAN_POINT ( 'NONE',  ( 188.8358262899331237, 102.8744685292337522, -169.4536527726498036 ) ) ;
#1053 = DIRECTION ( 'NONE',  ( -0.000000000000000000, -0.000000000000000000, -1.000000000000000000 ) ) ;
#1054 = CARTESIAN_POINT ( 'NONE',  ( 2.499999999999662492, 111.6934866489466316, -105.9878999502315082 ) ) ;
#1055 = FACE_OUTER_BOUND ( 'NONE', #1415, .T. ) ;
#1056 = CARTESIAN_POINT ( 'NONE',  ( -2.500000000000258460, 82.92036067641880948, -189.3376292116180650 ) ) ;
#1057 = ORIENTED_EDGE ( 'NONE', *, *, #562, .T. ) ;
#1058 = CARTESIAN_POINT ( 'NONE',  ( 48.82868361499670584, 102.8744685292337522, -110.5606325772230463 ) ) ;
#1059 = LINE ( 'NONE', #2336, #742 ) ;
#1060 = CARTESIAN_POINT ( 'NONE',  ( 142.0663765487379067, 102.8744685292335959, -90.04956511303871025 ) ) ;
#1061 = CARTESIAN_POINT ( 'NONE',  ( 90.67665613825447224, 82.92036067641859631, -2.499999999999990674 ) ) ;
#1062 = VERTEX_POINT ( 'NONE', #1397 ) ;
#1063 = CARTESIAN_POINT ( 'NONE',  ( -2.500000000000336176, 104.5573351570813969, -40.28151676638437806 ) ) ;
#1064 = CARTESIAN_POINT ( 'NONE',  ( -1.272928738746265331, 123.1839438782808287, -170.8887423833066919 ) ) ;
#1065 = CARTESIAN_POINT ( 'NONE',  ( -5.145373498328649177E-13, 150.0000000000000000, 2.500000000000000444 ) ) ;
#1066 = CARTESIAN_POINT ( 'NONE',  ( -2.500000000000386358, 124.8748433581500166, 2.500000000000000444 ) ) ;
#1067 = DIRECTION ( 'NONE',  ( 0.000000000000000000, 0.000000000000000000, 1.000000000000000000 ) ) ;
#1068 = EDGE_CURVE ( 'NONE', #2940, #687, #675, .T. ) ;
#1069 = CARTESIAN_POINT ( 'NONE',  ( 140.0071426749364036, -20.00000000000000000, -140.0071426749364036 ) ) ;
#1070 = ADVANCED_FACE ( 'NONE', ( #163 ), #2887, .F. ) ;
#1071 = DIRECTION ( 'NONE',  ( -1.000000000000000000, 0.000000000000000000, -0.000000000000000000 ) ) ;
#1072 = CARTESIAN_POINT ( 'NONE',  ( -2.500000000000280220, 96.47471520684109692, -94.81149072228460284 ) ) ;
#1073 = CARTESIAN_POINT ( 'NONE',  ( -2.500000000000277112, 99.26337362625567096, -183.6825319031299841 ) ) ;
#1074 = B_SPLINE_CURVE_WITH_KNOTS ( 'NONE', 3,
 ( #1317, #3068, #2831, #1118, #820, #1577, #837, #2586, #2042, #2292, #3108, #2308, #2606, #1047, #2849, #66, #113, #1063, #327, #2093, #1833, #617, #2569, #83, #2341, #3098, #1080, #2816, #565, #3050, #582, #854, #1849, #1819 ),
 .UNSPECIFIED., .F., .F.,
 ( 4, 2, 2, 2, 2, 2, 2, 2, 2, 2, 2, 2, 2, 2, 2, 2, 4 ),
 ( 1.734723475976807094E-18, 0.004771606103980917911, 0.009543212207961834087, 0.01908642441592366817, 0.02385803051990458695, 0.02862963662388551267, 0.03817284883184735716, 0.04055865188383780268, 0.04294445493582825513, 0.04771606103980911145, 0.05248766714378997472, 0.05487347019578039942, 0.05725927324777082411, 0.06680248545573262697, 0.07157409155971351800, 0.07395989461170393575, 0.07634569766369433963 ),
 .UNSPECIFIED. ) ;
#1075 = DIRECTION ( 'NONE',  ( 0.000000000000000000, 0.000000000000000000, 1.000000000000000000 ) ) ;
#1076 = CARTESIAN_POINT ( 'NONE',  ( 0.000000000000000000, -20.00000000000000000, 0.000000000000000000 ) ) ;
#1077 = LINE ( 'NONE', #1095, #39 ) ;
#1078 = CARTESIAN_POINT ( 'NONE',  ( 142.5071426749361478, 76.59380932050535762, -189.9255208773113281 ) ) ;
#1079 = ORIENTED_EDGE ( 'NONE', *, *, #1576, .T. ) ;
#1080 = CARTESIAN_POINT ( 'NONE',  ( -2.500000000000274447, 87.55818389890339404, -48.43509138963612060 ) ) ;
#1081 = CARTESIAN_POINT ( 'NONE',  ( -30.88159970837068968, 123.1839438782807434, -141.2800714136822364 ) ) ;
#1082 = CARTESIAN_POINT ( 'NONE',  ( 140.0071426749364036, 75.00000000000032685, -140.0071426749364036 ) ) ;
#1083 = DIRECTION ( 'NONE',  ( 3.430248998885766176E-15, -1.000000000000000000, -0.000000000000000000 ) ) ;
#1084 = CARTESIAN_POINT ( 'NONE',  ( 2.499999999999662048, 111.7065120298388479, -174.0149643725383726 ) ) ;
#1085 = AXIS2_PLACEMENT_3D ( 'NONE', #2300, #58, #2051 ) ;
#1086 = VECTOR ( 'NONE', #551, 1000.000000000000000 ) ;
#1087 = CARTESIAN_POINT ( 'NONE',  ( 22.29293092970163670, 119.7130273605285282, -2.500000000000004441 ) ) ;
#1088 = CARTESIAN_POINT ( 'NONE',  ( -3.083896475473431043, 124.9046433086419938, -0.1271171340868889055 ) ) ;
#1089 = DIRECTION ( 'NONE',  ( -0.000000000000000000, -0.000000000000000000, -1.000000000000000000 ) ) ;
#1090 = CARTESIAN_POINT ( 'NONE',  ( -2.500000000000386358, 124.1773798999933405, -148.8313497253329558 ) ) ;
#1091 = EDGE_CURVE ( 'NONE', #1971, #430, #1930, .T. ) ;
#1092 = ORIENTED_EDGE ( 'NONE', *, *, #3151, .F. ) ;
#1093 = CARTESIAN_POINT ( 'NONE',  ( 2.499999999999665601, 108.2464467495918257, 37.27000619835941819 ) ) ;
#1094 = DIRECTION ( 'NONE',  ( -3.430248998885766176E-15, 1.000000000000000000, 0.000000000000000000 ) ) ;
#1095 = CARTESIAN_POINT ( 'NONE',  ( 140.0071426749364036, -20.00000000000000000, -25.00000000000000355 ) ) ;
#1096 = CARTESIAN_POINT ( 'NONE',  ( 0.000000000000000000, 0.000000000000000000, -140.0071426749364036 ) ) ;
#1097 = ORIENTED_EDGE ( 'NONE', *, *, #2046, .F. ) ;
#1098 = FACE_OUTER_BOUND ( 'NONE', #2404, .T. ) ;
#1099 = CARTESIAN_POINT ( 'NONE',  ( -48.82868361499743060, 102.8744685292333827, -169.4536527726497752 ) ) ;
#1100 = CARTESIAN_POINT ( 'NONE',  ( 0.000000000000000000, -20.00000000000000000, -25.00000000000000000 ) ) ;
#1101 = FACE_OUTER_BOUND ( 'NONE', #1432, .T. ) ;
#1102 = CARTESIAN_POINT ( 'NONE',  ( 2.499999999999799272, 78.98169942736798532, -189.7919627043063429 ) ) ;
#1103 = ADVANCED_FACE ( 'NONE', ( #393 ), #2389, .F. ) ;
#1104 = PLANE ( 'NONE',  #2625 ) ;
#1105 = MANIFOLD_SOLID_BREP ( 'Boss-Extrude3', #2021 ) ;
#1106 = LINE ( 'NONE', #3116, #2904 ) ;
#1107 = ORIENTED_EDGE ( 'NONE', *, *, #2431, .T. ) ;
#1108 = PLANE ( 'NONE',  #555 ) ;
#1109 =( BOUNDED_SURFACE ( )  B_SPLINE_SURFACE ( 3, 3, ( 
 ( #2886, #2902, #657, #1659 ),
 ( #3228, #1724, #2970, #2213 ),
 ( #1959, #473, #2986, #2257 ),
 ( #1988, #1766, #2271, #1281 ) ),
 .UNSPECIFIED., .F., .F., .T. ) 
 B_SPLINE_SURFACE_WITH_KNOTS ( ( 4, 4 ),
 ( 4, 4 ),
 ( 0.000000000000000000, 1.000000000000000000 ),
 ( 0.000000000000000000, 1.000000000000000000 ),
 .UNSPECIFIED. ) 
 GEOMETRIC_REPRESENTATION_ITEM ( )  RATIONAL_B_SPLINE_SURFACE ( (
 ( 1.000000000000000000, 0.8237525346917969893, 0.8237525346917969893, 1.000000000000000000),
 ( 0.8190699571006432311, 0.6747109532515562780, 0.6747109532515562780, 0.8190699571006432311),
 ( 0.8190699571006432311, 0.6747109532515562780, 0.6747109532515562780, 0.8190699571006432311),
 ( 1.000000000000000000, 0.8237525346917969893, 0.8237525346917969893, 1.000000000000000000) ) ) 
 REPRESENTATION_ITEM ( '' )  SURFACE ( )  );
#1110 = CARTESIAN_POINT ( 'NONE',  ( 2.499999999999527489, 150.0000000000000000, -3.152965104363860190E-59 ) ) ;
#1111 = CARTESIAN_POINT ( 'NONE',  ( 142.5071426749359205, 150.0000000000000000, 2.500000000000000444 ) ) ;
#1112 = EDGE_CURVE ( 'NONE', #2318, #2439, #1429, .T. ) ;
#1113 = CARTESIAN_POINT ( 'NONE',  ( 36.73861411736837113, 108.8326382375255577, -142.5071426749364321 ) ) ;
#1114 = ORIENTED_EDGE ( 'NONE', *, *, #1752, .F. ) ;
#1115 = CIRCLE ( 'NONE', #2947, 50.00000000000026290 ) ;
#1116 = CIRCLE ( 'NONE', #2949, 25.00000000000000000 ) ;
#1117 = EDGE_CURVE ( 'NONE', #2628, #224, #406, .T. ) ;
#1118 = CARTESIAN_POINT ( 'NONE',  ( -2.500000000000376588, 124.1773798999933121, -8.824207050396468688 ) ) ;
#1119 = CARTESIAN_POINT ( 'NONE',  ( 140.0071426749364036, 6.804347900807430253E-29, -115.0071426749364178 ) ) ;
#1120 = CARTESIAN_POINT ( 'NONE',  ( 4.412478072883800904E-28, 74.99999999999987210, 0.000000000000000000 ) ) ;
#1121 = CARTESIAN_POINT ( 'NONE',  ( 188.3803659683212004, 87.50161034606463772, 2.499999999999941824 ) ) ;
#1122 = DIRECTION ( 'NONE',  ( -1.000000000000000000, 0.000000000000000000, 0.000000000000000000 ) ) ;
#1123 = CARTESIAN_POINT ( 'NONE',  ( -2.500000000000242473, 76.59380932050488866, -189.9255208773113566 ) ) ;
#1124 = ORIENTED_EDGE ( 'NONE', *, *, #1254, .T. ) ;
#1125 = CARTESIAN_POINT ( 'NONE',  ( 140.0071426749358920, 150.0000000000000000, 2.500000000000000444 ) ) ;
#1126 = CARTESIAN_POINT ( 'NONE',  ( 136.9232461994632786, 124.9046433086420222, -139.8800255408495445 ) ) ;
#1127 = CARTESIAN_POINT ( 'NONE',  ( -5.675894053647251525, 124.6393548566891525, -2.499999999999999556 ) ) ;
#1128 = CARTESIAN_POINT ( 'NONE',  ( 90.06968178634045330, 75.79728191964640871, -2.499999999999997335 ) ) ;
#1129 = ORIENTED_EDGE ( 'NONE', *, *, #2434, .F. ) ;
#1130 = CARTESIAN_POINT ( 'NONE',  ( 169.4536527726494342, 102.8744685292336811, -48.82868361499705401 ) ) ;
#1131 = DIRECTION ( 'NONE',  ( 3.430248998885766176E-15, -1.000000000000000000, -0.000000000000000000 ) ) ;
#1132 = CARTESIAN_POINT ( 'NONE',  ( -5.145373498328649177E-13, 150.0000000000000000, 2.500000000000000444 ) ) ;
#1133 = EDGE_CURVE ( 'NONE', #1251, #43, #3175, .T. ) ;
#1134 = ORIENTED_EDGE ( 'NONE', *, *, #70, .F. ) ;
#1135 = EDGE_CURVE ( 'NONE', #1606, #1251, #2127, .T. ) ;
#1136 = CARTESIAN_POINT ( 'NONE',  ( 178.3145827032864759, 107.0455866223967263, 2.500000000000000888 ) ) ;
#1137 = CARTESIAN_POINT ( 'NONE',  ( 40.28884462440694136, 104.5482280533885415, 2.499999999999998668 ) ) ;
#1138 = CARTESIAN_POINT ( 'NONE',  ( -2.500000000000386358, 124.8748433581500166, -142.5071426749364036 ) ) ;
#1139 = ORIENTED_EDGE ( 'NONE', *, *, #3189, .F. ) ;
#1140 = VECTOR ( 'NONE', #1422, 1000.000000000000000 ) ;
#1141 = CIRCLE ( 'NONE', #1462, 25.00000000000025935 ) ;
#1142 = DIRECTION ( 'NONE',  ( 1.000000000000000000, 0.000000000000000000, 0.000000000000000000 ) ) ;
#1143 = CARTESIAN_POINT ( 'NONE',  ( 137.5071426749360342, 124.8748433581500166, -2.499999999999999556 ) ) ;
#1144 = CARTESIAN_POINT ( 'NONE',  ( 137.5071426749362047, 78.19200113037167910, 49.93746088859570875 ) ) ;
#1145 = LINE ( 'NONE', #2139, #428 ) ;
#1146 = ORIENTED_EDGE ( 'NONE', *, *, #345, .F. ) ;
#1147 = CARTESIAN_POINT ( 'NONE',  ( 137.5071426749361194, 82.92036067641920738, -189.3376292116179513 ) ) ;
#1148 = CARTESIAN_POINT ( 'NONE',  ( 137.5071426749360910, 92.79299248140462453, -93.34036444516448228 ) ) ;
#1149 = DIRECTION ( 'NONE',  ( -1.000000000000000000, -3.430248998885766176E-15, 0.000000000000000000 ) ) ;
#1150 =( NAMED_UNIT ( * ) PLANE_ANGLE_UNIT ( ) SI_UNIT ( $, .RADIAN. ) );
#1151 = VERTEX_POINT ( 'NONE', #3127 ) ;
#1152 = CARTESIAN_POINT ( 'NONE',  ( 165.7625710619591359, 117.7906337582924436, -2.499999999999984457 ) ) ;
#1153 = EDGE_CURVE ( 'NONE', #2584, #2695, #464, .T. ) ;
#1154 = CARTESIAN_POINT ( 'NONE',  ( -44.76116591397828870, 97.15430560888152911, -142.5071426749363468 ) ) ;
#1155 = DIRECTION ( 'NONE',  ( -3.430248998885766176E-15, 1.000000000000000000, 0.000000000000000000 ) ) ;
#1156 = CARTESIAN_POINT ( 'NONE',  ( 145.6847761292538905, 124.6391309656181932, -137.5071426749364605 ) ) ;
#1157 = DIRECTION ( 'NONE',  ( 0.000000000000000000, 0.000000000000000000, -1.000000000000000000 ) ) ;
#1158 = ORIENTED_EDGE ( 'NONE', *, *, #3147, .F. ) ;
#1159 = CARTESIAN_POINT ( 'NONE',  ( 2.499999999999620748, 118.9863968387191164, 23.69532883266727907 ) ) ;
#1160 = CARTESIAN_POINT ( 'NONE',  ( 137.5071426749361763, 81.35617519959029664, -49.55681567230359974 ) ) ;
#1161 = CARTESIAN_POINT ( 'NONE',  ( 137.5071426749360342, 124.7949433924335949, 4.093999309771596096 ) ) ;
#1162 = CARTESIAN_POINT ( 'NONE',  ( -2.500000000000215383, 74.99999999999977263, -142.5071426749364036 ) ) ;
#1163 = ORIENTED_EDGE ( 'NONE', *, *, #425, .F. ) ;
#1164 = CARTESIAN_POINT ( 'NONE',  ( 143.0910391504089887, 124.9046433086420222, -0.1271171340869459154 ) ) ;
#1165 = CARTESIAN_POINT ( 'NONE',  ( 137.5071426749360057, 123.6797482769718357, -128.8418018691077691 ) ) ;
#1166 = VECTOR ( 'NONE', #3046, 1000.000000000000000 ) ;
#1167 = FACE_OUTER_BOUND ( 'NONE', #2766, .T. ) ;
#1168 = AXIS2_PLACEMENT_3D ( 'NONE', #2833, #2343, #584 ) ;
#1169 = CARTESIAN_POINT ( 'NONE',  ( 0.000000000000000000, 0.000000000000000000, -140.0071426749364036 ) ) ;
#1170 = ORIENTED_EDGE ( 'NONE', *, *, #769, .T. ) ;
#1171 = CARTESIAN_POINT ( 'NONE',  ( -29.44651009771358119, 74.99999999999970157, -48.82868361499698295 ) ) ;
#1172 = CARTESIAN_POINT ( 'NONE',  ( -48.43509138963642613, 87.55818389890325193, -142.5071426749364321 ) ) ;
#1173 = EDGE_CURVE ( 'NONE', #154, #413, #115, .T. ) ;
#1174 = CARTESIAN_POINT ( 'NONE',  ( 162.3000736046378165, 119.7130273605285851, -137.5071426749364036 ) ) ;
#1175 = VERTEX_POINT ( 'NONE', #637 ) ;
#1176 = EDGE_CURVE ( 'NONE', #98, #1742, #1789, .T. ) ;
#1177 = CIRCLE ( 'NONE', #808, 24.99999999999999289 ) ;
#1178 = VECTOR ( 'NONE', #346, 1000.000000000000000 ) ;
#1179 = CARTESIAN_POINT ( 'NONE',  ( 95.24597676095828547, 97.15430560888188438, 2.499999999999992450 ) ) ;
#1180 = CARTESIAN_POINT ( 'NONE',  ( 110.5606325772228473, 74.99999999999970157, -91.17845905993939937 ) ) ;
#1181 = PLANE ( 'NONE',  #93 ) ;
#1182 = CARTESIAN_POINT ( 'NONE',  ( 11.16534080582824728, 123.6797482769719068, -142.5071426749364605 ) ) ;
#1183 = ORIENTED_EDGE ( 'NONE', *, *, #1815, .T. ) ;
#1184 = CARTESIAN_POINT ( 'NONE',  ( 143.0213521833074140, 124.9046433086420222, -1.817742035085812002 ) ) ;
#1185 = CARTESIAN_POINT ( 'NONE',  ( -5.675894053647294157, 124.6393548566890956, -137.5071426749364036 ) ) ;
#1186 = DIRECTION ( 'NONE',  ( 1.000000000000000000, 3.330669073875433334E-15, 0.000000000000000000 ) ) ;
#1187 = FILL_AREA_STYLE ('',( #2114 ) ) ;
#1188 = ORIENTED_EDGE ( 'NONE', *, *, #1853, .F. ) ;
#1189 = CARTESIAN_POINT ( 'NONE',  ( 140.0071426749364036, 74.99999999999987210, 2.500000000000000444 ) ) ;
#1190 = VERTEX_POINT ( 'NONE', #2611 ) ;
#1191 = CARTESIAN_POINT ( 'NONE',  ( 140.0071426749361763, 74.99999999999982947, -140.0071426749364036 ) ) ;
#1192 = CARTESIAN_POINT ( 'NONE',  ( -22.31100207509628675, 119.7043890370414374, 2.499999999999999556 ) ) ;
#1193 = ORIENTED_EDGE ( 'NONE', *, *, #1029, .F. ) ;
#1194 = CARTESIAN_POINT ( 'NONE',  ( -2.500000000000330402, 108.2464467495918399, 37.27000619835942530 ) ) ;
#1195 = CARTESIAN_POINT ( 'NONE',  ( -49.33048653668193140, 82.92036067641863895, -2.499999999999991562 ) ) ;
#1196 = EDGE_CURVE ( 'NONE', #272, #2035, #362, .T. ) ;
#1197 = FACE_OUTER_BOUND ( 'NONE', #2426, .T. ) ;
#1198 = AXIS2_PLACEMENT_3D ( 'NONE', #1906, #398, #1421 ) ;
#1199 = VERTEX_POINT ( 'NONE', #2542 ) ;
#1200 = ADVANCED_FACE ( 'NONE', ( #299 ), #1305, .F. ) ;
#1201 = CARTESIAN_POINT ( 'NONE',  ( 142.0663765487379067, 74.99999999999981526, -49.95757756189757970 ) ) ;
#1202 = CARTESIAN_POINT ( 'NONE',  ( -43.67538922819397840, 99.26337362625548622, -137.5071426749364036 ) ) ;
#1203 = VECTOR ( 'NONE', #936, 1000.000000000000000 ) ;
#1204 = CARTESIAN_POINT ( 'NONE',  ( -5.145373498328649177E-13, 150.0000000000000000, -137.5071426749364036 ) ) ;
#1205 = CARTESIAN_POINT ( 'NONE',  ( 2.499999999999613198, 124.1773798999933263, -8.824207050396481122 ) ) ;
#1206 = ORIENTED_EDGE ( 'NONE', *, *, #2996, .F. ) ;
#1207 = CARTESIAN_POINT ( 'NONE',  ( -18.20255068451614378, 123.1839438782808003, -30.18376661311675235 ) ) ;
#1208 = VERTEX_POINT ( 'NONE', #1546 ) ;
#1209 = DIRECTION ( 'NONE',  ( 0.000000000000000000, 0.000000000000000000, -1.000000000000000000 ) ) ;
#1210 = B_SPLINE_CURVE_WITH_KNOTS ( 'NONE', 3,
 ( #1587, #1344, #1570, #1090, #2841, #844, #286, #1537, #796, #1290, #1328, #2516, #813, #558, #2317, #271, #3091, #24, #3025, #2531, #1073, #1040, #304, #2034, #1795, #1552, #2301, #1056, #891, #2613, #2379, #1123, #606, #2102 ),
 .UNSPECIFIED., .F., .F.,
 ( 4, 2, 2, 2, 2, 2, 2, 2, 2, 2, 2, 2, 2, 2, 2, 2, 4 ),
 ( 0.000000000000000000, 0.004771606103980891890, 0.009543212207961783780, 0.01908642441592365430, 0.02385803051990458695, 0.02862963662388552308, 0.03817284883184741268, 0.04055865188383787900, 0.04294445493582833839, 0.04771606103980918084, 0.05248766714379001636, 0.05487347019578042717, 0.05725927324777083105, 0.06680248545573262697, 0.07157409155971349024, 0.07395989461170392187, 0.07634569766369433963 ),
 .UNSPECIFIED. ) ;
#1211 = CARTESIAN_POINT ( 'NONE',  ( 165.7625710619591644, 117.7906337582924721, -137.5071426749364321 ) ) ;
#1212 = ORIENTED_EDGE ( 'NONE', *, *, #189, .T. ) ;
#1213 = CARTESIAN_POINT ( 'NONE',  ( 90.06968178634048172, 75.00000000000018474, 2.500000000000000444 ) ) ;
#1214 = CARTESIAN_POINT ( 'NONE',  ( 142.5071426749360910, 103.2567445005948485, 41.20426945856043943 ) ) ;
#1215 = DIRECTION ( 'NONE',  ( -3.430248998885766176E-15, 1.000000000000000000, 0.000000000000000000 ) ) ;
#1216 = VERTEX_POINT ( 'NONE', #2095 ) ;
#1217 = VECTOR ( 'NONE', #632, 1000.000000000000000 ) ;
#1218 = CARTESIAN_POINT ( 'NONE',  ( 167.7809706814001345, 116.5090131417651946, -142.5071426749363468 ) ) ;
#1219 = CARTESIAN_POINT ( 'NONE',  ( 124.9963283961987486, 122.7333982440218136, -142.5071426749364605 ) ) ;
#1220 = CARTESIAN_POINT ( 'NONE',  ( 142.5071426749361194, 94.25922629496615457, -186.0881678484405199 ) ) ;
#1221 = CARTESIAN_POINT ( 'NONE',  ( 2.499999999999725997, 100.6277756140712114, -42.88867731750008261 ) ) ;
#1222 = EDGE_CURVE ( 'NONE', #2584, #1350, #1562, .T. ) ;
#1223 = VERTEX_POINT ( 'NONE', #1320 ) ;
#1224 = DIRECTION ( 'NONE',  ( -0.000000000000000000, -1.000000000000000000, -0.000000000000000000 ) ) ;
#1225 = VERTEX_POINT ( 'NONE', #2588 ) ;
#1226 = CARTESIAN_POINT ( 'NONE',  ( 0.1271171340864647448, 124.9046433086419938, 3.083896475473002941 ) ) ;
#1227 = CARTESIAN_POINT ( 'NONE',  ( 3.083896475472553078, 124.9046433086420222, -140.1342598090233196 ) ) ;
#1228 = ORIENTED_EDGE ( 'NONE', *, *, #1752, .T. ) ;
#1229 = CARTESIAN_POINT ( 'NONE',  ( 97.11846535743617892, 100.6277756140713393, 2.500000000000000444 ) ) ;
#1230 = CARTESIAN_POINT ( 'NONE',  ( 142.5071426749360910, 90.53893995811483819, 47.46500897720341072 ) ) ;
#1231 = FACE_OUTER_BOUND ( 'NONE', #2458, .T. ) ;
#1232 = ORIENTED_EDGE ( 'NONE', *, *, #1580, .F. ) ;
#1233 = CARTESIAN_POINT ( 'NONE',  ( 165.7625710619591359, 117.7906337582924579, -142.5071426749364036 ) ) ;
#1234 = CARTESIAN_POINT ( 'NONE',  ( 137.5071426749360342, 124.8748433581500450, -142.5071426749364036 ) ) ;
#1235 = VECTOR ( 'NONE', #2910, 1000.000000000000000 ) ;
#1236 = CARTESIAN_POINT ( 'NONE',  ( 142.5071426749361478, 90.57757234694344106, -187.5586736295196033 ) ) ;
#1237 = CARTESIAN_POINT ( 'NONE',  ( 2.499999999999791278, 81.35617519959033928, -49.55681567230362106 ) ) ;
#1238 = CARTESIAN_POINT ( 'NONE',  ( 142.5071426749360626, 92.04633637176303296, -93.06240762904859309 ) ) ;
#1239 = DIRECTION ( 'NONE',  ( 0.000000000000000000, 1.000000000000000000, 0.000000000000000000 ) ) ;
#1240 = ADVANCED_FACE ( 'NONE', ( #2310 ), #68, .T. ) ;
#1241 = CARTESIAN_POINT ( 'NONE',  ( 0.000000000000000000, -20.00000000000000000, -115.0071426749364178 ) ) ;
#1242 = LINE ( 'NONE', #1487, #2212 ) ;
#1243 = VERTEX_POINT ( 'NONE', #3070 ) ;
#1244 = DIRECTION ( 'NONE',  ( 0.000000000000000000, 1.000000000000000000, 0.000000000000000000 ) ) ;
#1245 = CARTESIAN_POINT ( 'NONE',  ( 142.5071426749360910, 113.7596893674161151, 31.64569768558004625 ) ) ;
#1246 = DIRECTION ( 'NONE',  ( 0.000000000000000000, 0.000000000000000000, -1.000000000000000000 ) ) ;
#1247 = VERTEX_POINT ( 'NONE', #2326 ) ;
#1248 = PLANE ( 'NONE',  #726 ) ;
#1249 = CARTESIAN_POINT ( 'NONE',  ( -36.75087913375093507, 108.8194804147292558, -137.5071426749364036 ) ) ;
#1250 = CARTESIAN_POINT ( 'NONE',  ( 142.5071426749360057, 123.8697370969314733, -150.4000132786282506 ) ) ;
#1251 = VERTEX_POINT ( 'NONE', #822 ) ;
#1252 = CARTESIAN_POINT ( 'NONE',  ( 142.5071426749361194, 96.47471520684143798, -94.81149072228475916 ) ) ;
#1253 = LINE ( 'NONE', #1500, #1747 ) ;
#1254 = EDGE_CURVE ( 'NONE', #382, #2695, #1821, .T. ) ;
#1255 = CARTESIAN_POINT ( 'NONE',  ( -42.88867731750045209, 100.6277756140709982, 2.499999999999989786 ) ) ;
#1256 = ORIENTED_EDGE ( 'NONE', *, *, #1534, .T. ) ;
#1257 =( BOUNDED_SURFACE ( )  B_SPLINE_SURFACE ( 3, 3, ( 
 ( #1201, #883, #1394, #933 ),
 ( #2372, #1130, #1410, #2405 ),
 ( #2141, #1674, #898, #2953 ),
 ( #160, #419, #1184, #1164 ) ),
 .UNSPECIFIED., .F., .F., .F. ) 
 B_SPLINE_SURFACE_WITH_KNOTS ( ( 4, 4 ),
 ( 4, 4 ),
 ( 0.000000000000000000, 1.000000000000000000 ),
 ( 0.000000000000000000, 1.000000000000000000 ),
 .UNSPECIFIED. ) 
 GEOMETRIC_REPRESENTATION_ITEM ( )  RATIONAL_B_SPLINE_SURFACE ( (
 ( 1.000000000000000000, 0.8237525346917972113, 0.8237525346917972113, 1.000000000000000000),
 ( 0.8190699571006432311, 0.6747109532515565000, 0.6747109532515565000, 0.8190699571006432311),
 ( 0.8190699571006432311, 0.6747109532515565000, 0.6747109532515565000, 0.8190699571006432311),
 ( 1.000000000000000000, 0.8237525346917972113, 0.8237525346917972113, 1.000000000000000000) ) ) 
 REPRESENTATION_ITEM ( '' )  SURFACE ( )  );
#1258 = CARTESIAN_POINT ( 'NONE',  ( 2.499999999999706013, 96.47471520684106849, -94.81149072228461705 ) ) ;
#1259 = CARTESIAN_POINT ( 'NONE',  ( -46.08102517350452132, 94.25922629496562877, -2.499999999999969802 ) ) ;
#1260 = CARTESIAN_POINT ( 'NONE',  ( 47.46500897720321888, 90.53893995811458240, -137.5071426749364036 ) ) ;
#1261 = VERTEX_POINT ( 'NONE', #1082 ) ;
#1262 = CARTESIAN_POINT ( 'NONE',  ( 186.6739209047078987, 92.79299248140517875, -142.5071426749364889 ) ) ;
#1263 = CARTESIAN_POINT ( 'NONE',  ( 116.2757632256428906, 118.9668005728630362, -142.5071426749363468 ) ) ;
#1264 = CARTESIAN_POINT ( 'NONE',  ( 142.5071426749360342, 124.1773798999933405, -148.8313497253328705 ) ) ;
#1265 = ORIENTED_EDGE ( 'NONE', *, *, #88, .T. ) ;
#1266 = PLANE ( 'NONE',  #1460 ) ;
#1267 = CARTESIAN_POINT ( 'NONE',  ( 189.6413779830736530, 81.33236206956057401, -137.5071426749364036 ) ) ;
#1268 = CARTESIAN_POINT ( 'NONE',  ( 0.000000000000000000, -20.00000000000000000, 0.000000000000000000 ) ) ;
#1269 = B_SPLINE_CURVE_WITH_KNOTS ( 'NONE', 3,
 ( #1675, #438, #618, #1865, #689, #2867, #2125, #899, #1148, #2142, #1658, #3158, #404, #391, #2653, #1913, #866, #3126, #1411, #673, #2667, #2406, #3140, #420, #2160, #1897, #1395, #1165, #884, #2621, #1446, #1882, #2920, #2885 ),
 .UNSPECIFIED., .F., .F.,
 ( 4, 2, 2, 2, 2, 2, 2, 2, 2, 2, 2, 2, 2, 2, 2, 2, 4 ),
 ( 0.000000000000000000, 0.009440086100412912670, 0.01416012915061939589, 0.01652015067572261062, 0.01888017220082582534, 0.02832025830123872934, 0.03304030135144518654, 0.03540032287654840820, 0.03776034440165162986, 0.04720043050206454427, 0.04956045202716779369, 0.05192047355227103617, 0.05664051660247750031, 0.06608060270289041471, 0.06844062422799362944, 0.07080064575309684416, 0.07552068880330328748 ),
 .UNSPECIFIED. ) ;
#1270 = CARTESIAN_POINT ( 'NONE',  ( 140.0071426749364036, -20.00000000000000000, -115.0071426749364178 ) ) ;
#1271 = AXIS2_PLACEMENT_3D ( 'NONE', #3141, #405, #2178 ) ;
#1272 = EDGE_CURVE ( 'NONE', #2522, #2634, #2079, .T. ) ;
#1273 = CARTESIAN_POINT ( 'NONE',  ( 2.499999999999622080, 122.7289829659500811, -124.9799065035590075 ) ) ;
#1274 = CARTESIAN_POINT ( 'NONE',  ( -2.500000000000356160, 117.7906337582922873, -114.2517142879131455 ) ) ;
#1275 = CARTESIAN_POINT ( 'NONE',  ( 34.01924272470454014, 111.6934866489467737, -137.5071426749363752 ) ) ;
#1276 = EDGE_CURVE ( 'NONE', #693, #2103, #2388, .T. ) ;
#1277 = ORIENTED_EDGE ( 'NONE', *, *, #735, .F. ) ;
#1278 = CARTESIAN_POINT ( 'NONE',  ( -49.93746088859596455, 74.99999999999970157, -142.5071426749364036 ) ) ;
#1279 = FACE_OUTER_BOUND ( 'NONE', #2645, .T. ) ;
#1280 = CARTESIAN_POINT ( 'NONE',  ( 142.5071426749360626, 111.7065120298390326, -34.00782169760181262 ) ) ;
#1281 = CARTESIAN_POINT ( 'NONE',  ( 139.8800255408490898, 124.9046433086420080, -3.083896475473080212 ) ) ;
#1282 = ORIENTED_EDGE ( 'NONE', *, *, #389, .T. ) ;
#1283 = ORIENTED_EDGE ( 'NONE', *, *, #3196, .T. ) ;
#1284 = CARTESIAN_POINT ( 'NONE',  ( 142.5071426749359773, 124.6391309656181932, -134.3295092206185188 ) ) ;
#1285 = DIRECTION ( 'NONE',  ( 1.000000000000000000, 3.430248998885766964E-15, 0.000000000000000000 ) ) ;
#1286 = CARTESIAN_POINT ( 'NONE',  ( 2.499999999999725109, 100.6277756140712256, -182.8958199924364578 ) ) ;
#1287 = CARTESIAN_POINT ( 'NONE',  ( 49.93746088859547427, 78.19200113037189226, -2.499999999999996891 ) ) ;
#1288 = CARTESIAN_POINT ( 'NONE',  ( -2.500000000000366374, 119.7130273605284287, 22.29293092970197065 ) ) ;
#1289 = CARTESIAN_POINT ( 'NONE',  ( 200.0071426749363468, -20.00000000000000000, 60.00000000000003553 ) ) ;
#1290 = CARTESIAN_POINT ( 'NONE',  ( -2.500000000000349498, 117.3748048879423038, -166.4766314098755799 ) ) ;
#1291 = EDGE_CURVE ( 'NONE', #1721, #2236, #690, .T. ) ;
#1292 = CARTESIAN_POINT ( 'NONE',  ( 29.44651009771309802, 102.8744685292336953, -91.17845905993937095 ) ) ;
#1293 = CARTESIAN_POINT ( 'NONE',  ( 90.67665613825447224, 82.92036067641863895, -137.5071426749364036 ) ) ;
#1294 = CARTESIAN_POINT ( 'NONE',  ( 142.5071426749361194, 94.25922629496614036, -46.08102517350406657 ) ) ;
#1295 = EDGE_CURVE ( 'NONE', #224, #2076, #2453, .T. ) ;
#1296 = CARTESIAN_POINT ( 'NONE',  ( 103.2562635411855183, 108.8194804147292558, -2.499999999999999556 ) ) ;
#1297 = EDGE_LOOP ( 'NONE', ( #2933, #3084, #533 ) ) ;
#1298 = DIRECTION ( 'NONE',  ( 0.000000000000000000, 0.000000000000000000, 1.000000000000000000 ) ) ;
#1299 = CARTESIAN_POINT ( 'NONE',  ( 1.817742035085331276, 124.9046433086420222, -3.014209508371439750 ) ) ;
#1300 = CARTESIAN_POINT ( 'NONE',  ( 188.3803659683211720, 87.50161034606462351, -137.5071426749364605 ) ) ;
#1301 = DIRECTION ( 'NONE',  ( 0.000000000000000000, 0.000000000000000000, -1.000000000000000000 ) ) ;
#1302 = CIRCLE ( 'NONE', #1564, 25.00000000000000000 ) ;
#1303 = VECTOR ( 'NONE', #804, 1000.000000000000000 ) ;
#1304 = CARTESIAN_POINT ( 'NONE',  ( 2.499999999999693578, 94.25922629496585614, -186.0881678484406621 ) ) ;
#1305 = PLANE ( 'NONE',  #3027 ) ;
#1306 = VECTOR ( 'NONE', #2143, 1000.000000000000000 ) ;
#1307 = CARTESIAN_POINT ( 'NONE',  ( 10.38491247047119259, 123.8522042307481001, -2.500000000000002220 ) ) ;
#1308 = DIRECTION ( 'NONE',  ( 0.000000000000000000, 0.000000000000000000, -1.000000000000000000 ) ) ;
#1309 = PLANE ( 'NONE',  #1085 ) ;
#1310 = CARTESIAN_POINT ( 'NONE',  ( 24.99999999999999645, 8.575622497214415715E-14, -140.0071426749364036 ) ) ;
#1311 = ORIENTED_EDGE ( 'NONE', *, *, #1380, .T. ) ;
#1312 = DIRECTION ( 'NONE',  ( 0.000000000000000000, 0.000000000000000000, -1.000000000000000000 ) ) ;
#1313 = CARTESIAN_POINT ( 'NONE',  ( 90.06968178634046751, 75.79728191964642292, -137.5071426749363752 ) ) ;
#1314 = CARTESIAN_POINT ( 'NONE',  ( 108.3786242764811050, 113.7721276588416970, -2.499999999999999112 ) ) ;
#1315 = VERTEX_POINT ( 'NONE', #3174 ) ;
#1316 = PRODUCT_DEFINITION_CONTEXT ( 'detailed design', #638, 'design' ) ;
#1317 = CARTESIAN_POINT ( 'NONE',  ( -2.500000000000386358, 124.8748433581500166, -2.499999999999999556 ) ) ;
#1318 = CARTESIAN_POINT ( 'NONE',  ( 24.87468592766549591, -20.00000000000000000, -137.5071426749364036 ) ) ;
#1319 = CARTESIAN_POINT ( 'NONE',  ( 178.3145827032865327, 107.0455866223967547, -137.5071426749364036 ) ) ;
#1320 = CARTESIAN_POINT ( 'NONE',  ( 142.5071426749361763, 75.00000000000035527, 49.93746088859570875 ) ) ;
#1321 = LINE ( 'NONE', #1563, #2585 ) ;
#1322 = EDGE_CURVE ( 'NONE', #2567, #2876, #358, .T. ) ;
#1323 = CARTESIAN_POINT ( 'NONE',  ( 141.2800714136817817, 123.1839438782808287, -170.8887423833066919 ) ) ;
#1324 = DIRECTION ( 'NONE',  ( -3.430248998885766176E-15, 1.000000000000000000, 0.000000000000000000 ) ) ;
#1325 = CARTESIAN_POINT ( 'NONE',  ( -2.500000000000384137, 124.7949433924336233, 4.093999309771610307 ) ) ;
#1326 = CARTESIAN_POINT ( 'NONE',  ( -2.500000000000323741, 111.6934866489466742, -105.9878999502315509 ) ) ;
#1327 = MECHANICAL_DESIGN_GEOMETRIC_PRESENTATION_REPRESENTATION (  '', ( #2574 ), #2835 ) ;
#1328 = CARTESIAN_POINT ( 'NONE',  ( -2.500000000000375255, 116.5184527502977119, -167.7999627196896313 ) ) ;
#1329 = ORIENTED_EDGE ( 'NONE', *, *, #671, .T. ) ;
#1330 = DIRECTION ( 'NONE',  ( 0.000000000000000000, 1.000000000000000000, -0.000000000000000000 ) ) ;
#1331 = CARTESIAN_POINT ( 'NONE',  ( 122.0167899950483275, 121.6920770745269209, -137.5071426749363752 ) ) ;
#1332 = CARTESIAN_POINT ( 'NONE',  ( 142.5071426749360910, 104.5573351570816385, -40.28151676638421463 ) ) ;
#1333 = CARTESIAN_POINT ( 'NONE',  ( 169.4536527726494626, 102.8744685292337095, 48.82868361499703980 ) ) ;
#1334 = ORIENTED_EDGE ( 'NONE', *, *, #88, .F. ) ;
#1335 = CARTESIAN_POINT ( 'NONE',  ( 200.0071426749363468, -20.00000000000000000, -200.0071426749364036 ) ) ;
#1336 = CARTESIAN_POINT ( 'NONE',  ( -2.059233873802162496, 102.8744685292335532, -189.9647202368340970 ) ) ;
#1337 = CARTESIAN_POINT ( 'NONE',  ( -49.95757756189807708, 102.8744685292333969, -137.9479088011346448 ) ) ;
#1338 = CIRCLE ( 'NONE', #1599, 50.00000000000026290 ) ;
#1339 = CARTESIAN_POINT ( 'NONE',  ( 2.499999999999614531, 118.9668005728630362, -163.7385221242295756 ) ) ;
#1340 = EDGE_CURVE ( 'NONE', #758, #1175, #1447, .T. ) ;
#1341 = CARTESIAN_POINT ( 'NONE',  ( 137.5071426749360342, 124.8748433581500450, -142.5071426749364036 ) ) ;
#1342 = CARTESIAN_POINT ( 'NONE',  ( 189.6413779830737099, 81.33236206956057401, -2.499999999999969358 ) ) ;
#1343 = CARTESIAN_POINT ( 'NONE',  ( 142.5071426749360910, 124.6391309656182784, 5.677633454317891903 ) ) ;
#1344 = CARTESIAN_POINT ( 'NONE',  ( -2.500000000000382361, 124.7950153186923217, -144.0997070603534951 ) ) ;
#1345 = FACE_OUTER_BOUND ( 'NONE', #678, .T. ) ;
#1346 = CARTESIAN_POINT ( 'NONE',  ( 94.23951725961671855, 94.99269237210870642, -137.5071426749364036 ) ) ;
#1347 = CARTESIAN_POINT ( 'NONE',  ( 142.5071426749361763, 75.00000000000035527, -49.93746088859568744 ) ) ;
#1348 = LINE ( 'NONE', #1096, #698 ) ;
#1349 = VERTEX_POINT ( 'NONE', #2126 ) ;
#1350 = VERTEX_POINT ( 'NONE', #2161 ) ;
#1351 = LINE ( 'NONE', #790, #745 ) ;
#1352 = CARTESIAN_POINT ( 'NONE',  ( 2.499999999999705569, 90.57757234694310000, -187.5586736295198023 ) ) ;
#1353 = CIRCLE ( 'NONE', #2605, 50.00000000000026290 ) ;
#1354 = CARTESIAN_POINT ( 'NONE',  ( 137.5071426749361763, 75.00000000000034106, -189.9446035635320982 ) ) ;
#1355 = EDGE_CURVE ( 'NONE', #960, #2876, #3160, .T. ) ;
#1356 = VECTOR ( 'NONE', #3053, 1000.000000000000000 ) ;
#1357 = FACE_OUTER_BOUND ( 'NONE', #786, .T. ) ;
#1358 = CARTESIAN_POINT ( 'NONE',  ( 121.8045919904202634, 123.1839438782807719, 30.18376661311675946 ) ) ;
#1359 = ORIENTED_EDGE ( 'NONE', *, *, #489, .F. ) ;
#1360 = FACE_OUTER_BOUND ( 'NONE', #2675, .T. ) ;
#1361 = CARTESIAN_POINT ( 'NONE',  ( 99.72562590855170583, 104.5573351570813401, -137.5071426749364321 ) ) ;
#1362 = CARTESIAN_POINT ( 'NONE',  ( 137.5071426749361194, 113.7596893674161720, 31.64569768558004981 ) ) ;
#1363 = CARTESIAN_POINT ( 'NONE',  ( 124.9963283961985638, 122.7333982440217426, -2.499999999999999556 ) ) ;
#1364 = ORIENTED_EDGE ( 'NONE', *, *, #521, .F. ) ;
#1365 =( BOUNDED_SURFACE ( )  B_SPLINE_SURFACE ( 3, 3, ( 
 ( #529, #1554, #815, #289 ),
 ( #1539, #1058, #1292, #1762 ),
 ( #1812, #2282, #2761, #45 ),
 ( #1042, #830, #1827, #2548 ) ),
 .UNSPECIFIED., .F., .F., .F. ) 
 B_SPLINE_SURFACE_WITH_KNOTS ( ( 4, 4 ),
 ( 4, 4 ),
 ( 0.000000000000000000, 1.000000000000000000 ),
 ( 0.000000000000000000, 1.000000000000000000 ),
 .UNSPECIFIED. ) 
 GEOMETRIC_REPRESENTATION_ITEM ( )  RATIONAL_B_SPLINE_SURFACE ( (
 ( 1.000000000000000000, 0.8237525346917973224, 0.8237525346917973224, 1.000000000000000000),
 ( 0.8190699571006432311, 0.6747109532515566110, 0.6747109532515566110, 0.8190699571006432311),
 ( 0.8190699571006432311, 0.6747109532515566110, 0.6747109532515566110, 0.8190699571006432311),
 ( 1.000000000000000000, 0.8237525346917973224, 0.8237525346917973224, 1.000000000000000000) ) ) 
 REPRESENTATION_ITEM ( '' )  SURFACE ( )  );
#1366 = ORIENTED_EDGE ( 'NONE', *, *, #1196, .T. ) ;
#1367 = CARTESIAN_POINT ( 'NONE',  ( 189.9446035635318708, 75.00000000000051159, -142.5071426749364036 ) ) ;
#1368 = SURFACE_STYLE_FILL_AREA ( #1187 ) ;
#1369 = CYLINDRICAL_SURFACE ( 'NONE', #1493, 24.99999999999999289 ) ;
#1370 = AXIS2_PLACEMENT_3D ( 'NONE', #228, #703, #748 ) ;
#1371 = DIRECTION ( 'NONE',  ( -1.000000000000000000, -3.430248998885766176E-15, 0.000000000000000000 ) ) ;
#1372 = ORIENTED_EDGE ( 'NONE', *, *, #1414, .T. ) ;
#1373 = FACE_OUTER_BOUND ( 'NONE', #653, .T. ) ;
#1374 = CARTESIAN_POINT ( 'NONE',  ( 137.5071426749361478, 87.55818389890333719, -48.43509138963612060 ) ) ;
#1375 = CARTESIAN_POINT ( 'NONE',  ( 0.000000000000000000, -20.00000000000000000, -0.000000000000000000 ) ) ;
#1376 = ADVANCED_FACE ( 'NONE', ( #1692 ), #1382, .T. ) ;
#1377 = DIRECTION ( 'NONE',  ( -3.430248998885766176E-15, 1.000000000000000000, 0.000000000000000000 ) ) ;
#1378 = ORIENTED_EDGE ( 'NONE', *, *, #1980, .F. ) ;
#1379 = CARTESIAN_POINT ( 'NONE',  ( 137.5071426749360910, 90.57757234694342685, -187.5586736295195749 ) ) ;
#1380 = EDGE_CURVE ( 'NONE', #430, #1544, #2686, .T. ) ;
#1381 = CARTESIAN_POINT ( 'NONE',  ( 0.000000000000000000, 74.99999999999984368, -140.0071426749364036 ) ) ;
#1382 = PLANE ( 'NONE',  #2187 ) ;
#1383 = PRESENTATION_STYLE_ASSIGNMENT (( #2179 ) ) ;
#1384 = CARTESIAN_POINT ( 'NONE',  ( 180.2959872993430679, 104.5482280533887973, 2.499999999999998668 ) ) ;
#1385 = CARTESIAN_POINT ( 'NONE',  ( 49.93746088859545296, 74.99999999999998579, 2.500000000000000444 ) ) ;
#1386 = LINE ( 'NONE', #153, #1235 ) ;
#1387 = ORIENTED_EDGE ( 'NONE', *, *, #2712, .F. ) ;
#1388 = DIRECTION ( 'NONE',  ( -1.000000000000000000, 0.000000000000000000, -0.000000000000000000 ) ) ;
#1389 = CARTESIAN_POINT ( 'NONE',  ( 90.04956511303836919, 102.8744685292335248, -137.9479088011345880 ) ) ;
#1390 = CARTESIAN_POINT ( 'NONE',  ( 137.5071426749361478, 89.78199444412028640, 47.70607810869749699 ) ) ;
#1391 = CARTESIAN_POINT ( 'NONE',  ( 140.0071426749364036, 74.99999999999987210, -137.5071426749364036 ) ) ;
#1392 = ORIENTED_EDGE ( 'NONE', *, *, #447, .F. ) ;
#1393 = EDGE_CURVE ( 'NONE', #1349, #1216, #1428, .T. ) ;
#1394 = CARTESIAN_POINT ( 'NONE',  ( 188.8358262899330668, 74.99999999999998579, -29.44651009771339290 ) ) ;
#1395 = CARTESIAN_POINT ( 'NONE',  ( 137.5071426749360342, 122.7289829659500526, -124.9799065035589791 ) ) ;
#1396 = CARTESIAN_POINT ( 'NONE',  ( 4.412478072883800904E-28, 74.99999999999987210, -142.5071426749364036 ) ) ;
#1397 = CARTESIAN_POINT ( 'NONE',  ( 200.0071426749364036, 75.00000000000051159, 60.00000000000003553 ) ) ;
#1398 = ORIENTED_EDGE ( 'NONE', *, *, #1196, .F. ) ;
#1399 = CARTESIAN_POINT ( 'NONE',  ( 168.4367510752287558, 116.0625525579284840, -2.499999999999997335 ) ) ;
#1400 = CARTESIAN_POINT ( 'NONE',  ( -45.10735008994237916, 96.44085474756472820, -142.5071426749363752 ) ) ;
#1401 = CARTESIAN_POINT ( 'NONE',  ( 43.75472240243753674, 99.27377170997036160, 2.500000000000000888 ) ) ;
#1402 = FACE_OUTER_BOUND ( 'NONE', #897, .T. ) ;
#1403 = ORIENTED_EDGE ( 'NONE', *, *, #1355, .T. ) ;
#1404 = VECTOR ( 'NONE', #1670, 1000.000000000000000 ) ;
#1405 = CARTESIAN_POINT ( 'NONE',  ( 2.499999999999613642, 124.8748433581500308, 2.500000000000000444 ) ) ;
#1406 = CARTESIAN_POINT ( 'NONE',  ( 137.5071426749360910, 121.6920770745269778, -17.99035267988768894 ) ) ;
#1407 = CARTESIAN_POINT ( 'NONE',  ( 137.5071426749360342, 123.8522042307480859, 10.38491247047152299 ) ) ;
#1408 = DIRECTION ( 'NONE',  ( 0.000000000000000000, 0.000000000000000000, 1.000000000000000000 ) ) ;
#1409 = ORIENTED_EDGE ( 'NONE', *, *, #1890, .F. ) ;
#1410 = CARTESIAN_POINT ( 'NONE',  ( 188.8358262899331237, 102.8744685292337522, -29.44651009771342487 ) ) ;
#1411 = CARTESIAN_POINT ( 'NONE',  ( 137.5071426749360910, 113.7596893674159730, -108.3614449893562153 ) ) ;
#1412 = CARTESIAN_POINT ( 'NONE',  ( -60.00000000000000000, -20.00000000000000000, 60.00000000000003553 ) ) ;
#1413 = CARTESIAN_POINT ( 'NONE',  ( 0.000000000000000000, -20.00000000000000000, -200.0071426749364036 ) ) ;
#1414 = EDGE_CURVE ( 'NONE', #480, #1243, #2760, .T. ) ;
#1415 = EDGE_LOOP ( 'NONE', ( #2240, #185, #501, #1611 ) ) ;
#1416 = CARTESIAN_POINT ( 'NONE',  ( 155.0343788463134160, 122.7289829659501521, -2.500000000000003109 ) ) ;
#1417 = EDGE_CURVE ( 'NONE', #2628, #2794, #2260, .T. ) ;
#1418 = CARTESIAN_POINT ( 'NONE',  ( -27.79282004475365753, 116.5184527502976692, -142.5071426749363752 ) ) ;
#1419 = DIRECTION ( 'NONE',  ( 2.029491997795871344E-45, -5.916456789157588541E-31, 1.000000000000000000 ) ) ;
#1420 = ORIENTED_EDGE ( 'NONE', *, *, #1153, .F. ) ;
#1421 = DIRECTION ( 'NONE',  ( -3.430248998885766176E-15, 1.000000000000000000, 0.000000000000000000 ) ) ;
#1422 = DIRECTION ( 'NONE',  ( -1.000000000000000000, -3.430248998885766176E-15, 0.000000000000000000 ) ) ;
#1423 = CARTESIAN_POINT ( 'NONE',  ( 167.7809706814001061, 116.5090131417652088, -137.5071426749364321 ) ) ;
#1424 = CARTESIAN_POINT ( 'NONE',  ( 18.00091371185349587, 121.6865660148363872, -142.5071426749364605 ) ) ;
#1425 = ORIENTED_EDGE ( 'NONE', *, *, #622, .T. ) ;
#1426 = CARTESIAN_POINT ( 'NONE',  ( 137.5071426749360910, 124.6393548566891525, -145.6830367285830903 ) ) ;
#1427 = FACE_OUTER_BOUND ( 'NONE', #3161, .T. ) ;
#1428 = LINE ( 'NONE', #2196, #1306 ) ;
#1429 = CIRCLE ( 'NONE', #13, 50.00000000000027001 ) ;
#1430 = AXIS2_PLACEMENT_3D ( 'NONE', #197, #1929, #619 ) ;
#1431 = CARTESIAN_POINT ( 'NONE',  ( 137.5071426749365173, -20.00000000000000711, -115.1324567472709077 ) ) ;
#1432 = EDGE_LOOP ( 'NONE', ( #1786, #1711, #2007 ) ) ;
#1433 = CARTESIAN_POINT ( 'NONE',  ( 144.1011419847074819, 124.7949433924336375, -2.499999999999977351 ) ) ;
#1434 = VERTEX_POINT ( 'NONE', #162 ) ;
#1435 = CARTESIAN_POINT ( 'NONE',  ( -43.67538922819397129, 99.26337362625548622, -142.5071426749364036 ) ) ;
#1436 = ADVANCED_FACE ( 'NONE', ( #2921 ), #935, .F. ) ;
#1437 = CARTESIAN_POINT ( 'NONE',  ( -17.99035267988820763, 121.6920770745269067, 2.499999999999999556 ) ) ;
#1438 = ORIENTED_EDGE ( 'NONE', *, *, #1068, .F. ) ;
#1439 = B_SPLINE_CURVE_WITH_KNOTS ( 'NONE', 3,
 ( #817, #2074, #3082, #1799, #561, #1814, #3047, #2565, #2827, #277, #3094, #324, #1280, #547, #848, #29, #1044, #1332, #1026, #2321, #2019, #291, #2550, #531, #1294, #1591, #2797, #80, #339, #2285, #2038, #832, #308, #1347 ),
 .UNSPECIFIED., .F., .F.,
 ( 4, 2, 2, 2, 2, 2, 2, 2, 2, 2, 2, 2, 2, 2, 2, 2, 4 ),
 ( 0.000000000000000000, 0.004771606103980851991, 0.009543212207961700513, 0.01908642441592341490, 0.02385803051990427123, 0.02862963662388512409, 0.03817284883184683675, 0.04055865188383728226, 0.04294445493582772083, 0.04771606103980859798, 0.05248766714378947512, 0.05487347019577989288, 0.05725927324777031063, 0.06680248545573209962, 0.07157409155971299064, 0.07395989461170343615, 0.07634569766369388166 ),
 .UNSPECIFIED. ) ;
#1440 = AXIS2_PLACEMENT_3D ( 'NONE', #1191, #641, #1885 ) ;
#1441 = CARTESIAN_POINT ( 'NONE',  ( -2.500000000000216271, 74.99999999999980105, 49.93746088859571586 ) ) ;
#1442 = CARTESIAN_POINT ( 'NONE',  ( 91.17845905993918620, 74.99999999999964473, -110.5606325772230321 ) ) ;
#1443 = FACE_OUTER_BOUND ( 'NONE', #65, .T. ) ;
#1444 = CARTESIAN_POINT ( 'NONE',  ( 2.499999999999618527, 124.8748433581500450, -142.5071426749364036 ) ) ;
#1445 = ORIENTED_EDGE ( 'NONE', *, *, #1340, .F. ) ;
#1446 = CARTESIAN_POINT ( 'NONE',  ( 137.5071426749361194, 124.2927734263729747, -131.9694378344917141 ) ) ;
#1447 = LINE ( 'NONE', #2638, #1620 ) ;
#1448 = CARTESIAN_POINT ( 'NONE',  ( 2.499999999999706901, 96.44085474756484189, -45.10735008994203810 ) ) ;
#1449 = CARTESIAN_POINT ( 'NONE',  ( 151.1724834807646118, 123.6797482769719352, -2.500000000000002665 ) ) ;
#1450 =( BOUNDED_SURFACE ( )  B_SPLINE_SURFACE ( 3, 3, ( 
 ( #2322, #1045, #548, #2536 ),
 ( #1800, #2828, #1333, #1816 ),
 ( #2338, #1574, #97, #2075 ),
 ( #596, #325, #563, #1846 ) ),
 .UNSPECIFIED., .F., .F., .F. ) 
 B_SPLINE_SURFACE_WITH_KNOTS ( ( 4, 4 ),
 ( 4, 4 ),
 ( 0.000000000000000000, 1.000000000000000000 ),
 ( 0.000000000000000000, 1.000000000000000000 ),
 .UNSPECIFIED. ) 
 GEOMETRIC_REPRESENTATION_ITEM ( )  RATIONAL_B_SPLINE_SURFACE ( (
 ( 1.000000000000000000, 0.8237525346917973224, 0.8237525346917973224, 1.000000000000000000),
 ( 0.8190699571006431201, 0.6747109532515565000, 0.6747109532515565000, 0.8190699571006431201),
 ( 0.8190699571006431201, 0.6747109532515565000, 0.6747109532515565000, 0.8190699571006431201),
 ( 1.000000000000000000, 0.8237525346917973224, 0.8237525346917973224, 1.000000000000000000) ) ) 
 REPRESENTATION_ITEM ( '' )  SURFACE ( )  );
#1451 = EDGE_LOOP ( 'NONE', ( #1359, #1445, #49, #1801, #2323 ) ) ;
#1452 = CARTESIAN_POINT ( 'NONE',  ( 189.6413779830736246, 81.33236206956053138, 2.500000000000001332 ) ) ;
#1453 = CARTESIAN_POINT ( 'NONE',  ( 38.81462694711990480, 106.4294357334343601, 2.499999999999998224 ) ) ;
#1454 = VERTEX_POINT ( 'NONE', #1630 ) ;
#1455 = ADVANCED_FACE ( 'NONE', ( #2622 ), #674, .T. ) ;
#1456 = CARTESIAN_POINT ( 'NONE',  ( -2.500000000000227374, 78.19200113037167910, 49.93746088859573007 ) ) ;
#1457 = PLANE ( 'NONE',  #38 ) ;
#1458 = CARTESIAN_POINT ( 'NONE',  ( 140.0071426749364036, 74.99999999999987210, 0.000000000000000000 ) ) ;
#1459 = ADVANCED_FACE ( 'NONE', ( #1167 ), #900, .T. ) ;
#1460 = AXIS2_PLACEMENT_3D ( 'NONE', #250, #2988, #2507 ) ;
#1461 = ORIENTED_EDGE ( 'NONE', *, *, #1515, .T. ) ;
#1462 = AXIS2_PLACEMENT_3D ( 'NONE', #1986, #2460, #2503 ) ;
#1463 = CARTESIAN_POINT ( 'NONE',  ( 0.000000000000000000, 0.000000000000000000, 0.000000000000000000 ) ) ;
#1464 = CARTESIAN_POINT ( 'NONE',  ( 131.1829356245395388, 124.1773798999932836, -142.5071426749364321 ) ) ;
#1465 = AXIS2_PLACEMENT_3D ( 'NONE', #885, #1883, #636 ) ;
#1466 = CARTESIAN_POINT ( 'NONE',  ( 142.5071426749361478, 97.15430560888208333, -184.7683085889142376 ) ) ;
#1467 = CARTESIAN_POINT ( 'NONE',  ( 2.499999999999640288, 119.7043890370414942, -22.31100207509580002 ) ) ;
#1468 = ORIENTED_EDGE ( 'NONE', *, *, #3225, .T. ) ;
#1469 = CARTESIAN_POINT ( 'NONE',  ( 0.000000000000000000, 442.7056274847714690, 0.000000000000000000 ) ) ;
#1470 = VERTEX_POINT ( 'NONE', #2424 ) ;
#1471 = CARTESIAN_POINT ( 'NONE',  ( 171.6528403605161373, 113.7596893674162004, 2.500000000000001776 ) ) ;
#1472 = CARTESIAN_POINT ( 'NONE',  ( 49.95757756189730969, 75.00000000000000000, -142.0663765487382193 ) ) ;
#1473 = ORIENTED_EDGE ( 'NONE', *, *, #2552, .F. ) ;
#1474 = CARTESIAN_POINT ( 'NONE',  ( 134.3312486212892338, 124.6393548566891525, 2.499999999999994227 ) ) ;
#1475 = CARTESIAN_POINT ( 'NONE',  ( 142.5071426749361763, 81.33236206956040348, 49.63423530813752649 ) ) ;
#1476 = PLANE ( 'NONE',  #947 ) ;
#1477 = ORIENTED_EDGE ( 'NONE', *, *, #1222, .F. ) ;
#1478 = ADVANCED_FACE ( 'NONE', ( #1898 ), #1109, .T. ) ;
#1479 = CARTESIAN_POINT ( 'NONE',  ( 142.5071426749359205, 150.0000000000000000, -3.152965104363860190E-59 ) ) ;
#1480 = CARTESIAN_POINT ( 'NONE',  ( 96.33175344674265261, 99.26337362625584149, -142.5071426749364321 ) ) ;
#1481 = B_SPLINE_CURVE_WITH_KNOTS ( 'NONE', 3,
 ( #577, #1610, #834, #2602, #2798, #1363, #2306, #2554, #3066, #309, #1592, #1314, #110, #1296, #2583, #818, #340, #3048, #356, #2022, #2566, #2288, #3031, #785, #802, #1783, #64, #1061, #2814, #2174, #3170, #652, #1128, #2633 ),
 .UNSPECIFIED., .F., .F.,
 ( 4, 2, 2, 2, 2, 2, 2, 2, 2, 2, 2, 2, 2, 2, 2, 2, 4 ),
 ( 5.551115123125782702E-17, 0.004771606103980956075, 0.009543212207961856638, 0.01908642441592356409, 0.02385803051990442736, 0.02862963662388528716, 0.03817284883184701716, 0.04055865188383745573, 0.04294445493582790124, 0.04771606103980882002, 0.05248766714378975268, 0.05487347019578019819, 0.05725927324777065064, 0.06680248545573250207, 0.07157409155971340697, 0.07395989461170389412, 0.07634569766369438126 ),
 .UNSPECIFIED. ) ;
#1482 = LINE ( 'NONE', #17, #851 ) ;
#1483 = CARTESIAN_POINT ( 'NONE',  ( 2.499999999999730882, 87.55818389890335141, -48.43509138963611349 ) ) ;
#1484 = EDGE_LOOP ( 'NONE', ( #845, #2670, #294 ) ) ;
#1485 = CARTESIAN_POINT ( 'NONE',  ( -48.82868361499721743, 74.99999999999964473, 29.44651009771337513 ) ) ;
#1486 = CARTESIAN_POINT ( 'NONE',  ( 2.059233873801579406, 74.99999999999981526, 49.95757756189758680 ) ) ;
#1487 = CARTESIAN_POINT ( 'NONE',  ( 142.5071426749361763, 74.99999999999988631, 0.000000000000000000 ) ) ;
#1488 = VERTEX_POINT ( 'NONE', #1526 ) ;
#1489 = CARTESIAN_POINT ( 'NONE',  ( -2.500000000000266898, 92.04633637176266348, 46.94473504588795976 ) ) ;
#1490 = CARTESIAN_POINT ( 'NONE',  ( -49.93746088859598586, 75.79728191964642292, -2.499999999999999112 ) ) ;
#1491 = FACE_OUTER_BOUND ( 'NONE', #2192, .T. ) ;
#1492 = ORIENTED_EDGE ( 'NONE', *, *, #2049, .T. ) ;
#1493 = AXIS2_PLACEMENT_3D ( 'NONE', #1069, #87, #102 ) ;
#1494 = CARTESIAN_POINT ( 'NONE',  ( 142.5071426749359205, 150.0000000000000000, -140.0071426749364036 ) ) ;
#1495 = CARTESIAN_POINT ( 'NONE',  ( -49.93746088859596455, 74.99999999999970157, -137.5071426749364036 ) ) ;
#1496 = VECTOR ( 'NONE', #2856, 1000.000000000000000 ) ;
#1497 = CARTESIAN_POINT ( 'NONE',  ( 142.5071426749360342, 108.8194804147296111, -176.7580218086867774 ) ) ;
#1498 = EDGE_CURVE ( 'NONE', #942, #960, #1510, .T. ) ;
#1499 = CARTESIAN_POINT ( 'NONE',  ( -48.82868361499740217, 102.8744685292333969, 29.44651009771342487 ) ) ;
#1500 = CARTESIAN_POINT ( 'NONE',  ( 115.0071426749364178, -20.00000000000000000, -140.0071426749364036 ) ) ;
#1501 = CARTESIAN_POINT ( 'NONE',  ( 2.059233873801548320, 74.99999999999981526, -189.9647202368340118 ) ) ;
#1502 = ORIENTED_EDGE ( 'NONE', *, *, #1598, .F. ) ;
#1503 = CARTESIAN_POINT ( 'NONE',  ( 2.499999999999720668, 92.04633637176263505, -93.06240762904850783 ) ) ;
#1504 = DIRECTION ( 'NONE',  ( 1.000000000000000000, 3.430248998885765781E-15, 0.000000000000000000 ) ) ;
#1505 = DIRECTION ( 'NONE',  ( 0.000000000000000000, 0.000000000000000000, 1.000000000000000000 ) ) ;
#1506 = VERTEX_POINT ( 'NONE', #1027 ) ;
#1507 = CARTESIAN_POINT ( 'NONE',  ( 168.4367510752288126, 116.0625525579284840, -142.5071426749364605 ) ) ;
#1508 = CARTESIAN_POINT ( 'NONE',  ( -47.55153095458363310, 90.57757234694287263, -137.5071426749364605 ) ) ;
#1509 = VECTOR ( 'NONE', #2914, 1000.000000000000000 ) ;
#1510 = LINE ( 'NONE', #722, #2680 ) ;
#1511 = CARTESIAN_POINT ( 'NONE',  ( 142.5071426749360342, 124.1585152715968547, -131.1853151140364844 ) ) ;
#1512 = CARTESIAN_POINT ( 'NONE',  ( 189.9446035635318708, 78.19200113037186384, -137.5071426749364036 ) ) ;
#1513 = EDGE_CURVE ( 'NONE', #2470, #272, #274, .T. ) ;
#1514 = CARTESIAN_POINT ( 'NONE',  ( 3.014209508371012536, 124.9046433086420222, 1.817742035085758490 ) ) ;
#1515 = EDGE_CURVE ( 'NONE', #2567, #960, #2750, .T. ) ;
#1516 = CARTESIAN_POINT ( 'NONE',  ( -46.08102517350454974, 94.25922629496561456, 2.499999999999956035 ) ) ;
#1517 = ORIENTED_EDGE ( 'NONE', *, *, #1091, .T. ) ;
#1518 = B_SPLINE_CURVE_WITH_KNOTS ( 'NONE', 3,
 ( #1143, #647, #2137, #3135, #1653, #912, #1406, #1638, #399, #2913, #1892, #3167, #927, #2616, #2400, #1877, #894, #667, #2172, #432, #2879, #371, #878, #2895, #1922, #174, #1374, #156, #1160, #415, #2155, #3153, #1907, #1669 ),
 .UNSPECIFIED., .F., .F.,
 ( 4, 2, 2, 2, 2, 2, 2, 2, 2, 2, 2, 2, 2, 2, 2, 2, 4 ),
 ( 2.602085213965210642E-18, 0.004771606103980892757, 0.009543212207961782045, 0.01908642441592356409, 0.02385803051990445511, 0.02862963662388534267, 0.03817284883184715594, 0.04055865188383759451, 0.04294445493582804696, 0.04771606103980896574, 0.05248766714378989146, 0.05487347019578035778, 0.05725927324777081717, 0.06680248545573262697, 0.07157409155971353187, 0.07395989461170397739, 0.07634569766369440902 ),
 .UNSPECIFIED. ) ;
#1519 = CARTESIAN_POINT ( 'NONE',  ( 2.499999999999630518, 117.3731783433123042, -113.5704739887776782 ) ) ;
#1520 = CARTESIAN_POINT ( 'NONE',  ( -2.500000000000347722, 116.5090131417650099, -112.2333146684722323 ) ) ;
#1521 = CARTESIAN_POINT ( 'NONE',  ( 38.81462694711986927, 106.4294357334343459, -137.5071426749363752 ) ) ;
#1522 = ORIENTED_EDGE ( 'NONE', *, *, #1576, .F. ) ;
#1523 = PLANE ( 'NONE',  #3022 ) ;
#1524 = LINE ( 'NONE', #2269, #1565 ) ;
#1525 = CARTESIAN_POINT ( 'NONE',  ( 94.89979258499424475, 96.44085474756514031, -142.5071426749364321 ) ) ;
#1526 = CARTESIAN_POINT ( 'NONE',  ( 49.93746088859545296, 74.99999999999998579, -2.499999999999996891 ) ) ;
#1527 = VERTEX_POINT ( 'NONE', #2736 ) ;
#1528 = CARTESIAN_POINT ( 'NONE',  ( 142.5071426749359773, 118.9863968387191449, -116.3118138422692311 ) ) ;
#1529 = FACE_OUTER_BOUND ( 'NONE', #460, .T. ) ;
#1530 = AXIS2_PLACEMENT_3D ( 'NONE', #1076, #800, #1813 ) ;
#1531 = CARTESIAN_POINT ( 'NONE',  ( 30.18376661311630116, 123.1839438782809424, -158.2096933594521602 ) ) ;
#1532 = VECTOR ( 'NONE', #1707, 1000.000000000000000 ) ;
#1533 = EDGE_CURVE ( 'NONE', #422, #693, #2521, .T. ) ;
#1534 = EDGE_CURVE ( 'NONE', #2619, #1434, #1482, .T. ) ;
#1535 = CARTESIAN_POINT ( 'NONE',  ( 2.499999999999692690, 87.50161034606404087, -91.63391938155118055 ) ) ;
#1536 = CARTESIAN_POINT ( 'NONE',  ( -2.500000000000381917, 124.1585152715968263, -131.1853151140363991 ) ) ;
#1537 = CARTESIAN_POINT ( 'NONE',  ( -2.500000000000366818, 119.7043890370415511, -162.3181447500321610 ) ) ;
#1538 = ORIENTED_EDGE ( 'NONE', *, *, #972, .F. ) ;
#1539 = CARTESIAN_POINT ( 'NONE',  ( 49.95757756189733811, 102.8744685292337380, -137.9479088011346448 ) ) ;
#1540 = CARTESIAN_POINT ( 'NONE',  ( 95.24597676095814336, 97.15430560888157174, -137.5071426749364605 ) ) ;
#1541 = CARTESIAN_POINT ( 'NONE',  ( 142.0663765487379919, 74.99999999999981526, -90.04956511303882394 ) ) ;
#1542 = CARTESIAN_POINT ( 'NONE',  ( 142.5071426749360910, 78.18535845901642745, -189.8492754743365367 ) ) ;
#1543 = ORIENTED_EDGE ( 'NONE', *, *, #749, .T. ) ;
#1544 = VERTEX_POINT ( 'NONE', #248 ) ;
#1545 = CARTESIAN_POINT ( 'NONE',  ( -1.817742035086185703, 124.9046433086420222, 3.014209508371442858 ) ) ;
#1546 = CARTESIAN_POINT ( 'NONE',  ( 142.5071426749361763, 75.00000000000035527, -142.5071426749364036 ) ) ;
#1547 = FACE_BOUND ( 'NONE', #1746, .T. ) ;
#1548 = DIRECTION ( 'NONE',  ( 1.000000000000000000, 3.330669073875451477E-15, 0.000000000000000000 ) ) ;
#1549 = CARTESIAN_POINT ( 'NONE',  ( -2.500000000000472955, 150.0000000000000000, -140.0071426749364036 ) ) ;
#1550 = CARTESIAN_POINT ( 'NONE',  ( -2.500000000000472955, 150.0000000000000000, -2.499999999999999556 ) ) ;
#1551 = CARTESIAN_POINT ( 'NONE',  ( -2.500000000000378364, 124.7949433924335807, -135.9131433651647853 ) ) ;
#1552 = CARTESIAN_POINT ( 'NONE',  ( -2.500000000000259792, 90.57757234694302895, -187.5586736295197170 ) ) ;
#1553 = ORIENTED_EDGE ( 'NONE', *, *, #2510, .T. ) ;
#1554 = CARTESIAN_POINT ( 'NONE',  ( 48.82868361499669874, 74.99999999999998579, -110.5606325772230889 ) ) ;
#1555 = CARTESIAN_POINT ( 'NONE',  ( 98.81540039592904634, 103.2747571694203259, -137.5071426749364321 ) ) ;
#1556 = CARTESIAN_POINT ( 'NONE',  ( 141.2800714136818101, 123.1839438782808713, -109.1255429665661865 ) ) ;
#1557 = EDGE_CURVE ( 'NONE', #98, #1350, #995, .T. ) ;
#1558 = DIRECTION ( 'NONE',  ( 0.000000000000000000, 0.000000000000000000, 1.000000000000000000 ) ) ;
#1559 = ORIENTED_EDGE ( 'NONE', *, *, #932, .T. ) ;
#1560 = CARTESIAN_POINT ( 'NONE',  ( 140.0071426749361763, 74.99999999999982947, -140.0071426749364036 ) ) ;
#1561 = CARTESIAN_POINT ( 'NONE',  ( 49.95757756189733811, 102.8744685292337380, -2.059233873801789461 ) ) ;
#1562 = LINE ( 'NONE', #2540, #1356 ) ;
#1563 = CARTESIAN_POINT ( 'NONE',  ( 2.499999999999784617, 74.99999999999988631, -140.0071426749364036 ) ) ;
#1564 = AXIS2_PLACEMENT_3D ( 'NONE', #2245, #1962, #3 ) ;
#1565 = VECTOR ( 'NONE', #28, 1000.000000000000000 ) ;
#1566 = FACE_OUTER_BOUND ( 'NONE', #2070, .T. ) ;
#1567 = CARTESIAN_POINT ( 'NONE',  ( 140.0071426749361763, 74.99999999999991473, 0.000000000000000000 ) ) ;
#1568 = CARTESIAN_POINT ( 'NONE',  ( -2.500000000000360600, 118.9863968387191306, 23.69532883266727197 ) ) ;
#1569 = PLANE ( 'NONE',  #772 ) ;
#1570 = CARTESIAN_POINT ( 'NONE',  ( -2.500000000000388578, 124.6393548566891667, -145.6830367285832040 ) ) ;
#1571 = CARTESIAN_POINT ( 'NONE',  ( 109.1255429665658738, 123.1839438782809850, -141.2800714136822080 ) ) ;
#1572 = CARTESIAN_POINT ( 'NONE',  ( 102.7217806763106722, 108.2291978768621448, -137.5071426749363752 ) ) ;
#1573 = CARTESIAN_POINT ( 'NONE',  ( 170.8887423833062371, 123.1839438782809566, -138.7342139361905708 ) ) ;
#1574 = CARTESIAN_POINT ( 'NONE',  ( 170.1909092880526941, 123.1839438782809708, 18.20255068451570324 ) ) ;
#1575 = ORIENTED_EDGE ( 'NONE', *, *, #2938, .F. ) ;
#1576 = EDGE_CURVE ( 'NONE', #2076, #2598, #3211, .T. ) ;
#1577 = CARTESIAN_POINT ( 'NONE',  ( -2.500000000000381473, 122.7333982440217568, -15.01081427873740637 ) ) ;
#1578 = CARTESIAN_POINT ( 'NONE',  ( -49.95757756189804155, 102.8744685292333969, 2.059233873801805892 ) ) ;
#1579 = CARTESIAN_POINT ( 'NONE',  ( 142.5071426749359205, 150.0000000000000000, -142.5071426749364036 ) ) ;
#1580 = EDGE_CURVE ( 'NONE', #518, #3241, #2059, .T. ) ;
#1581 = CARTESIAN_POINT ( 'NONE',  ( 2.499999999999618527, 124.8748433581500450, -142.5071426749364036 ) ) ;
#1582 = B_SPLINE_CURVE_WITH_KNOTS ( 'NONE', 3,
 ( #251, #1512, #1267, #2508, #1300, #1727, #2724, #477, #237, #3019, #2232, #1771, #3231, #2768, #1319, #2113, #3110, #2062, #867, #2571, #1423, #650, #1211, #2626, #1174, #941, #699, #2413, #624, #924, #2203, #1156, #380, #1699 ),
 .UNSPECIFIED., .F., .F.,
 ( 4, 2, 2, 2, 2, 2, 2, 2, 2, 2, 2, 2, 2, 2, 2, 2, 4 ),
 ( 5.338891568193821880E-16, 0.009440086100413216247, 0.01416012915061953641, 0.01652015067572268348, 0.01888017220082583228, 0.02832025830123854546, 0.03304030135144492286, 0.03540032287654810289, 0.03776034440165128986, 0.04720043050206408630, 0.04956045202716731490, 0.05192047355227054350, 0.05664051660247709785, 0.06608060270289019267, 0.06844062422799347678, 0.07080064575309674701, 0.07552068880330330136 ),
 .UNSPECIFIED. ) ;
#1583 = CARTESIAN_POINT ( 'NONE',  ( 46.94473504588760449, 92.04633637176274874, -2.500000000000003553 ) ) ;
#1584 = CARTESIAN_POINT ( 'NONE',  ( 142.5071426749360910, 89.78199444412031482, -92.30106456623892086 ) ) ;
#1585 = CARTESIAN_POINT ( 'NONE',  ( -2.500000000000325961, 107.0455866223963852, -101.6997026465857346 ) ) ;
#1586 = AXIS2_PLACEMENT_3D ( 'NONE', #439, #3193, #950 ) ;
#1587 = CARTESIAN_POINT ( 'NONE',  ( -2.500000000000386358, 124.8748433581500166, -142.5071426749364036 ) ) ;
#1588 = ORIENTED_EDGE ( 'NONE', *, *, #1153, .T. ) ;
#1589 = CARTESIAN_POINT ( 'NONE',  ( 0.000000000000000000, 0.000000000000000000, 0.000000000000000000 ) ) ;
#1590 = CARTESIAN_POINT ( 'NONE',  ( 101.6863360783602843, 107.0295737201735022, -137.5071426749364321 ) ) ;
#1591 = CARTESIAN_POINT ( 'NONE',  ( 142.5071426749361478, 90.57757234694338422, -47.55153095458318546 ) ) ;
#1592 = CARTESIAN_POINT ( 'NONE',  ( 112.2143226301827497, 116.5184527502976408, -2.499999999999999112 ) ) ;
#1593 = VERTEX_POINT ( 'NONE', #2039 ) ;
#1594 =( BOUNDED_SURFACE ( )  B_SPLINE_SURFACE ( 3, 3, ( 
 ( #2418, #1180, #1442, #2930 ),
 ( #2630, #384, #684, #1389 ),
 ( #1686, #2436, #191, #2105 ),
 ( #861, #2366, #122, #1126 ) ),
 .UNSPECIFIED., .F., .F., .F. ) 
 B_SPLINE_SURFACE_WITH_KNOTS ( ( 4, 4 ),
 ( 4, 4 ),
 ( 0.000000000000000000, 1.000000000000000000 ),
 ( 0.000000000000000000, 1.000000000000000000 ),
 .UNSPECIFIED. ) 
 GEOMETRIC_REPRESENTATION_ITEM ( )  RATIONAL_B_SPLINE_SURFACE ( (
 ( 1.000000000000000000, 0.8237525346917972113, 0.8237525346917972113, 1.000000000000000000),
 ( 0.8190699571006418989, 0.6747109532515553898, 0.6747109532515553898, 0.8190699571006418989),
 ( 0.8190699571006418989, 0.6747109532515553898, 0.6747109532515553898, 0.8190699571006418989),
 ( 1.000000000000000000, 0.8237525346917972113, 0.8237525346917972113, 1.000000000000000000) ) ) 
 REPRESENTATION_ITEM ( '' )  SURFACE ( )  );
#1595 = LINE ( 'NONE', #312, #459 ) ;
#1596 = CARTESIAN_POINT ( 'NONE',  ( 30.18376661311632247, 123.1839438782809424, -18.20255068451573166 ) ) ;
#1597 = DIRECTION ( 'NONE',  ( -0.000000000000000000, -1.000000000000000000, -0.000000000000000000 ) ) ;
#1598 = EDGE_CURVE ( 'NONE', #2847, #2289, #1348, .T. ) ;
#1599 = AXIS2_PLACEMENT_3D ( 'NONE', #3089, #841, #1838 ) ;
#1600 = CARTESIAN_POINT ( 'NONE',  ( 140.0071426749361763, 74.99999999999982947, 0.000000000000000000 ) ) ;
#1601 = DIRECTION ( 'NONE',  ( 0.000000000000000000, 0.000000000000000000, -1.000000000000000000 ) ) ;
#1602 = DIRECTION ( 'NONE',  ( 1.000000000000000000, 3.330669073875433334E-15, 0.000000000000000000 ) ) ;
#1603 = CARTESIAN_POINT ( 'NONE',  ( 177.2771488732953458, 108.2464467495921383, -2.500000000000016431 ) ) ;
#1604 = DIRECTION ( 'NONE',  ( 3.430248998885766176E-15, -1.000000000000000000, -0.000000000000000000 ) ) ;
#1605 = DIRECTION ( 'NONE',  ( -1.000000000000000000, 0.000000000000000000, -0.000000000000000000 ) ) ;
#1606 = VERTEX_POINT ( 'NONE', #2846 ) ;
#1607 = DIRECTION ( 'NONE',  ( 3.430248998885766176E-15, -1.000000000000000000, -0.000000000000000000 ) ) ;
#1608 = CARTESIAN_POINT ( 'NONE',  ( 97.11846535743597997, 100.6277756140710409, -137.5071426749364321 ) ) ;
#1609 = CARTESIAN_POINT ( 'NONE',  ( 137.5071426749360342, 124.6391309656181789, 5.677633454317910555 ) ) ;
#1610 = CARTESIAN_POINT ( 'NONE',  ( 135.9145782895189711, 124.7950153186923359, -2.499999999999989342 ) ) ;
#1611 = ORIENTED_EDGE ( 'NONE', *, *, #54, .F. ) ;
#1612 = DIRECTION ( 'NONE',  ( -1.000000000000000000, 0.000000000000000000, 0.000000000000000000 ) ) ;
#1613 = CARTESIAN_POINT ( 'NONE',  ( -1.817742035086228780, 124.9046433086420222, -143.0213521833078403 ) ) ;
#1614 = DIRECTION ( 'NONE',  ( 0.000000000000000000, 1.000000000000000000, 0.000000000000000000 ) ) ;
#1615 = CARTESIAN_POINT ( 'NONE',  ( 136.9232461994629375, 124.9046433086419938, 0.1271171340868904043 ) ) ;
#1616 = PRODUCT_RELATED_PRODUCT_CATEGORY ( 'part', '', ( #2167 ) ) ;
#1617 = VECTOR ( 'NONE', #1244, 1000.000000000000000 ) ;
#1618 = AXIS2_PLACEMENT_3D ( 'NONE', #916, #672, #1912 ) ;
#1619 = CARTESIAN_POINT ( 'NONE',  ( 8.037704840444323651, 124.2927734263730173, -2.499999999999986677 ) ) ;
#1620 = VECTOR ( 'NONE', #2936, 1000.000000000000000 ) ;
#1621 = CARTESIAN_POINT ( 'NONE',  ( 140.0071426749364036, 74.99999999999987210, -140.0071426749364036 ) ) ;
#1622 = ORIENTED_EDGE ( 'NONE', *, *, #1697, .T. ) ;
#1623 = CARTESIAN_POINT ( 'NONE',  ( 2.499999999999718447, 92.79299248140462453, 46.66677822977188583 ) ) ;
#1624 = DIRECTION ( 'NONE',  ( -0.000000000000000000, -1.000000000000000000, -0.000000000000000000 ) ) ;
#1625 = CARTESIAN_POINT ( 'NONE',  ( 137.5071426749360910, 116.0625525579283703, 28.42960840029270386 ) ) ;
#1626 = DIRECTION ( 'NONE',  ( 1.000000000000000000, 3.430248998885766176E-15, 0.000000000000000000 ) ) ;
#1627 = ORIENTED_EDGE ( 'NONE', *, *, #2354, .F. ) ;
#1628 = CARTESIAN_POINT ( 'NONE',  ( 137.5071426749360342, 123.8697370969314591, -150.4000132786282506 ) ) ;
#1629 = CARTESIAN_POINT ( 'NONE',  ( -22.31100207509630096, 119.7043890370414658, -137.5071426749364889 ) ) ;
#1630 = CARTESIAN_POINT ( 'NONE',  ( 24.87468592766550302, 75.00000000000000000, -137.5071426749364036 ) ) ;
#1631 = DIRECTION ( 'NONE',  ( 3.430248998885766176E-15, -1.000000000000000000, -0.000000000000000000 ) ) ;
#1632 = CARTESIAN_POINT ( 'NONE',  ( 185.2027946275877355, 96.47471520684155166, 2.500000000000000444 ) ) ;
#1633 = CARTESIAN_POINT ( 'NONE',  ( 38.30744002835032802, 107.0455866223965415, 2.500000000000000000 ) ) ;
#1634 = PLANE ( 'NONE',  #3062 ) ;
#1635 = EDGE_LOOP ( 'NONE', ( #2060, #2888, #1372 ) ) ;
#1636 = ADVANCED_FACE ( 'NONE', ( #2057 ), #1450, .T. ) ;
#1637 = CARTESIAN_POINT ( 'NONE',  ( 2.499999999999687805, 99.27377170997021949, 43.75472240243787780 ) ) ;
#1638 = CARTESIAN_POINT ( 'NONE',  ( 137.5071426749360057, 119.7043890370414942, -22.31100207509578581 ) ) ;
#1639 = CARTESIAN_POINT ( 'NONE',  ( 137.5071426749360626, 111.6934866489467737, 34.01924272470474619 ) ) ;
#1640 = CARTESIAN_POINT ( 'NONE',  ( 140.0071426749364036, -20.00000000000000000, -140.0071426749364036 ) ) ;
#1641 = ORIENTED_EDGE ( 'NONE', *, *, #2368, .F. ) ;
#1642 = AXIS2_PLACEMENT_3D ( 'NONE', #1567, #3073, #1602 ) ;
#1643 = CARTESIAN_POINT ( 'NONE',  ( 137.5071426749360910, 100.6277756140714956, -182.8958199924363441 ) ) ;
#1644 = CARTESIAN_POINT ( 'NONE',  ( 140.0071426749364036, 1.479114197289397415E-29, -25.00000000000000355 ) ) ;
#1645 = CARTESIAN_POINT ( 'NONE',  ( 140.0071426749361763, 74.99999999999991473, -140.0071426749364036 ) ) ;
#1646 = DIRECTION ( 'NONE',  ( 0.000000000000000000, 0.000000000000000000, -1.000000000000000000 ) ) ;
#1647 = ORIENTED_EDGE ( 'NONE', *, *, #1340, .T. ) ;
#1648 = CARTESIAN_POINT ( 'NONE',  ( -8.824207050397008700, 124.1773798999932410, -142.5071426749363752 ) ) ;
#1649 = CARTESIAN_POINT ( 'NONE',  ( 41.20426945856026890, 103.2567445005947064, 2.500000000000001332 ) ) ;
#1650 = LINE ( 'NONE', #2644, #2071 ) ;
#1651 = ORIENTED_EDGE ( 'NONE', *, *, #3147, .T. ) ;
#1652 = CARTESIAN_POINT ( 'NONE',  ( 142.5071426749359205, 150.0000000000000000, -137.5071426749364036 ) ) ;
#1653 = CARTESIAN_POINT ( 'NONE',  ( 137.5071426749360626, 123.8697370969314875, -10.39287060369195537 ) ) ;
#1654 = CARTESIAN_POINT ( 'NONE',  ( 137.5071426749360342, 118.9863968387191449, 23.69532883266713341 ) ) ;
#1655 = DIRECTION ( 'NONE',  ( 0.000000000000000000, 1.000000000000000000, 0.000000000000000000 ) ) ;
#1656 = ORIENTED_EDGE ( 'NONE', *, *, #2283, .T. ) ;
#1657 = CARTESIAN_POINT ( 'NONE',  ( 137.5071426749360342, 124.8748433581500450, -142.5071426749364036 ) ) ;
#1658 = CARTESIAN_POINT ( 'NONE',  ( 137.5071426749361194, 99.27377170997024791, -96.25242027249854004 ) ) ;
#1659 = CARTESIAN_POINT ( 'NONE',  ( 137.9479088011344174, 74.99999999999981526, -49.95757756189765786 ) ) ;
#1660 = CARTESIAN_POINT ( 'NONE',  ( -60.00000000000000000, -20.00000000000000000, -200.0071426749364036 ) ) ;
#1661 = ORIENTED_EDGE ( 'NONE', *, *, #2636, .F. ) ;
#1662 = CARTESIAN_POINT ( 'NONE',  ( 166.4438113610946743, 117.3731783433124747, -2.500000000000007994 ) ) ;
#1663 = CARTESIAN_POINT ( 'NONE',  ( -10.39287060369247051, 123.8697370969314022, -142.5071426749364036 ) ) ;
#1664 = CARTESIAN_POINT ( 'NONE',  ( 137.5071426749361763, 74.99999999999980105, -90.06968178634072331 ) ) ;
#1665 = CARTESIAN_POINT ( 'NONE',  ( 5.677633454317493999, 124.6391309656181647, 2.499999999999996447 ) ) ;
#1666 = CARTESIAN_POINT ( 'NONE',  ( 139.8800255408491182, 124.9046433086420080, 3.083896475473039800 ) ) ;
#1667 = ORIENTED_EDGE ( 'NONE', *, *, #2614, .T. ) ;
#1668 = CARTESIAN_POINT ( 'NONE',  ( 2.499999999999617639, 123.8522042307480575, 10.38491247047156207 ) ) ;
#1669 = CARTESIAN_POINT ( 'NONE',  ( 137.5071426749361763, 74.99999999999980105, -49.93746088859568744 ) ) ;
#1670 = DIRECTION ( 'NONE',  ( 3.430248998885766176E-15, -1.000000000000000000, -0.000000000000000000 ) ) ;
#1671 = DIRECTION ( 'NONE',  ( -1.000000000000000000, -3.430248998885766176E-15, 0.000000000000000000 ) ) ;
#1672 = VERTEX_POINT ( 'NONE', #293 ) ;
#1673 = UNCERTAINTY_MEASURE_WITH_UNIT (LENGTH_MEASURE( 1.000000000000000082E-05 ), #2378, 'distance_accuracy_value', 'NONE');
#1674 = CARTESIAN_POINT ( 'NONE',  ( 158.2096933594516770, 123.1839438782809282, -30.18376661311675591 ) ) ;
#1675 = CARTESIAN_POINT ( 'NONE',  ( 137.5071426749361763, 74.99999999999980105, -90.06968178634072331 ) ) ;
#1676 = DIRECTION ( 'NONE',  ( 0.000000000000000000, 0.000000000000000000, -1.000000000000000000 ) ) ;
#1677 = DIRECTION ( 'NONE',  ( 0.000000000000000000, 0.000000000000000000, -1.000000000000000000 ) ) ;
#1678 = EDGE_CURVE ( 'NONE', #1811, #382, #1116, .T. ) ;
#1679 = VERTEX_POINT ( 'NONE', #81 ) ;
#1680 = CARTESIAN_POINT ( 'NONE',  ( 148.0448475153806953, 124.2927734263729889, -2.500000000000000444 ) ) ;
#1681 = EDGE_LOOP ( 'NONE', ( #1079, #1931, #1647, #573, #2517 ) ) ;
#1682 = CARTESIAN_POINT ( 'NONE',  ( 4.412478072883800904E-28, 74.99999999999987210, -137.5071426749364036 ) ) ;
#1683 = CARTESIAN_POINT ( 'NONE',  ( -10.39287060369247051, 123.8697370969313880, 2.499999999999998224 ) ) ;
#1684 = ORIENTED_EDGE ( 'NONE', *, *, #1417, .T. ) ;
#1685 = CARTESIAN_POINT ( 'NONE',  ( -2.500000000000326850, 107.0455866223963994, 38.30744002835069040 ) ) ;
#1686 = CARTESIAN_POINT ( 'NONE',  ( 138.7342139361902014, 123.1839438782810419, -109.1255429665662575 ) ) ;
#1687 = CARTESIAN_POINT ( 'NONE',  ( 142.5071426749360910, 104.5482280533886694, 40.28884462440711900 ) ) ;
#1688 = CARTESIAN_POINT ( 'NONE',  ( 8.037704840444320098, 124.2927734263730173, -142.5071426749364321 ) ) ;
#1689 = ORIENTED_EDGE ( 'NONE', *, *, #2193, .F. ) ;
#1690 = CARTESIAN_POINT ( 'NONE',  ( 137.5071426749361763, 75.79728191964656503, -189.9446035635321550 ) ) ;
#1691 = CARTESIAN_POINT ( 'NONE',  ( -23.73137944929375820, 118.9668005728629367, -137.5071426749364036 ) ) ;
#1692 = FACE_OUTER_BOUND ( 'NONE', #3188, .T. ) ;
#1693 = CARTESIAN_POINT ( 'NONE',  ( 2.499999999999607425, 124.7950153186923785, -4.092564385417027495 ) ) ;
#1694 = ORIENTED_EDGE ( 'NONE', *, *, #50, .T. ) ;
#1695 = CARTESIAN_POINT ( 'NONE',  ( 142.5071426749361763, 78.19200113037169331, -90.06968178634072331 ) ) ;
#1696 = ORIENTED_EDGE ( 'NONE', *, *, #1513, .F. ) ;
#1697 = EDGE_CURVE ( 'NONE', #1672, #2318, #1481, .T. ) ;
#1698 = CARTESIAN_POINT ( 'NONE',  ( 137.5071426749360342, 124.8748433581500166, -137.5071426749364036 ) ) ;
#1699 = CARTESIAN_POINT ( 'NONE',  ( 142.5071426749360057, 124.8748433581500308, -137.5071426749364036 ) ) ;
#1700 = ORIENTED_EDGE ( 'NONE', *, *, #54, .T. ) ;
#1701 = CARTESIAN_POINT ( 'NONE',  ( -2.500000000000206057, 89.78199444411986008, 47.70607810869761778 ) ) ;
#1702 = CARTESIAN_POINT ( 'NONE',  ( -38.32080659657618327, 107.0295737201735022, -2.499999999999991118 ) ) ;
#1703 = CARTESIAN_POINT ( 'NONE',  ( 140.0071426749364036, 74.99999999999987210, -142.5071426749364036 ) ) ;
#1704 = VERTEX_POINT ( 'NONE', #158 ) ;
#1705 = CARTESIAN_POINT ( 'NONE',  ( 188.3803659683211720, 87.50161034606459509, -142.5071426749363184 ) ) ;
#1706 = FACE_OUTER_BOUND ( 'NONE', #803, .T. ) ;
#1707 = DIRECTION ( 'NONE',  ( 0.000000000000000000, 0.000000000000000000, -1.000000000000000000 ) ) ;
#1708 = CARTESIAN_POINT ( 'NONE',  ( 2.499999999999661160, 111.7065120298388621, -34.00782169760201157 ) ) ;
#1709 = ORIENTED_EDGE ( 'NONE', *, *, #1272, .T. ) ;
#1710 = CARTESIAN_POINT ( 'NONE',  ( 90.06968178634048172, 74.99999999999964473, -137.5071426749364036 ) ) ;
#1711 = ORIENTED_EDGE ( 'NONE', *, *, #2830, .T. ) ;
#1712 = CARTESIAN_POINT ( 'NONE',  ( 29.44651009771308736, 102.8744685292336953, 48.82868361499702559 ) ) ;
#1713 = CARTESIAN_POINT ( 'NONE',  ( 137.5071426749364605, -8.575622497214327678E-15, -3.152965104363860190E-59 ) ) ;
#1714 = ORIENTED_EDGE ( 'NONE', *, *, #2348, .T. ) ;
#1715 = EDGE_CURVE ( 'NONE', #2470, #2035, #2384, .T. ) ;
#1716 = CARTESIAN_POINT ( 'NONE',  ( 96.33175344674259577, 99.26337362625578464, 2.499999999999992450 ) ) ;
#1717 = VECTOR ( 'NONE', #2279, 1000.000000000000000 ) ;
#1718 = CARTESIAN_POINT ( 'NONE',  ( 142.5071426749360626, 108.8326382375256571, 36.73861411736857008 ) ) ;
#1719 = CARTESIAN_POINT ( 'NONE',  ( 49.63423530813728490, 81.33236206956004821, -137.5071426749364036 ) ) ;
#1720 = AXIS2_PLACEMENT_3D ( 'NONE', #296, #360, #1803 ) ;
#1721 = VERTEX_POINT ( 'NONE', #1162 ) ;
#1722 = DIRECTION ( 'NONE',  ( 0.000000000000000000, 0.000000000000000000, 1.000000000000000000 ) ) ;
#1723 = CARTESIAN_POINT ( 'NONE',  ( 105.9993209773342073, 111.7065120298388621, -142.5071426749364605 ) ) ;
#1724 = CARTESIAN_POINT ( 'NONE',  ( 91.17845905993895883, 102.8744685292333827, -29.44651009771343908 ) ) ;
#1725 = CARTESIAN_POINT ( 'NONE',  ( 2.499999999999718892, 99.26337362625565675, -43.67538922819362313 ) ) ;
#1726 = CARTESIAN_POINT ( 'NONE',  ( 2.499999999999527489, 150.0000000000000000, -142.5071426749364036 ) ) ;
#1727 = CARTESIAN_POINT ( 'NONE',  ( 187.7132207836336306, 89.78199444412047114, -137.5071426749365173 ) ) ;
#1728 = CARTESIAN_POINT ( 'NONE',  ( 148.0448475153806953, 124.2927734263729747, 2.499999999999999556 ) ) ;
#1729 = CARTESIAN_POINT ( 'NONE',  ( -49.93746088859596455, 74.99999999999964473, 2.500000000000005773 ) ) ;
#1730 = ORIENTED_EDGE ( 'NONE', *, *, #749, .F. ) ;
#1731 = LINE ( 'NONE', #1743, #1617 ) ;
#1732 = CARTESIAN_POINT ( 'NONE',  ( 142.5071426749360342, 107.0455866223966126, 38.30744002835050566 ) ) ;
#1733 = CARTESIAN_POINT ( 'NONE',  ( -2.572686749164319035E-13, 74.99999999999982947, 0.000000000000000000 ) ) ;
#1734 = EDGE_CURVE ( 'NONE', #43, #2103, #2122, .T. ) ;
#1735 = CARTESIAN_POINT ( 'NONE',  ( 145.6847761292538905, 124.6391309656182216, -142.5071426749364321 ) ) ;
#1736 = CARTESIAN_POINT ( 'NONE',  ( 112.2143226301830055, 116.5184527502977971, -142.5071426749364321 ) ) ;
#1737 = CARTESIAN_POINT ( 'NONE',  ( 142.5071426749360342, 117.3748048879423465, -166.4766314098754947 ) ) ;
#1738 = CARTESIAN_POINT ( 'NONE',  ( -29.44651009771372685, 102.8744685292334822, 48.82868361499707532 ) ) ;
#1739 = CIRCLE ( 'NONE', #2997, 50.00000000000027001 ) ;
#1740 = FACE_BOUND ( 'NONE', #3150, .T. ) ;
#1741 = CARTESIAN_POINT ( 'NONE',  ( -2.572686749164319035E-13, 74.99999999999982947, -140.0071426749364036 ) ) ;
#1742 = VERTEX_POINT ( 'NONE', #1910 ) ;
#1743 = CARTESIAN_POINT ( 'NONE',  ( 2.500000000000110578, -19.99999999999999289, -115.1324567472709361 ) ) ;
#1744 = CARTESIAN_POINT ( 'NONE',  ( -34.00782169760243079, 111.7065120298387058, -2.499999999999999112 ) ) ;
#1745 = CARTESIAN_POINT ( 'NONE',  ( 115.1324567472709077, -8.532636650097246547E-14, -2.499999999999999556 ) ) ;
#1746 = EDGE_LOOP ( 'NONE', ( #797, #2180, #2688 ) ) ;
#1747 = VECTOR ( 'NONE', #478, 1000.000000000000000 ) ;
#1748 = EDGE_CURVE ( 'NONE', #1151, #1971, #1145, .T. ) ;
#1749 = PLANE ( 'NONE',  #2977 ) ;
#1750 = CARTESIAN_POINT ( 'NONE',  ( -42.88867731750045209, 100.6277756140709982, -137.5071426749364036 ) ) ;
#1751 = CARTESIAN_POINT ( 'NONE',  ( 142.5071426749360057, 111.7065120298389758, -174.0149643725382305 ) ) ;
#1752 = EDGE_CURVE ( 'NONE', #2108, #1721, #2682, .T. ) ;
#1753 = ORIENTED_EDGE ( 'NONE', *, *, #1533, .T. ) ;
#1754 = CARTESIAN_POINT ( 'NONE',  ( 142.5071426749360057, 119.7130273605284998, -117.7142117452345218 ) ) ;
#1755 = LINE ( 'NONE', #1241, #2901 ) ;
#1756 = CARTESIAN_POINT ( 'NONE',  ( -38.82268957556251365, 106.4192685746610181, 2.499999999999990230 ) ) ;
#1757 = ORIENTED_EDGE ( 'NONE', *, *, #870, .T. ) ;
#1758 = CARTESIAN_POINT ( 'NONE',  ( -2.500000000000381029, 124.2927734263729889, 8.037704840444712673 ) ) ;
#1759 = LINE ( 'NONE', #41, #457 ) ;
#1760 = PLANE ( 'NONE',  #2468 ) ;
#1761 = VERTEX_POINT ( 'NONE', #930 ) ;
#1762 = CARTESIAN_POINT ( 'NONE',  ( 2.059233873801496362, 102.8744685292335816, -90.04956511303872446 ) ) ;
#1763 = CARTESIAN_POINT ( 'NONE',  ( 144.1011419847074819, 124.7949433924336375, -142.5071426749364321 ) ) ;
#1764 = CARTESIAN_POINT ( 'NONE',  ( -41.19174227900742125, 103.2747571694202406, -137.5071426749363752 ) ) ;
#1765 = VECTOR ( 'NONE', #3018, 1000.000000000000000 ) ;
#1766 = CARTESIAN_POINT ( 'NONE',  ( 136.9929331665644838, 124.9046433086419938, -1.817742035085786911 ) ) ;
#1767 = ORIENTED_EDGE ( 'NONE', *, *, #627, .F. ) ;
#1768 = AXIS2_PLACEMENT_3D ( 'NONE', #2937, #2608, #2360 ) ;
#1769 = ORIENTED_EDGE ( 'NONE', *, *, #1678, .T. ) ;
#1770 = CARTESIAN_POINT ( 'NONE',  ( 142.5071426749361194, 103.2567445005948201, -98.80287321637597131 ) ) ;
#1771 = CARTESIAN_POINT ( 'NONE',  ( 181.2114121334965091, 103.2567445005949622, -137.5071426749364605 ) ) ;
#1772 = EDGE_CURVE ( 'NONE', #1243, #357, #2490, .T. ) ;
#1773 = CARTESIAN_POINT ( 'NONE',  ( -5.145373498328649177E-13, 150.0000000000000000, -2.499999999999999556 ) ) ;
#1774 = ADVANCED_FACE ( 'NONE', ( #2107 ), #3106, .F. ) ;
#1775 = CARTESIAN_POINT ( 'NONE',  ( 30.88159970836984769, 123.1839438782809566, -141.2800714136822648 ) ) ;
#1776 = CARTESIAN_POINT ( 'NONE',  ( 2.499999999999618527, 123.8522042307480859, -129.6222302044648984 ) ) ;
#1777 = CARTESIAN_POINT ( 'NONE',  ( -2.500000000000385025, 124.2927734263729604, -131.9694378344917141 ) ) ;
#1778 =( BOUNDED_SURFACE ( )  B_SPLINE_SURFACE ( 3, 3, ( 
 ( #2116, #1874, #2875, #625 ),
 ( #2397, #2151, #3149, #908 ),
 ( #1904, #1358, #2347, #664 ),
 ( #1666, #55, #331, #1615 ) ),
 .UNSPECIFIED., .F., .F., .F. ) 
 B_SPLINE_SURFACE_WITH_KNOTS ( ( 4, 4 ),
 ( 4, 4 ),
 ( 0.000000000000000000, 1.000000000000000000 ),
 ( 0.000000000000000000, 1.000000000000000000 ),
 .UNSPECIFIED. ) 
 GEOMETRIC_REPRESENTATION_ITEM ( )  RATIONAL_B_SPLINE_SURFACE ( (
 ( 1.000000000000000000, 0.8237525346917972113, 0.8237525346917972113, 1.000000000000000000),
 ( 0.8190699571006435642, 0.6747109532515567221, 0.6747109532515567221, 0.8190699571006435642),
 ( 0.8190699571006435642, 0.6747109532515567221, 0.6747109532515567221, 0.8190699571006435642),
 ( 1.000000000000000000, 0.8237525346917972113, 0.8237525346917972113, 1.000000000000000000) ) ) 
 REPRESENTATION_ITEM ( '' )  SURFACE ( )  );
#1779 = CARTESIAN_POINT ( 'NONE',  ( 18.00091371185352429, 121.6865660148363446, -137.5071426749364036 ) ) ;
#1780 = CARTESIAN_POINT ( 'NONE',  ( 136.9232461994633070, 124.9046433086420365, -140.1342598090232343 ) ) ;
#1781 = PLANE ( 'NONE',  #1530 ) ;
#1782 = DIRECTION ( 'NONE',  ( 1.000000000000000000, 3.330669073875452266E-15, 0.000000000000000000 ) ) ;
#1783 = CARTESIAN_POINT ( 'NONE',  ( 92.45561172035279185, 90.57757234694285842, -2.499999999999969802 ) ) ;
#1784 = ORIENTED_EDGE ( 'NONE', *, *, #2402, .T. ) ;
#1785 = VECTOR ( 'NONE', #718, 1000.000000000000000 ) ;
#1786 = ORIENTED_EDGE ( 'NONE', *, *, #3151, .T. ) ;
#1787 = PLANE ( 'NONE',  #508 ) ;
#1788 = PLANE ( 'NONE',  #1902 ) ;
#1789 = B_SPLINE_CURVE_WITH_KNOTS ( 'NONE', 3,
 ( #198, #1693, #2443, #1205, #2197, #2721, #474, #1467, #3194, #1945, #691, #951, #1708, #2956, #708, #2703, #456, #2463, #215, #1221, #1725, #3212, #1448, #233, #2214, #968, #1483, #2478, #1237, #2687, #1960, #2971, #723, #440 ),
 .UNSPECIFIED., .F., .F.,
 ( 4, 2, 2, 2, 2, 2, 2, 2, 2, 2, 2, 2, 2, 2, 2, 2, 4 ),
 ( 6.938893903907228378E-18, 0.004771606103980891890, 0.009543212207961775106, 0.01908642441592353287, 0.02385803051990442042, 0.02862963662388530450, 0.03817284883184704491, 0.04055865188383749043, 0.04294445493582793594, 0.04771606103980885472, 0.05248766714378977349, 0.05487347019578023288, 0.05725927324777069227, 0.06680248545573252983, 0.07157409155971344861, 0.07395989461170393575, 0.07634569766369439514 ),
 .UNSPECIFIED. ) ;
#1790 = CARTESIAN_POINT ( 'NONE',  ( 142.0663765487378214, 102.8744685292335674, -189.9647202368340970 ) ) ;
#1791 = CARTESIAN_POINT ( 'NONE',  ( 25.75542838702289572, 117.7906337582923726, -2.500000000000006661 ) ) ;
#1792 = EDGE_CURVE ( 'NONE', #1679, #881, #124, .T. ) ;
#1793 = CARTESIAN_POINT ( 'NONE',  ( 2.499999999999634070, 116.5090131417650383, -112.2333146684722465 ) ) ;
#1794 = CARTESIAN_POINT ( 'NONE',  ( -2.500000000000226041, 78.19200113037166489, -90.06968178634068067 ) ) ;
#1795 = CARTESIAN_POINT ( 'NONE',  ( -2.500000000000271783, 94.25922629496578509, -186.0881678484405768 ) ) ;
#1796 = ORIENTED_EDGE ( 'NONE', *, *, #1734, .F. ) ;
#1797 = CARTESIAN_POINT ( 'NONE',  ( 141.8248847100217063, 124.9046433086420222, -143.0213521833078971 ) ) ;
#1798 = CARTESIAN_POINT ( 'NONE',  ( 137.5071426749361763, 74.99999999999985789, -140.0071426749364036 ) ) ;
#1799 = CARTESIAN_POINT ( 'NONE',  ( 142.5071426749359773, 124.1773798999933689, -8.824207050396447372 ) ) ;
#1800 = CARTESIAN_POINT ( 'NONE',  ( 189.9647202368337275, 102.8744685292337806, 2.059233873801795678 ) ) ;
#1801 = ORIENTED_EDGE ( 'NONE', *, *, #311, .T. ) ;
#1802 = CARTESIAN_POINT ( 'NONE',  ( -2.572686749164319035E-13, 74.99999999999982947, 0.000000000000000000 ) ) ;
#1803 = DIRECTION ( 'NONE',  ( 1.000000000000000000, 3.330669073875451477E-15, 0.000000000000000000 ) ) ;
#1804 = FACE_BOUND ( 'NONE', #3171, .T. ) ;
#1805 = CARTESIAN_POINT ( 'NONE',  ( 2.499999999999701128, 107.0295737201736586, -178.3279492715121535 ) ) ;
#1806 = CARTESIAN_POINT ( 'NONE',  ( 46.66677822977155898, 92.79299248140476664, -2.499999999999979572 ) ) ;
#1807 = CARTESIAN_POINT ( 'NONE',  ( 2.499999999999626077, 118.9863968387190880, -116.3118138422691175 ) ) ;
#1808 = CARTESIAN_POINT ( 'NONE',  ( 0.000000000000000000, 0.000000000000000000, 0.000000000000000000 ) ) ;
#1809 = CARTESIAN_POINT ( 'NONE',  ( 23.69532883266690959, 118.9863968387191733, -137.5071426749364321 ) ) ;
#1810 = EDGE_CURVE ( 'NONE', #719, #2940, #218, .T. ) ;
#1811 = VERTEX_POINT ( 'NONE', #2951 ) ;
#1812 = CARTESIAN_POINT ( 'NONE',  ( 30.88159970836984769, 123.1839438782809566, -138.7342139361905424 ) ) ;
#1813 = DIRECTION ( 'NONE',  ( 0.000000000000000000, 0.000000000000000000, -1.000000000000000000 ) ) ;
#1814 = CARTESIAN_POINT ( 'NONE',  ( 142.5071426749360626, 122.7333982440218421, -15.01081427873729979 ) ) ;
#1815 = EDGE_CURVE ( 'NONE', #183, #1223, #2041, .T. ) ;
#1816 = CARTESIAN_POINT ( 'NONE',  ( 142.0663765487378782, 102.8744685292335959, 49.95757756189770049 ) ) ;
#1817 = ORIENTED_EDGE ( 'NONE', *, *, #2290, .F. ) ;
#1818 = AXIS2_PLACEMENT_3D ( 'NONE', #2596, #133, #2363 ) ;
#1819 = CARTESIAN_POINT ( 'NONE',  ( -2.500000000000215383, 74.99999999999985789, -49.93746088859571586 ) ) ;
#1820 = FACE_OUTER_BOUND ( 'NONE', #2409, .T. ) ;
#1821 = LINE ( 'NONE', #1100, #2025 ) ;
#1822 = CARTESIAN_POINT ( 'NONE',  ( 26.43666868615841636, 117.3731783433122757, -2.499999999999996447 ) ) ;
#1823 = CARTESIAN_POINT ( 'NONE',  ( 2.499999999999736655, 85.96864548476430912, -91.26378059115654651 ) ) ;
#1824 = LINE ( 'NONE', #1289, #1717 ) ;
#1825 = FACE_OUTER_BOUND ( 'NONE', #1842, .T. ) ;
#1826 = EDGE_LOOP ( 'NONE', ( #3079, #2307, #240, #2523, #1667, #3184, #787, #2226 ) ) ;
#1827 = CARTESIAN_POINT ( 'NONE',  ( 1.817742035085311070, 124.9046433086420080, -136.9929331665649670 ) ) ;
#1828 = CARTESIAN_POINT ( 'NONE',  ( 131.1829356245395388, 124.1773798999932836, -137.5071426749364036 ) ) ;
#1829 = LINE ( 'NONE', #1845, #2448 ) ;
#1830 = EDGE_CURVE ( 'NONE', #1251, #693, #1939, .T. ) ;
#1831 = CARTESIAN_POINT ( 'NONE',  ( 142.5071426749361763, 75.00000000000035527, -189.9446035635320982 ) ) ;
#1832 = ORIENTED_EDGE ( 'NONE', *, *, #1984, .T. ) ;
#1833 = CARTESIAN_POINT ( 'NONE',  ( -2.500000000000277112, 99.26337362625561411, -43.67538922819362313 ) ) ;
#1834 = CARTESIAN_POINT ( 'NONE',  ( 140.0071426749358920, 150.0000000000000000, 2.500000000000000444 ) ) ;
#1835 = DIRECTION ( 'NONE',  ( -1.000000000000000000, 0.000000000000000000, -0.000000000000000000 ) ) ;
#1836 = FACE_OUTER_BOUND ( 'NONE', #2952, .T. ) ;
#1837 = CARTESIAN_POINT ( 'NONE',  ( 2.499999999999713562, 94.99269237210899064, -185.7747680902558898 ) ) ;
#1838 = DIRECTION ( 'NONE',  ( 1.000000000000000000, 3.330669073875452266E-15, 0.000000000000000000 ) ) ;
#1839 = CARTESIAN_POINT ( 'NONE',  ( 181.2114121334965660, 103.2567445005949480, -2.499999999999991562 ) ) ;
#1840 = AXIS2_PLACEMENT_3D ( 'NONE', #614, #1626, #1377 ) ;
#1841 = DIRECTION ( 'NONE',  ( 1.000000000000000000, 3.430248998885766176E-15, 0.000000000000000000 ) ) ;
#1842 = EDGE_LOOP ( 'NONE', ( #1107, #2221, #1889, #510, #1492 ) ) ;
#1843 = CARTESIAN_POINT ( 'NONE',  ( 2.499999999999784617, 74.99999999999988631, 2.500000000000000444 ) ) ;
#1844 = CARTESIAN_POINT ( 'NONE',  ( 112.2143226301828207, 116.5184527502976550, -137.5071426749363752 ) ) ;
#1845 = CARTESIAN_POINT ( 'NONE',  ( 200.0071426749363468, 75.00000000000051159, 60.00000000000003553 ) ) ;
#1846 = CARTESIAN_POINT ( 'NONE',  ( 140.1342598090228933, 124.9046433086420080, 3.083896475472941212 ) ) ;
#1847 = ORIENTED_EDGE ( 'NONE', *, *, #1291, .T. ) ;
#1848 = EDGE_CURVE ( 'NONE', #2444, #2318, #3223, .T. ) ;
#1849 = CARTESIAN_POINT ( 'NONE',  ( -2.500000000000205613, 75.79728191964653661, -49.93746088859571586 ) ) ;
#1850 = CARTESIAN_POINT ( 'NONE',  ( -3.014209508371884727, 124.9046433086419938, -141.8248847100221610 ) ) ;
#1851 = DIRECTION ( 'NONE',  ( 0.000000000000000000, 1.000000000000000000, 0.000000000000000000 ) ) ;
#1852 = FACE_BOUND ( 'NONE', #3015, .T. ) ;
#1853 = EDGE_CURVE ( 'NONE', #2755, #1208, #2191, .T. ) ;
#1854 = VECTOR ( 'NONE', #2808, 1000.000000000000000 ) ;
#1855 = CARTESIAN_POINT ( 'NONE',  ( 2.499999999999779288, 78.18535845901602954, -189.8492754743366220 ) ) ;
#1856 = CARTESIAN_POINT ( 'NONE',  ( 8.821827560899679455, 124.1585152715968263, -2.500000000000002665 ) ) ;
#1857 = LINE ( 'NONE', #2597, #1496 ) ;
#1858 = CARTESIAN_POINT ( 'NONE',  ( 2.499999999999752642, 81.33236206955989189, 49.63423530813757623 ) ) ;
#1859 = LINE ( 'NONE', #2860, #273 ) ;
#1860 = CARTESIAN_POINT ( 'NONE',  ( 140.0071426749364036, 74.99999999999987210, 2.500000000000000444 ) ) ;
#1861 = B_SPLINE_CURVE_WITH_KNOTS ( 'NONE', 3,
 ( #2792, #1794, #827, #2033, #2068, #303, #23, #512, #571, #1072, #1020, #90, #3009, #812, #1585, #3042, #2515, #1326, #761, #74, #1520, #2578, #1274, #2264, #795, #2013, #3024, #541, #779, #1536, #1777, #2775, #1551, #2545 ),
 .UNSPECIFIED., .F., .F.,
 ( 4, 2, 2, 2, 2, 2, 2, 2, 2, 2, 2, 2, 2, 2, 2, 2, 4 ),
 ( 5.721958498152796815E-17, 0.009440086100413089612, 0.01416012915061958671, 0.01652015067572280838, 0.01888017220082603004, 0.02832025830123881260, 0.03304030135144520042, 0.03540032287654842208, 0.03776034440165165068, 0.04720043050206455121, 0.04956045202716779369, 0.05192047355227102923, 0.05664051660247748643, 0.06608060270289041471, 0.06844062422799364331, 0.07080064575309685804, 0.07552068880330331524 ),
 .UNSPECIFIED. ) ;
#1862 = CARTESIAN_POINT ( 'NONE',  ( 10.38491247047118726, 123.8522042307480859, -142.5071426749364036 ) ) ;
#1863 = ORIENTED_EDGE ( 'NONE', *, *, #268, .F. ) ;
#1864 = LINE ( 'NONE', #1335, #876 ) ;
#1865 = CARTESIAN_POINT ( 'NONE',  ( 137.5071426749361478, 85.96864548476435175, -91.26378059115653230 ) ) ;
#1866 = DIRECTION ( 'NONE',  ( 3.430248998885766176E-15, -1.000000000000000000, -0.000000000000000000 ) ) ;
#1867 = ADVANCED_FACE ( 'NONE', ( #1231 ), #1760, .T. ) ;
#1868 = VECTOR ( 'NONE', #732, 1000.000000000000000 ) ;
#1869 = EDGE_CURVE ( 'NONE', #1506, #1175, #2731, .T. ) ;
#1870 = AXIS2_PLACEMENT_3D ( 'NONE', #2036, #3045, #574 ) ;
#1871 = CARTESIAN_POINT ( 'NONE',  ( -26.46948873493968080, 117.3748048879421901, -142.5071426749364605 ) ) ;
#1872 = VECTOR ( 'NONE', #2407, 1000.000000000000000 ) ;
#1873 = CARTESIAN_POINT ( 'NONE',  ( 142.5071426749361763, 75.00000000000035527, -189.9446035635320982 ) ) ;
#1874 = CARTESIAN_POINT ( 'NONE',  ( 110.5606325772228615, 74.99999999999970157, 48.82868361499696874 ) ) ;
#1875 = ORIENTED_EDGE ( 'NONE', *, *, #2980, .F. ) ;
#1876 = CARTESIAN_POINT ( 'NONE',  ( 142.5071426749360057, 124.8748433581500308, 2.500000000000000444 ) ) ;
#1877 = CARTESIAN_POINT ( 'NONE',  ( 137.5071426749360910, 107.0295737201736443, -38.32080659657579247 ) ) ;
#1878 = CARTESIAN_POINT ( 'NONE',  ( -8.824207050397010477, 124.1773798999932836, -2.499999999999998224 ) ) ;
#1879 = CARTESIAN_POINT ( 'NONE',  ( 140.0071426749364036, 74.99999999999987210, -142.5071426749364036 ) ) ;
#1880 = ORIENTED_EDGE ( 'NONE', *, *, #3038, .F. ) ;
#1881 = DIRECTION ( 'NONE',  ( 1.000000000000000000, 3.330669073875451477E-15, 0.000000000000000000 ) ) ;
#1882 = CARTESIAN_POINT ( 'NONE',  ( 137.5071426749361194, 124.6391309656181647, -134.3295092206185473 ) ) ;
#1883 = DIRECTION ( 'NONE',  ( 3.430248998885766176E-15, -1.000000000000000000, -0.000000000000000000 ) ) ;
#1884 = ORIENTED_EDGE ( 'NONE', *, *, #3095, .F. ) ;
#1885 = DIRECTION ( 'NONE',  ( 1.000000000000000000, 3.330669073875451477E-15, 0.000000000000000000 ) ) ;
#1886 = ADVANCED_FACE ( 'NONE', ( #1491 ), #1476, .F. ) ;
#1887 = CARTESIAN_POINT ( 'NONE',  ( 26.43666868615841281, 117.3731783433123184, 2.499999999999995115 ) ) ;
#1888 = CARTESIAN_POINT ( 'NONE',  ( 115.1324567472704103, 74.99999999999982947, -137.5071426749364036 ) ) ;
#1889 = ORIENTED_EDGE ( 'NONE', *, *, #2494, .T. ) ;
#1890 = EDGE_CURVE ( 'NONE', #1946, #2466, #2457, .T. ) ;
#1891 = FACE_OUTER_BOUND ( 'NONE', #1001, .T. ) ;
#1892 = CARTESIAN_POINT ( 'NONE',  ( 137.5071426749360626, 116.5184527502977403, -27.79282004475321699 ) ) ;
#1893 = CARTESIAN_POINT ( 'NONE',  ( 137.5071426749361194, 92.04633637176303296, 46.94473504588780344 ) ) ;
#1894 = CARTESIAN_POINT ( 'NONE',  ( 25.75542838702290283, 117.7906337582923868, -142.5071426749364321 ) ) ;
#1895 = ORIENTED_EDGE ( 'NONE', *, *, #311, .F. ) ;
#1896 = CARTESIAN_POINT ( 'NONE',  ( 137.5071426749361478, 78.98169942736844007, -189.7919627043063713 ) ) ;
#1897 = CARTESIAN_POINT ( 'NONE',  ( 137.5071426749360342, 121.6865660148363304, -122.0062289630825063 ) ) ;
#1898 = FACE_OUTER_BOUND ( 'NONE', #2967, .T. ) ;
#1899 = ORIENTED_EDGE ( 'NONE', *, *, #485, .F. ) ;
#1900 = CARTESIAN_POINT ( 'NONE',  ( 163.7024715076032351, 118.9863968387192443, -2.499999999999984457 ) ) ;
#1901 = CARTESIAN_POINT ( 'NONE',  ( -17.99035267988816855, 121.6920770745269351, -142.5071426749364321 ) ) ;
#1902 = AXIS2_PLACEMENT_3D ( 'NONE', #2294, #2785, #282 ) ;
#1903 = CARTESIAN_POINT ( 'NONE',  ( 46.94473504588762580, 92.04633637176276295, 2.500000000000000444 ) ) ;
#1904 = CARTESIAN_POINT ( 'NONE',  ( 138.7342139361901729, 123.1839438782808003, 30.88159970837028467 ) ) ;
#1905 = ORIENTED_EDGE ( 'NONE', *, *, #252, .F. ) ;
#1906 = CARTESIAN_POINT ( 'NONE',  ( -2.500000000000472955, 150.0000000000000000, -140.0071426749364036 ) ) ;
#1907 = CARTESIAN_POINT ( 'NONE',  ( 137.5071426749361478, 75.79728191964652240, -49.93746088859568744 ) ) ;
#1908 = CARTESIAN_POINT ( 'NONE',  ( 137.5071426749360342, 123.6797482769718783, 11.16534080582859012 ) ) ;
#1909 = ADVANCED_FACE ( 'NONE', ( #1197 ), #243, .T. ) ;
#1910 = CARTESIAN_POINT ( 'NONE',  ( 2.499999999999771738, 74.99999999999981526, -49.93746088859570875 ) ) ;
#1911 = VERTEX_POINT ( 'NONE', #513 ) ;
#1912 = DIRECTION ( 'NONE',  ( 0.000000000000000000, 0.000000000000000000, 1.000000000000000000 ) ) ;
#1913 = CARTESIAN_POINT ( 'NONE',  ( 137.5071426749361194, 108.2464467495917972, -102.7371364765769925 ) ) ;
#1914 = DIRECTION ( 'NONE',  ( -3.430248998885766176E-15, 1.000000000000000000, 5.916456789157588541E-31 ) ) ;
#1915 = CARTESIAN_POINT ( 'NONE',  ( 140.0071426749361763, 74.99999999999982947, 0.000000000000000000 ) ) ;
#1916 = ORIENTED_EDGE ( 'NONE', *, *, #2893, .F. ) ;
#1917 = CARTESIAN_POINT ( 'NONE',  ( -15.01081427873790375, 122.7333982440217284, -142.5071426749364321 ) ) ;
#1918 =( BOUNDED_SURFACE ( )  B_SPLINE_SURFACE ( 3, 3, ( 
 ( #1036, #2296, #2030, #2803 ),
 ( #1790, #2786, #1052, #2559 ),
 ( #1323, #2976, #3234, #494 ),
 ( #2497, #1797, #275, #27 ) ),
 .UNSPECIFIED., .F., .F., .F. ) 
 B_SPLINE_SURFACE_WITH_KNOTS ( ( 4, 4 ),
 ( 4, 4 ),
 ( 0.000000000000000000, 1.000000000000000000 ),
 ( 0.000000000000000000, 1.000000000000000000 ),
 .UNSPECIFIED. ) 
 GEOMETRIC_REPRESENTATION_ITEM ( )  RATIONAL_B_SPLINE_SURFACE ( (
 ( 1.000000000000000000, 0.8237525346917972113, 0.8237525346917972113, 1.000000000000000000),
 ( 0.8190699571006432311, 0.6747109532515565000, 0.6747109532515565000, 0.8190699571006432311),
 ( 0.8190699571006432311, 0.6747109532515565000, 0.6747109532515565000, 0.8190699571006432311),
 ( 1.000000000000000000, 0.8237525346917972113, 0.8237525346917972113, 1.000000000000000000) ) ) 
 REPRESENTATION_ITEM ( '' )  SURFACE ( )  );
#1919 = CARTESIAN_POINT ( 'NONE',  ( -5.675894053647249748, 124.6393548566891383, 2.499999999999996003 ) ) ;
#1920 = ORIENTED_EDGE ( 'NONE', *, *, #1557, .F. ) ;
#1921 = CARTESIAN_POINT ( 'NONE',  ( 112.2143226301829344, 116.5184527502977403, 2.500000000000007994 ) ) ;
#1922 = CARTESIAN_POINT ( 'NONE',  ( 137.5071426749361194, 94.25922629496578509, -46.08102517350419447 ) ) ;
#1923 = CARTESIAN_POINT ( 'NONE',  ( 137.5071426749360342, 121.6865660148363162, 18.00091371185381917 ) ) ;
#1924 = CARTESIAN_POINT ( 'NONE',  ( 47.46500897720321888, 90.53893995811456819, -142.5071426749363752 ) ) ;
#1925 = ORIENTED_EDGE ( 'NONE', *, *, #1173, .F. ) ;
#1926 = EDGE_CURVE ( 'NONE', #1704, #1434, #1051, .T. ) ;
#1927 = CARTESIAN_POINT ( 'NONE',  ( 137.5071426749362615, 78.18535845901645587, -189.8492754743366504 ) ) ;
#1928 = CARTESIAN_POINT ( 'NONE',  ( -15.01081427873789842, 122.7333982440217284, -137.5071426749364605 ) ) ;
#1929 = DIRECTION ( 'NONE',  ( 0.000000000000000000, 0.000000000000000000, -1.000000000000000000 ) ) ;
#1930 = LINE ( 'NONE', #1169, #901 ) ;
#1931 = ORIENTED_EDGE ( 'NONE', *, *, #320, .F. ) ;
#1932 = DIRECTION ( 'NONE',  ( -1.000000000000000000, -3.430248998885766176E-15, 0.000000000000000000 ) ) ;
#1933 = VERTEX_POINT ( 'NONE', #258 ) ;
#1934 = CARTESIAN_POINT ( 'NONE',  ( -49.55681567230388396, 81.35617519959016875, -142.5071426749364036 ) ) ;
#1935 = CARTESIAN_POINT ( 'NONE',  ( 11.16534080582828814, 123.6797482769719636, 2.500000000000006217 ) ) ;
#1936 = VERTEX_POINT ( 'NONE', #2473 ) ;
#1937 = CARTESIAN_POINT ( 'NONE',  ( -2.500000000000363265, 116.0625525579282709, 28.42960840029284242 ) ) ;
#1938 = CARTESIAN_POINT ( 'NONE',  ( -22.31100207509624767, 119.7043890370414090, -2.499999999999999112 ) ) ;
#1939 = LINE ( 'NONE', #945, #628 ) ;
#1940 = ORIENTED_EDGE ( 'NONE', *, *, #2456, .T. ) ;
#1941 = PLANE ( 'NONE',  #2709 ) ;
#1942 = CARTESIAN_POINT ( 'NONE',  ( -45.76762541531972772, 94.99269237210872063, -137.5071426749364321 ) ) ;
#1943 = CIRCLE ( 'NONE', #12, 24.99999999999999289 ) ;
#1944 = CARTESIAN_POINT ( 'NONE',  ( 140.0071426749364036, 0.000000000000000000, -140.0071426749364036 ) ) ;
#1945 = CARTESIAN_POINT ( 'NONE',  ( 2.499999999999626077, 117.3748048879422754, -26.46948873493923315 ) ) ;
#1946 = VERTEX_POINT ( 'NONE', #1745 ) ;
#1947 = LINE ( 'NONE', #1189, #2864 ) ;
#1948 = EDGE_CURVE ( 'NONE', #33, #1742, #2716, .T. ) ;
#1949 = VERTEX_POINT ( 'NONE', #3187 ) ;
#1950 = CARTESIAN_POINT ( 'NONE',  ( 148.8289702358359534, 124.1585152715968263, 2.499999999999997780 ) ) ;
#1951 = EDGE_CURVE ( 'NONE', #1199, #1593, #3207, .T. ) ;
#1952 = CARTESIAN_POINT ( 'NONE',  ( 49.93746088859543875, 78.19200113037187805, 2.499999999999999112 ) ) ;
#1953 = ORIENTED_EDGE ( 'NONE', *, *, #2494, .F. ) ;
#1954 = LINE ( 'NONE', #467, #1868 ) ;
#1955 = CARTESIAN_POINT ( 'NONE',  ( -49.93746088859596455, 74.99999999999970157, -2.499999999999999556 ) ) ;
#1956 = DIRECTION ( 'NONE',  ( -1.000000000000000000, -3.430248998885766176E-15, 0.000000000000000000 ) ) ;
#1957 = CARTESIAN_POINT ( 'NONE',  ( 137.5071426749361763, 74.99999999999990052, -115.1324567472706519 ) ) ;
#1958 = PLANE ( 'NONE',  #774 ) ;
#1959 = CARTESIAN_POINT ( 'NONE',  ( 109.1255429665656465, 123.1839438782807434, -1.272928738745835009 ) ) ;
#1960 = CARTESIAN_POINT ( 'NONE',  ( 2.499999999999779288, 78.18535845901595849, -49.84213279940018282 ) ) ;
#1961 = ORIENTED_EDGE ( 'NONE', *, *, #1498, .F. ) ;
#1962 = DIRECTION ( 'NONE',  ( 0.000000000000000000, 1.000000000000000000, -0.000000000000000000 ) ) ;
#1963 = CARTESIAN_POINT ( 'NONE',  ( 150.3920551454075394, 123.8522042307481144, 2.499999999999998224 ) ) ;
#1964 = EDGE_CURVE ( 'NONE', #1949, #2747, #454, .T. ) ;
#1965 = CARTESIAN_POINT ( 'NONE',  ( 47.70607810869729803, 89.78199444412001640, -2.499999999999912070 ) ) ;
#1966 = ORIENTED_EDGE ( 'NONE', *, *, #789, .F. ) ;
#1967 = CARTESIAN_POINT ( 'NONE',  ( -2.500000000000260236, 90.53893995811438344, 47.46500897720353151 ) ) ;
#1968 = CARTESIAN_POINT ( 'NONE',  ( 142.5071426749360342, 118.9863968387192017, 23.69532883266715828 ) ) ;
#1969 = CARTESIAN_POINT ( 'NONE',  ( 140.0071426749364036, -5.181232722998406056E-29, -2.499999999999999556 ) ) ;
#1970 = VECTOR ( 'NONE', #1607, 1000.000000000000000 ) ;
#1971 = VERTEX_POINT ( 'NONE', #1310 ) ;
#1972 = CARTESIAN_POINT ( 'NONE',  ( 188.7505047587158913, 85.96864548476493439, -142.5071426749363752 ) ) ;
#1973 = CARTESIAN_POINT ( 'NONE',  ( -49.33048653668194561, 82.92036067641866737, -137.5071426749364605 ) ) ;
#1974 = CARTESIAN_POINT ( 'NONE',  ( 142.5071426749359773, 118.9668005728631215, -163.7385221242295188 ) ) ;
#1975 = VERTEX_POINT ( 'NONE', #526 ) ;
#1976 = CARTESIAN_POINT ( 'NONE',  ( 0.000000000000000000, 442.7056274847714690, -140.0071426749364036 ) ) ;
#1977 = DIRECTION ( 'NONE',  ( 1.000000000000000000, 3.430248998885766176E-15, 0.000000000000000000 ) ) ;
#1978 = LINE ( 'NONE', #1270, #2834 ) ;
#1979 = EDGE_LOOP ( 'NONE', ( #1880, #2200, #125 ) ) ;
#1980 = EDGE_CURVE ( 'NONE', #578, #2204, #780, .T. ) ;
#1981 = CARTESIAN_POINT ( 'NONE',  ( 105.9993209773341931, 111.7065120298388763, 2.499999999999993783 ) ) ;
#1982 = CARTESIAN_POINT ( 'NONE',  ( 142.5071426749361194, 99.27377170997056055, 43.75472240243770727 ) ) ;
#1983 = DIRECTION ( 'NONE',  ( 1.000000000000000000, 3.330669073875452266E-15, 0.000000000000000000 ) ) ;
#1984 = EDGE_CURVE ( 'NONE', #1247, #1470, #3060, .T. ) ;
#1985 = ORIENTED_EDGE ( 'NONE', *, *, #2961, .F. ) ;
#1986 = CARTESIAN_POINT ( 'NONE',  ( -2.572686749164321559E-13, 74.99999999999991473, -140.0071426749364036 ) ) ;
#1987 = CARTESIAN_POINT ( 'NONE',  ( 90.08876447256125175, 76.59380932050517288, -142.5071426749363752 ) ) ;
#1988 = CARTESIAN_POINT ( 'NONE',  ( 136.9232461994629375, 124.9046433086419938, -0.1271171340868900712 ) ) ;
#1989 = ORIENTED_EDGE ( 'NONE', *, *, #2870, .T. ) ;
#1990 = CARTESIAN_POINT ( 'NONE',  ( 142.5071426749360910, 108.2464467495920104, -102.7371364765771631 ) ) ;
#1991 = AXIS2_PLACEMENT_3D ( 'NONE', #1120, #620, #2375 ) ;
#1992 = VECTOR ( 'NONE', #1671, 1000.000000000000000 ) ;
#1993 = CARTESIAN_POINT ( 'NONE',  ( 18.20255068451532665, 123.1839438782809282, 30.18376661311671683 ) ) ;
#1994 = DIRECTION ( 'NONE',  ( 0.000000000000000000, 1.000000000000000000, 0.000000000000000000 ) ) ;
#1995 = ORIENTED_EDGE ( 'NONE', *, *, #1580, .T. ) ;
#1996 = B_SPLINE_CURVE_WITH_KNOTS ( 'NONE', 3,
 ( #2136, #2859, #1858, #2912, #2629, #383, #2399, #414, #1623, #3134, #1637, #3152, #2153, #94, #3118, #1093, #2381, #137, #2843, #666, #893, #2615, #155, #1159, #877, #2119, #911, #611, #1668, #629, #106, #846, #2661, #1405 ),
 .UNSPECIFIED., .F., .F.,
 ( 4, 2, 2, 2, 2, 2, 2, 2, 2, 2, 2, 2, 2, 2, 2, 2, 4 ),
 ( 0.000000000000000000, 0.009440086100412850220, 0.01416012915061925712, 0.01652015067572247878, 0.01888017220082570044, 0.02832025830123852117, 0.03304030135144492980, 0.03540032287654815840, 0.03776034440165138700, 0.04720043050206437080, 0.04956045202716761328, 0.05192047355227086269, 0.05664051660247736153, 0.06608060270289034532, 0.06844062422799358780, 0.07080064575309683028, 0.07552068880330331524 ),
 .UNSPECIFIED. ) ;
#1997 = CARTESIAN_POINT ( 'NONE',  ( 2.499999999999674039, 103.2567445005945643, -98.80287321637577236 ) ) ;
#1998 = CARTESIAN_POINT ( 'NONE',  ( -48.43509138963640481, 87.55818389890322351, -2.499999999999991118 ) ) ;
#1999 = CARTESIAN_POINT ( 'NONE',  ( 45.19565195265146684, 96.47471520684122481, -137.5071426749364036 ) ) ;
#2000 = EDGE_LOOP ( 'NONE', ( #446, #1028, #249, #2911, #640 ) ) ;
#2001 = VECTOR ( 'NONE', #2673, 1000.000000000000000 ) ;
#2002 = ADVANCED_FACE ( 'NONE', ( #1825 ), #2333, .F. ) ;
#2003 = CARTESIAN_POINT ( 'NONE',  ( 91.17845905993912936, 74.99999999999963052, -169.4536527726497752 ) ) ;
#2004 = CARTESIAN_POINT ( 'NONE',  ( 163.7024715076032351, 118.9863968387192443, -142.5071426749364036 ) ) ;
#2005 = CARTESIAN_POINT ( 'NONE',  ( 2.499999999999527489, 150.0000000000000000, -140.0071426749364036 ) ) ;
#2006 = DIRECTION ( 'NONE',  ( 1.000000000000000000, 3.330669073875451477E-15, 0.000000000000000000 ) ) ;
#2007 = ORIENTED_EDGE ( 'NONE', *, *, #714, .F. ) ;
#2008 = EDGE_LOOP ( 'NONE', ( #1730, #1013, #626 ) ) ;
#2009 = DIRECTION ( 'NONE',  ( 0.000000000000000000, 1.000000000000000000, 0.000000000000000000 ) ) ;
#2010 = PLANE ( 'NONE',  #589 ) ;
#2011 = CARTESIAN_POINT ( 'NONE',  ( 49.95757756189733811, 102.8744685292337664, -142.0663765487381909 ) ) ;
#2012 = CARTESIAN_POINT ( 'NONE',  ( 2.499999999999630518, 117.7906337582923157, -114.2517142879131313 ) ) ;
#2013 = CARTESIAN_POINT ( 'NONE',  ( -2.500000000000368594, 121.6865660148363304, -122.0062289630825774 ) ) ;
#2014 = CARTESIAN_POINT ( 'NONE',  ( 2.499999999999613642, 124.8748433581500308, -137.5071426749364036 ) ) ;
#2015 = ORIENTED_EDGE ( 'NONE', *, *, #2024, .T. ) ;
#2016 = VECTOR ( 'NONE', #1089, 1000.000000000000000 ) ;
#2017 = CARTESIAN_POINT ( 'NONE',  ( 110.5606325772227052, 74.99999999999970157, -188.8358262899334363 ) ) ;
#2018 = FACE_OUTER_BOUND ( 'NONE', #2727, .T. ) ;
#2019 = CARTESIAN_POINT ( 'NONE',  ( 142.5071426749361194, 99.26337362625596938, -43.67538922819348812 ) ) ;
#2020 = VECTOR ( 'NONE', #1131, 1000.000000000000000 ) ;
#2021 = CLOSED_SHELL ( 'NONE', ( #2751, #216, #1455, #713, #2812, #2110, #407, #3169, #2267, #1886, #1478, #2733, #1050, #3057, #347, #889, #2295, #2066, #2190, #2330, #26, #292, #2459, #3214, #1909, #869, #267, #2769, #3235, #2002, #3112, #731, #3016, #1008, #2371, #649, #2872, #2474, #1867, #2249, #2852, #1024, #585, #604, #1376, #910, #1436, #2350, #2693, #211, #1200, #126, #2692, #3078, #1636, #2591, #2390, #2147, #1459, #929, #2672, #1103, #208, #2532, #1774, #1240, #833, #169, #1070, #2215 ) ) ;
#2022 = CARTESIAN_POINT ( 'NONE',  ( 97.11846535743596576, 100.6277756140710267, -2.500000000000002665 ) ) ;
#2023 = ORIENTED_EDGE ( 'NONE', *, *, #150, .T. ) ;
#2024 = EDGE_CURVE ( 'NONE', #1350, #2655, #1021, .T. ) ;
#2025 = VECTOR ( 'NONE', #1851, 1000.000000000000000 ) ;
#2026 = EDGE_LOOP ( 'NONE', ( #1522, #700, #1895, #1265 ) ) ;
#2027 = CARTESIAN_POINT ( 'NONE',  ( 0.1271171340864629962, 124.9046433086420080, -3.083896475473002496 ) ) ;
#2028 = CARTESIAN_POINT ( 'NONE',  ( -1.817742035086207908, 124.9046433086420222, -136.9929331665649670 ) ) ;
#2029 = EDGE_CURVE ( 'NONE', #2108, #141, #1210, .T. ) ;
#2030 = CARTESIAN_POINT ( 'NONE',  ( 188.8358262899330668, 74.99999999999998579, -169.4536527726497752 ) ) ;
#2031 = CARTESIAN_POINT ( 'NONE',  ( 37.27000619835907713, 108.2464467495919251, -2.499999999999984013 ) ) ;
#2032 = CARTESIAN_POINT ( 'NONE',  ( -2.500000000000392575, 124.1585152715968263, 8.821827560900073806 ) ) ;
#2033 = CARTESIAN_POINT ( 'NONE',  ( -2.500000000000248690, 85.96864548476436596, -91.26378059115653230 ) ) ;
#2034 = CARTESIAN_POINT ( 'NONE',  ( -2.500000000000303757, 94.99269237210887695, -185.7747680902557761 ) ) ;
#2035 = VERTEX_POINT ( 'NONE', #859 ) ;
#2036 = CARTESIAN_POINT ( 'NONE',  ( -2.572686749164321559E-13, 74.99999999999991473, 0.000000000000000000 ) ) ;
#2037 = CARTESIAN_POINT ( 'NONE',  ( 92.45561172035277764, 90.57757234694281578, -137.5071426749364036 ) ) ;
#2038 = CARTESIAN_POINT ( 'NONE',  ( 142.5071426749361478, 78.18535845901642745, -49.84213279940014019 ) ) ;
#2039 = CARTESIAN_POINT ( 'NONE',  ( 2.499999999999784617, 74.99999999999992895, -115.1324567472706519 ) ) ;
#2040 = ORIENTED_EDGE ( 'NONE', *, *, #2573, .T. ) ;
#2041 = CIRCLE ( 'NONE', #1370, 50.00000000000027001 ) ;
#2042 = CARTESIAN_POINT ( 'NONE',  ( -2.500000000000361045, 118.9668005728630646, -23.73137944929327858 ) ) ;
#2043 = CARTESIAN_POINT ( 'NONE',  ( -30.18376661311716447, 123.1839438782807576, 18.20255068451574587 ) ) ;
#2044 = CARTESIAN_POINT ( 'NONE',  ( -1.272928738746241573, 123.1839438782808287, -109.1255429665661154 ) ) ;
#2045 = FACE_OUTER_BOUND ( 'NONE', #3156, .T. ) ;
#2046 = EDGE_CURVE ( 'NONE', #2782, #2634, #1177, .T. ) ;
#2047 = AXIS2_PLACEMENT_3D ( 'NONE', #2854, #2612, #1324 ) ;
#2048 = PLANE ( 'NONE',  #2047 ) ;
#2049 = EDGE_CURVE ( 'NONE', #578, #1936, #1386, .T. ) ;
#2050 = CARTESIAN_POINT ( 'NONE',  ( 2.499999999999725997, 90.53893995811444029, -92.54213369773290765 ) ) ;
#2051 = DIRECTION ( 'NONE',  ( -1.000000000000000000, -3.430248998885766176E-15, 0.000000000000000000 ) ) ;
#2052 = CARTESIAN_POINT ( 'NONE',  ( 1.878766435995738989E-43, -5.477055562456285483E-29, -137.5071426749364036 ) ) ;
#2053 = ORIENTED_EDGE ( 'NONE', *, *, #2290, .T. ) ;
#2054 = CARTESIAN_POINT ( 'NONE',  ( 137.9479088011343322, 74.99999999999980105, -189.9647202368340970 ) ) ;
#2055 = FACE_OUTER_BOUND ( 'NONE', #2742, .T. ) ;
#2056 = CARTESIAN_POINT ( 'NONE',  ( 188.8358262899331237, 74.99999999999998579, -110.5606325772230889 ) ) ;
#2057 = FACE_OUTER_BOUND ( 'NONE', #2492, .T. ) ;
#2058 = ORIENTED_EDGE ( 'NONE', *, *, #10, .F. ) ;
#2059 = B_SPLINE_CURVE_WITH_KNOTS ( 'NONE', 3,
 ( #3014, #488, #278, #1264, #1250, #967, #752, #738, #1974, #1737, #2702, #3001, #1751, #1497, #31, #707, #2505, #2720, #2477, #455, #2462, #1466, #214, #232, #1220, #1236, #2229, #2353, #2781, #48, #1542, #1078, #3096, #1831 ),
 .UNSPECIFIED., .F., .F.,
 ( 4, 2, 2, 2, 2, 2, 2, 2, 2, 2, 2, 2, 2, 2, 2, 2, 4 ),
 ( 0.000000000000000000, 0.004771606103980808623, 0.009543212207961617247, 0.01908642441592332470, 0.02385803051990417409, 0.02862963662388502001, 0.03817284883184671185, 0.04055865188383713654, 0.04294445493582756818, 0.04771606103980843144, 0.05248766714378928777, 0.05487347019577971247, 0.05725927324777015104, 0.06680248545573201635, 0.07157409155971293513, 0.07395989461170340840, 0.07634569766369388166 ),
 .UNSPECIFIED. ) ;
#2060 = ORIENTED_EDGE ( 'NONE', *, *, #2411, .T. ) ;
#2061 = DIRECTION ( 'NONE',  ( 0.000000000000000000, 1.000000000000000000, -0.000000000000000000 ) ) ;
#2062 = CARTESIAN_POINT ( 'NONE',  ( 174.0263853996407875, 111.6934866489469584, -137.5071426749364605 ) ) ;
#2063 = DIRECTION ( 'NONE',  ( 0.000000000000000000, 0.000000000000000000, -1.000000000000000000 ) ) ;
#2064 = CARTESIAN_POINT ( 'NONE',  ( -48.82868361499743770, 102.8744685292333969, -110.5606325772229752 ) ) ;
#2065 = CARTESIAN_POINT ( 'NONE',  ( 18.00091371185353495, 121.6865660148363162, -2.500000000000003553 ) ) ;
#2066 = ADVANCED_FACE ( 'NONE', ( #3102 ), #1634, .F. ) ;
#2067 = CARTESIAN_POINT ( 'NONE',  ( 2.499999999999774847, 78.19200113037172173, -90.06968178634069488 ) ) ;
#2068 = CARTESIAN_POINT ( 'NONE',  ( -2.500000000000198508, 87.50161034606404087, -91.63391938155118055 ) ) ;
#2069 = CARTESIAN_POINT ( 'NONE',  ( 5.677633454317495776, 124.6391309656181789, -137.5071426749364036 ) ) ;
#2070 = EDGE_LOOP ( 'NONE', ( #2208, #1193, #1232 ) ) ;
#2071 = VECTOR ( 'NONE', #396, 1000.000000000000000 ) ;
#2072 = CARTESIAN_POINT ( 'NONE',  ( 138.1894006398503052, 124.9046433086420507, -143.0213521833075845 ) ) ;
#2073 = CARTESIAN_POINT ( 'NONE',  ( 94.89979258499404580, 96.44085474756474241, -137.5071426749364036 ) ) ;
#2074 = CARTESIAN_POINT ( 'NONE',  ( 142.5071426749359773, 124.7950153186923217, -4.092564385417015949 ) ) ;
#2075 = CARTESIAN_POINT ( 'NONE',  ( 141.2800714136818385, 123.1839438782808855, 30.88159970837022783 ) ) ;
#2076 = VERTEX_POINT ( 'NONE', #1888 ) ;
#2077 = ORIENTED_EDGE ( 'NONE', *, *, #1853, .T. ) ;
#2078 = LINE ( 'NONE', #1318, #1086 ) ;
#2079 = LINE ( 'NONE', #421, #616 ) ;
#2080 = FACE_BOUND ( 'NONE', #2135, .T. ) ;
#2081 = CARTESIAN_POINT ( 'NONE',  ( 2.499999999999613642, 124.1773798999933263, -148.8313497253328990 ) ) ;
#2082 = CARTESIAN_POINT ( 'NONE',  ( 23.69532883266689538, 118.9863968387191591, -2.500000000000006217 ) ) ;
#2083 = CARTESIAN_POINT ( 'NONE',  ( -48.82868361499722454, 74.99999999999963052, -29.44651009771335737 ) ) ;
#2084 = CARTESIAN_POINT ( 'NONE',  ( 11.16534080582829169, 123.6797482769718926, -137.5071426749364321 ) ) ;
#2085 = ORIENTED_EDGE ( 'NONE', *, *, #2996, .T. ) ;
#2086 = EDGE_CURVE ( 'NONE', #1225, #1261, #1106, .T. ) ;
#2087 = DIRECTION ( 'NONE',  ( -3.430248998885766176E-15, 1.000000000000000000, 5.916456789157588541E-31 ) ) ;
#2088 = DIRECTION ( 'NONE',  ( -0.000000000000000000, -1.000000000000000000, -0.000000000000000000 ) ) ;
#2089 = CARTESIAN_POINT ( 'NONE',  ( 141.8248847100217063, 124.9046433086420080, -136.9929331665650523 ) ) ;
#2090 = EDGE_CURVE ( 'NONE', #2619, #1704, #873, .T. ) ;
#2091 = DIRECTION ( 'NONE',  ( 0.000000000000000000, 1.000000000000000000, -0.000000000000000000 ) ) ;
#2092 = ORIENTED_EDGE ( 'NONE', *, *, #1322, .F. ) ;
#2093 = CARTESIAN_POINT ( 'NONE',  ( -2.500000000000293099, 100.6277756140712114, -42.88867731750006129 ) ) ;
#2094 = CARTESIAN_POINT ( 'NONE',  ( -29.44651009771380501, 102.8744685292334395, -188.8358262899334647 ) ) ;
#2095 = CARTESIAN_POINT ( 'NONE',  ( 137.5071426749361763, 75.00000000000034106, 2.500000000000000444 ) ) ;
#2096 = PLANE ( 'NONE',  #1168 ) ;
#2097 = B_SPLINE_CURVE_WITH_KNOTS ( 'NONE', 3,
 ( #816, #2810, #2564, #1828, #2320, #2549, #1331, #575, #560, #847, #1844, #530, #79, #546, #1572, #1590, #2844, #1361, #1555, #1608, #3029, #1540, #2073, #1346, #290, #2037, #831, #1293, #307, #62, #2284, #3081, #1313, #2826 ),
 .UNSPECIFIED., .F., .F.,
 ( 4, 2, 2, 2, 2, 2, 2, 2, 2, 2, 2, 2, 2, 2, 2, 2, 4 ),
 ( 4.475452091311809617E-16, 0.004771606103981296948, 0.009543212207962146337, 0.01908642441592391104, 0.02385803051990477777, 0.02862963662388564451, 0.03817284883184737104, 0.04055865188383783737, 0.04294445493582829676, 0.04771606103980922942, 0.05248766714379017595, 0.05487347019578061452, 0.05725927324777106003, 0.06680248545573297392, 0.07157409155971393433, 0.07395989461170440760, 0.07634569766369488086 ),
 .UNSPECIFIED. ) ;
#2098 = CIRCLE ( 'NONE', #2255, 24.99999999999999289 ) ;
#2099 = CARTESIAN_POINT ( 'NONE',  ( 41.20426945856028311, 103.2567445005946922, -2.500000000000004885 ) ) ;
#2100 = PLANE ( 'NONE',  #605 ) ;
#2101 = AXIS2_PLACEMENT_3D ( 'NONE', #517, #2243, #2006 ) ;
#2102 = CARTESIAN_POINT ( 'NONE',  ( -2.500000000000215383, 74.99999999999985789, -189.9446035635321266 ) ) ;
#2103 = VERTEX_POINT ( 'NONE', #644 ) ;
#2104 = CARTESIAN_POINT ( 'NONE',  ( 140.0071426749358920, 150.0000000000000000, -137.5071426749364036 ) ) ;
#2105 = CARTESIAN_POINT ( 'NONE',  ( 109.1255429665658454, 123.1839438782809850, -138.7342139361905708 ) ) ;
#2106 = DIRECTION ( 'NONE',  ( 3.430248998885766176E-15, -1.000000000000000000, -0.000000000000000000 ) ) ;
#2107 = FACE_OUTER_BOUND ( 'NONE', #2480, .T. ) ;
#2108 = VERTEX_POINT ( 'NONE', #1138 ) ;
#2109 = EDGE_CURVE ( 'NONE', #188, #2385, #1857, .T. ) ;
#2110 = ADVANCED_FACE ( 'NONE', ( #2134 ), #2891, .F. ) ;
#2111 = DIRECTION ( 'NONE',  ( 3.430248998885766176E-15, -1.000000000000000000, -0.000000000000000000 ) ) ;
#2112 = CARTESIAN_POINT ( 'NONE',  ( -27.79282004475368240, 116.5184527502976124, -137.5071426749363752 ) ) ;
#2113 = CARTESIAN_POINT ( 'NONE',  ( 177.2771488732953458, 108.2464467495921099, -137.5071426749364036 ) ) ;
#2114 = FILL_AREA_STYLE_COLOUR ( '', #1002 ) ;
#2115 = CARTESIAN_POINT ( 'NONE',  ( 187.7132207836336306, 89.78199444412044272, 2.499999999999941824 ) ) ;
#2116 = CARTESIAN_POINT ( 'NONE',  ( 137.9479088011344174, 74.99999999999980105, 49.95757756189757970 ) ) ;
#2117 = ORIENTED_EDGE ( 'NONE', *, *, #1276, .T. ) ;
#2118 = B_SPLINE_CURVE_WITH_KNOTS ( 'NONE', 3,
 ( #2948, #2237, #1474, #2677, #173, #2964, #3220, #975, #2981, #746, #1921, #3166, #1981, #926, #2435, #2205, #2454, #206, #716, #1229, #1716, #1179, #2171, #3238, #2471, #2929, #2728, #683, #241, #226, #989, #3185, #2714, #1213 ),
 .UNSPECIFIED., .F., .F.,
 ( 4, 2, 2, 2, 2, 2, 2, 2, 2, 2, 2, 2, 2, 2, 2, 2, 4 ),
 ( 5.551115123125782702E-17, 0.004771606103980897962, 0.009543212207961740412, 0.01908642441592347735, 0.02385803051990434062, 0.02862963662388521083, 0.03817284883184691308, 0.04055865188383737246, 0.04294445493582782492, 0.04771606103980870206, 0.05248766714378959308, 0.05487347019578000390, 0.05725927324777042166, 0.06680248545573215513, 0.07157409155971299064, 0.07395989461170342227, 0.07634569766369384003 ),
 .UNSPECIFIED. ) ;
#2119 = CARTESIAN_POINT ( 'NONE',  ( 2.499999999999623412, 121.6865660148363020, 18.00091371185390798 ) ) ;
#2120 = CARTESIAN_POINT ( 'NONE',  ( 200.0071426749363468, -20.00000000000000000, 60.00000000000003553 ) ) ;
#2121 = CARTESIAN_POINT ( 'NONE',  ( 137.5071426749361478, 90.53893995811482398, 47.46500897720341072 ) ) ;
#2122 = LINE ( 'NONE', #2916, #1003 ) ;
#2123 = ORIENTED_EDGE ( 'NONE', *, *, #127, .T. ) ;
#2124 = CARTESIAN_POINT ( 'NONE',  ( 137.5071426749360910, 119.7043890370415795, -162.3181447500320473 ) ) ;
#2125 = CARTESIAN_POINT ( 'NONE',  ( 137.5071426749361478, 90.53893995811442608, -92.54213369773286502 ) ) ;
#2126 = CARTESIAN_POINT ( 'NONE',  ( 137.5071426749361763, 75.00000000000034106, 49.93746088859568744 ) ) ;
#2127 = LINE ( 'NONE', #1413, #1203 ) ;
#2128 = ORIENTED_EDGE ( 'NONE', *, *, #2636, .T. ) ;
#2129 = EDGE_CURVE ( 'NONE', #1151, #719, #1650, .T. ) ;
#2130 = VECTOR ( 'NONE', #1075, 1000.000000000000000 ) ;
#2131 = VECTOR ( 'NONE', #3172, 1000.000000000000000 ) ;
#2132 = CARTESIAN_POINT ( 'NONE',  ( -49.91837820237518741, 76.59380932050473234, -142.5071426749363752 ) ) ;
#2133 = CARTESIAN_POINT ( 'NONE',  ( 48.74336208377959423, 85.96864548476449386, 2.500000000000000000 ) ) ;
#2134 = FACE_OUTER_BOUND ( 'NONE', #2026, .T. ) ;
#2135 = EDGE_LOOP ( 'NONE', ( #564, #979, #2349 ) ) ;
#2136 = CARTESIAN_POINT ( 'NONE',  ( 2.499999999999785949, 74.99999999999981526, 49.93746088859570875 ) ) ;
#2137 = CARTESIAN_POINT ( 'NONE',  ( 137.5071426749360057, 124.6393548566891525, -5.675894053646736381 ) ) ;
#2138 = CARTESIAN_POINT ( 'NONE',  ( 137.5071426749360626, 116.5090131417651236, 27.77382800646405769 ) ) ;
#2139 = CARTESIAN_POINT ( 'NONE',  ( 24.99999999999999645, -20.00000000000000000, -140.0071426749364036 ) ) ;
#2140 = ORIENTED_EDGE ( 'NONE', *, *, #988, .F. ) ;
#2141 = CARTESIAN_POINT ( 'NONE',  ( 141.2800714136817817, 123.1839438782808287, -30.88159970837026691 ) ) ;
#2142 = CARTESIAN_POINT ( 'NONE',  ( 137.5071426749361194, 96.47471520684106849, -94.81149072228460284 ) ) ;
#2143 = DIRECTION ( 'NONE',  ( 0.000000000000000000, 0.000000000000000000, -1.000000000000000000 ) ) ;
#2144 = ORIENTED_EDGE ( 'NONE', *, *, #2960, .F. ) ;
#2145 = CARTESIAN_POINT ( 'NONE',  ( -29.44651009771374106, 102.8744685292334680, -48.82868361499708953 ) ) ;
#2146 = CARTESIAN_POINT ( 'NONE',  ( 189.9446035635319276, 78.19200113037186384, 2.500000000000001332 ) ) ;
#2147 = ADVANCED_FACE ( 'NONE', ( #1402 ), #1778, .T. ) ;
#2148 =( BOUNDED_SURFACE ( )  B_SPLINE_SURFACE ( 3, 3, ( 
 ( #53, #1033, #2311, #552 ),
 ( #2558, #314, #2064, #1337 ),
 ( #2044, #3071, #85, #69 ),
 ( #344, #2028, #567, #823 ) ),
 .UNSPECIFIED., .F., .F., .F. ) 
 B_SPLINE_SURFACE_WITH_KNOTS ( ( 4, 4 ),
 ( 4, 4 ),
 ( 0.000000000000000000, 1.000000000000000000 ),
 ( 0.000000000000000000, 1.000000000000000000 ),
 .UNSPECIFIED. ) 
 GEOMETRIC_REPRESENTATION_ITEM ( )  RATIONAL_B_SPLINE_SURFACE ( (
 ( 1.000000000000000000, 0.8237525346917969893, 0.8237525346917969893, 1.000000000000000000),
 ( 0.8190699571006432311, 0.6747109532515562780, 0.6747109532515562780, 0.8190699571006432311),
 ( 0.8190699571006432311, 0.6747109532515562780, 0.6747109532515562780, 0.8190699571006432311),
 ( 1.000000000000000000, 0.8237525346917969893, 0.8237525346917969893, 1.000000000000000000) ) ) 
 REPRESENTATION_ITEM ( '' )  SURFACE ( )  );
#2149 = DIRECTION ( 'NONE',  ( 0.000000000000000000, 0.000000000000000000, 1.000000000000000000 ) ) ;
#2150 = CARTESIAN_POINT ( 'NONE',  ( 45.19565195265145974, 96.47471520684123902, 2.500000000000001776 ) ) ;
#2151 = CARTESIAN_POINT ( 'NONE',  ( 110.5606325772227052, 102.8744685292334395, 48.82868361499706822 ) ) ;
#2152 = ORIENTED_EDGE ( 'NONE', *, *, #489, .T. ) ;
#2153 = CARTESIAN_POINT ( 'NONE',  ( 2.499999999999678479, 104.5482280533884136, 40.28884462440728242 ) ) ;
#2154 = PRESENTATION_LAYER_ASSIGNMENT (  '', '', ( #2574 ) ) ;
#2155 = CARTESIAN_POINT ( 'NONE',  ( 137.5071426749362899, 78.18535845901597270, -49.84213279940021124 ) ) ;
#2156 = LINE ( 'NONE', #1375, #1509 ) ;
#2157 = DIRECTION ( 'NONE',  ( 3.430248998885766176E-15, -1.000000000000000000, -0.000000000000000000 ) ) ;
#2158 = ORIENTED_EDGE ( 'NONE', *, *, #2651, .F. ) ;
#2159 = CARTESIAN_POINT ( 'NONE',  ( 137.5071426749361194, 99.26337362625595517, -183.6825319031298704 ) ) ;
#2160 = CARTESIAN_POINT ( 'NONE',  ( 137.5071426749360626, 119.7130273605284145, -117.7142117452344081 ) ) ;
#2161 = CARTESIAN_POINT ( 'NONE',  ( 2.500000000000041744, 8.575622497214507539E-15, -2.499999999999999556 ) ) ;
#2162 = B_SPLINE_CURVE_WITH_KNOTS ( 'NONE', 3,
 ( #2168, #3164, #1919, #2674, #1683, #429, #1437, #1192, #2185, #2450, #204, #3183, #2498, #2990, #743, #254, #1756, #2247, #2483, #1255, #509, #5, #2726, #2277, #1516, #2754, #2511, #1018, #266, #3236, #986, #1037, #2710, #1729 ),
 .UNSPECIFIED., .F., .F.,
 ( 4, 2, 2, 2, 2, 2, 2, 2, 2, 2, 2, 2, 2, 2, 2, 2, 4 ),
 ( 7.885959240060925792E-17, 0.004771606103980956075, 0.009543212207961832352, 0.01908642441592359532, 0.02385803051990447593, 0.02862963662388536001, 0.03817284883184712124, 0.04055865188383758063, 0.04294445493582804696, 0.04771606103980892410, 0.05248766714378982207, 0.05487347019578026758, 0.05725927324777071309, 0.06680248545573248820, 0.07157409155971340697, 0.07395989461170388024, 0.07634569766369435351 ),
 .UNSPECIFIED. ) ;
#2163 = ORIENTED_EDGE ( 'NONE', *, *, #1792, .F. ) ;
#2164 = CARTESIAN_POINT ( 'NONE',  ( 178.8217696220561379, 106.4294357334346017, -2.500000000000013323 ) ) ;
#2165 = CARTESIAN_POINT ( 'NONE',  ( -49.84213279940045993, 78.18535845901584480, -142.5071426749364036 ) ) ;
#2166 = AXIS2_PLACEMENT_3D ( 'NONE', #3181, #186, #2657 ) ;
#2167 = PRODUCT ( 'N604_base', 'N604_base', '', ( #118 ) ) ;
#2168 = CARTESIAN_POINT ( 'NONE',  ( -2.500000000000386358, 124.8748433581500166, 2.500000000000000444 ) ) ;
#2169 = ORIENTED_EDGE ( 'NONE', *, *, #470, .F. ) ;
#2170 = EDGE_CURVE ( 'NONE', #1349, #939, #2495, .T. ) ;
#2171 = CARTESIAN_POINT ( 'NONE',  ( 94.89979258499415948, 96.44085474756502663, 2.500000000000005773 ) ) ;
#2172 = CARTESIAN_POINT ( 'NONE',  ( 137.5071426749360910, 103.2747571694203970, -41.19174227900705887 ) ) ;
#2173 = CARTESIAN_POINT ( 'NONE',  ( 137.5071426749359489, 150.0000000000000000, -140.0071426749364036 ) ) ;
#2174 = CARTESIAN_POINT ( 'NONE',  ( 90.22232264556616599, 78.98169942736777216, -2.499999999999992895 ) ) ;
#2175 = ORIENTED_EDGE ( 'NONE', *, *, #852, .T. ) ;
#2176 = LINE ( 'NONE', #437, #2131 ) ;
#2177 = CARTESIAN_POINT ( 'NONE',  ( -8.824207050397051333, 124.1773798999932268, -137.5071426749363752 ) ) ;
#2178 = DIRECTION ( 'NONE',  ( 0.000000000000000000, 0.000000000000000000, 1.000000000000000000 ) ) ;
#2179 = SURFACE_STYLE_USAGE ( .BOTH. , #2623 ) ;
#2180 = ORIENTED_EDGE ( 'NONE', *, *, #1515, .F. ) ;
#2181 = CARTESIAN_POINT ( 'NONE',  ( 137.5071426749361763, 74.99999999999990052, -24.87468592766576236 ) ) ;
#2182 = ORIENTED_EDGE ( 'NONE', *, *, #2918, .F. ) ;
#2183 = CARTESIAN_POINT ( 'NONE',  ( -22.31100207509624411, 119.7043890370414232, -142.5071426749363752 ) ) ;
#2184 = CIRCLE ( 'NONE', #1720, 50.00000000000027001 ) ;
#2185 = CARTESIAN_POINT ( 'NONE',  ( -23.73137944929376175, 118.9668005728629367, 2.500000000000007550 ) ) ;
#2186 = EDGE_LOOP ( 'NONE', ( #3044, #1696, #955 ) ) ;
#2187 = AXIS2_PLACEMENT_3D ( 'NONE', #1204, #392, #2442 ) ;
#2188 = CARTESIAN_POINT ( 'NONE',  ( -2.500000000000324185, 108.8326382375254298, 36.73861411736874061 ) ) ;
#2189 = CARTESIAN_POINT ( 'NONE',  ( 142.5071426749360626, 106.4294357334344596, 38.81462694712005401 ) ) ;
#2190 = ADVANCED_FACE ( 'NONE', ( #2045 ), #2610, .T. ) ;
#2191 = LINE ( 'NONE', #1703, #105 ) ;
#2192 = EDGE_LOOP ( 'NONE', ( #2991, #633, #2946, #3049 ) ) ;
#2193 = EDGE_CURVE ( 'NONE', #357, #480, #3113, .T. ) ;
#2194 = CARTESIAN_POINT ( 'NONE',  ( 137.5071426749360626, 124.7950153186923217, -144.0997070603534667 ) ) ;
#2195 = CARTESIAN_POINT ( 'NONE',  ( 129.6142720712441587, 123.8697370969314591, -142.5071426749364036 ) ) ;
#2196 = CARTESIAN_POINT ( 'NONE',  ( 137.5071426749361763, 74.99999999999985789, 0.000000000000000000 ) ) ;
#2197 = CARTESIAN_POINT ( 'NONE',  ( 2.499999999999614975, 123.8697370969315159, -10.39287060369194471 ) ) ;
#2198 = ORIENTED_EDGE ( 'NONE', *, *, #792, .F. ) ;
#2199 = CARTESIAN_POINT ( 'NONE',  ( 189.9446035635318708, 75.00000000000051159, -2.499999999999999556 ) ) ;
#2200 = ORIENTED_EDGE ( 'NONE', *, *, #30, .T. ) ;
#2201 = CARTESIAN_POINT ( 'NONE',  ( 168.4367510752286705, 116.0625525579284414, 2.500000000000001332 ) ) ;
#2202 = VECTOR ( 'NONE', #1246, 1000.000000000000000 ) ;
#2203 = CARTESIAN_POINT ( 'NONE',  ( 148.0448475153806953, 124.2927734263729889, -137.5071426749364036 ) ) ;
#2204 = VERTEX_POINT ( 'NONE', #36 ) ;
#2205 = CARTESIAN_POINT ( 'NONE',  ( 101.6863360783604406, 107.0295737201736870, 2.500000000000011102 ) ) ;
#2206 = CARTESIAN_POINT ( 'NONE',  ( -38.82268957556247102, 106.4192685746610607, -2.500000000000000000 ) ) ;
#2207 = CARTESIAN_POINT ( 'NONE',  ( 2.499999999999784617, 74.99999999999988631, -140.0071426749364036 ) ) ;
#2208 = ORIENTED_EDGE ( 'NONE', *, *, #234, .F. ) ;
#2209 = CARTESIAN_POINT ( 'NONE',  ( -2.500000000000472955, 150.0000000000000000, -3.152965104363860190E-59 ) ) ;
#2210 = CARTESIAN_POINT ( 'NONE',  ( 122.0167899950484696, 121.6920770745269920, -142.5071426749364321 ) ) ;
#2211 = APPLICATION_CONTEXT ( 'automotive_design' ) ;
#2212 = VECTOR ( 'NONE', #729, 1000.000000000000000 ) ;
#2213 = CARTESIAN_POINT ( 'NONE',  ( 137.9479088011343038, 102.8744685292335532, -49.95757756189775023 ) ) ;
#2214 = CARTESIAN_POINT ( 'NONE',  ( 2.499999999999692246, 94.25922629496581351, -46.08102517350420158 ) ) ;
#2215 = ADVANCED_FACE ( 'NONE', ( #1566 ), #1918, .T. ) ;
#2216 = EDGE_LOOP ( 'NONE', ( #937, #2650, #2533, #2152, #1684, #1651 ) ) ;
#2217 = CARTESIAN_POINT ( 'NONE',  ( 137.5071426749364605, -8.575622497214217238E-15, -24.87468592766550657 ) ) ;
#2218 = EDGE_LOOP ( 'NONE', ( #2943, #864, #2711 ) ) ;
#2219 = CARTESIAN_POINT ( 'NONE',  ( 24.87468592766550302, 75.00000000000000000, -2.499999999999999556 ) ) ;
#2220 = CARTESIAN_POINT ( 'NONE',  ( 48.74336208377958712, 85.96864548476447965, -2.499999999999974243 ) ) ;
#2221 = ORIENTED_EDGE ( 'NONE', *, *, #1951, .F. ) ;
#2222 = VECTOR ( 'NONE', #2280, 1000.000000000000000 ) ;
#2223 = CARTESIAN_POINT ( 'NONE',  ( 137.5071426749361763, 74.99999999999980105, -49.93746088859568744 ) ) ;
#2224 = CARTESIAN_POINT ( 'NONE',  ( 142.5071426749360626, 116.5090131417651520, 27.77382800646405059 ) ) ;
#2225 = DIRECTION ( 'NONE',  ( 1.000000000000000000, 3.430248998885766570E-15, 0.000000000000000000 ) ) ;
#2226 = ORIENTED_EDGE ( 'NONE', *, *, #853, .T. ) ;
#2227 = CARTESIAN_POINT ( 'NONE',  ( 155.0343788463134160, 122.7289829659501521, -142.5071426749364605 ) ) ;
#2228 = CARTESIAN_POINT ( 'NONE',  ( 97.11846535743617892, 100.6277756140713677, -142.5071426749364605 ) ) ;
#2229 = CARTESIAN_POINT ( 'NONE',  ( 142.5071426749361478, 87.55818389890379194, -188.4422340645724603 ) ) ;
#2230 = ORIENTED_EDGE ( 'NONE', *, *, #2568, .T. ) ;
#2231 = FACE_OUTER_BOUND ( 'NONE', #2273, .T. ) ;
#2232 = CARTESIAN_POINT ( 'NONE',  ( 183.7618650773738125, 99.27377170997067424, -137.5071426749364036 ) ) ;
#2233 = CARTESIAN_POINT ( 'NONE',  ( 176.7457567923046042, 108.8326382375257708, 2.500000000000003997 ) ) ;
#2234 = EDGE_CURVE ( 'NONE', #2289, #1506, #2098, .T. ) ;
#2235 = CARTESIAN_POINT ( 'NONE',  ( 2.500000000000041744, 8.575622497214504383E-15, -137.5071426749364036 ) ) ;
#2236 = VERTEX_POINT ( 'NONE', #1278 ) ;
#2237 = CARTESIAN_POINT ( 'NONE',  ( 135.9145782895189427, 124.7950153186923075, 2.499999999999987566 ) ) ;
#2238 = CARTESIAN_POINT ( 'NONE',  ( -49.84213279940045993, 78.18535845901584480, -2.500000000000003553 ) ) ;
#2239 = DIRECTION ( 'NONE',  ( 0.000000000000000000, 1.000000000000000000, -0.000000000000000000 ) ) ;
#2240 = ORIENTED_EDGE ( 'NONE', *, *, #543, .T. ) ;
#2241 = CARTESIAN_POINT ( 'NONE',  ( 180.2959872993431532, 104.5482280533888257, -142.5071426749364605 ) ) ;
#2242 = CARTESIAN_POINT ( 'NONE',  ( 90.67665613825454329, 82.92036067641912211, -142.5071426749364036 ) ) ;
#2243 = DIRECTION ( 'NONE',  ( 3.430248998885766176E-15, -1.000000000000000000, -0.000000000000000000 ) ) ;
#2244 = ORIENTED_EDGE ( 'NONE', *, *, #1393, .F. ) ;
#2245 = CARTESIAN_POINT ( 'NONE',  ( 0.000000000000000000, 0.000000000000000000, 0.000000000000000000 ) ) ;
#2246 = DIRECTION ( 'NONE',  ( 0.000000000000000000, 0.000000000000000000, -1.000000000000000000 ) ) ;
#2247 = CARTESIAN_POINT ( 'NONE',  ( -40.28151676638477596, 104.5573351570812264, 2.499999999999990230 ) ) ;
#2248 = EDGE_LOOP ( 'NONE', ( #32, #1134, #2857 ) ) ;
#2249 = ADVANCED_FACE ( 'NONE', ( #3011 ), #692, .T. ) ;
#2250 = CARTESIAN_POINT ( 'NONE',  ( -2.500000000000381029, 124.6391309656181363, 5.677633454317884798 ) ) ;
#2251 = CARTESIAN_POINT ( 'NONE',  ( 142.5071426749359205, 150.0000000000000000, -3.152965104363860190E-59 ) ) ;
#2252 = DIRECTION ( 'NONE',  ( -1.000000000000000000, -3.430248998885766176E-15, 0.000000000000000000 ) ) ;
#2253 = EDGE_LOOP ( 'NONE', ( #592, #1875, #1899 ) ) ;
#2254 = CARTESIAN_POINT ( 'NONE',  ( 158.0080563867898320, 121.6865660148364015, -142.5071426749364889 ) ) ;
#2255 = AXIS2_PLACEMENT_3D ( 'NONE', #2303, #545, #1023 ) ;
#2256 = CARTESIAN_POINT ( 'NONE',  ( 113.5376539399969857, 117.3748048879423180, -142.5071426749364321 ) ) ;
#2257 = CARTESIAN_POINT ( 'NONE',  ( 138.7342139361901445, 123.1839438782808145, -30.88159970837032375 ) ) ;
#2258 = LINE ( 'NONE', #1469, #2975 ) ;
#2259 = VECTOR ( 'NONE', #2903, 1000.000000000000000 ) ;
#2260 = CIRCLE ( 'NONE', #2525, 24.99999999999999289 ) ;
#2261 = CARTESIAN_POINT ( 'NONE',  ( -2.500000000000215383, 74.99999999999985789, -90.06968178634069488 ) ) ;
#2262 = CARTESIAN_POINT ( 'NONE',  ( 29.44651009771309802, 74.99999999999991473, -188.8358262899333795 ) ) ;
#2263 = CARTESIAN_POINT ( 'NONE',  ( 2.499999999999613642, 124.8748433581500308, 2.500000000000000444 ) ) ;
#2264 = CARTESIAN_POINT ( 'NONE',  ( -2.500000000000361045, 118.9863968387191022, -116.3118138422691175 ) ) ;
#2265 = CARTESIAN_POINT ( 'NONE',  ( 26.43666868615841992, 117.3731783433123042, -137.5071426749364036 ) ) ;
#2266 = ORIENTED_EDGE ( 'NONE', *, *, #1295, .T. ) ;
#2267 = ADVANCED_FACE ( 'NONE', ( #306 ), #1365, .T. ) ;
#2268 = CARTESIAN_POINT ( 'NONE',  ( 91.17845905993891620, 102.8744685292335674, -169.4536527726498036 ) ) ;
#2269 = CARTESIAN_POINT ( 'NONE',  ( 137.5071426749359489, 150.0000000000000000, -142.5071426749364036 ) ) ;
#2270 = CARTESIAN_POINT ( 'NONE',  ( 140.1342598090228933, 124.9046433086419938, -136.9232461994635059 ) ) ;
#2271 = CARTESIAN_POINT ( 'NONE',  ( 138.1894006398501631, 124.9046433086420222, -3.014209508371503698 ) ) ;
#2272 = EDGE_LOOP ( 'NONE', ( #1559, #1188, #2905 ) ) ;
#2273 = EDGE_LOOP ( 'NONE', ( #424, #2704, #1985 ) ) ;
#2274 = CARTESIAN_POINT ( 'NONE',  ( 142.5071426749360626, 116.5090131417651378, -112.2333146684723886 ) ) ;
#2275 = DIRECTION ( 'NONE',  ( -3.430248998885766176E-15, 1.000000000000000000, 5.916456789157588541E-31 ) ) ;
#2276 = CARTESIAN_POINT ( 'NONE',  ( 2.499999999999785061, 76.59380932050495971, -189.9255208773114418 ) ) ;
#2277 = CARTESIAN_POINT ( 'NONE',  ( -45.76762541531972772, 94.99269237210870642, 2.499999999999988898 ) ) ;
#2278 = DIRECTION ( 'NONE',  ( 0.000000000000000000, 0.000000000000000000, -1.000000000000000000 ) ) ;
#2279 = DIRECTION ( 'NONE',  ( 0.000000000000000000, 1.000000000000000000, 0.000000000000000000 ) ) ;
#2280 = DIRECTION ( 'NONE',  ( 1.000000000000000000, 3.430248998885766570E-15, 0.000000000000000000 ) ) ;
#2281 = VECTOR ( 'NONE', #1604, 1000.000000000000000 ) ;
#2282 = CARTESIAN_POINT ( 'NONE',  ( 30.18376661311630826, 123.1839438782809424, -121.8045919904206897 ) ) ;
#2283 = EDGE_CURVE ( 'NONE', #33, #887, #112, .T. ) ;
#2284 = CARTESIAN_POINT ( 'NONE',  ( 90.16500987553597213, 78.18535845901577375, -137.5071426749364036 ) ) ;
#2285 = CARTESIAN_POINT ( 'NONE',  ( 142.5071426749361194, 78.98169942736842586, -49.78482002936993212 ) ) ;
#2286 = AXIS2_PLACEMENT_3D ( 'NONE', #72, #1308, #1071 ) ;
#2287 = CIRCLE ( 'NONE', #1618, 25.00000000000000355 ) ;
#2288 = CARTESIAN_POINT ( 'NONE',  ( 95.24597676095811494, 97.15430560888154332, -2.499999999999990230 ) ) ;
#2289 = VERTEX_POINT ( 'NONE', #2825 ) ;
#2290 = EDGE_CURVE ( 'NONE', #1721, #141, #799, .T. ) ;
#2291 = AXIS2_PLACEMENT_3D ( 'NONE', #1065, #2063, #1835 ) ;
#2292 = CARTESIAN_POINT ( 'NONE',  ( -2.500000000000355715, 117.3748048879422612, -26.46948873493925092 ) ) ;
#2293 = CARTESIAN_POINT ( 'NONE',  ( 48.82868361499670584, 102.8744685292337522, -29.44651009771338934 ) ) ;
#2294 = CARTESIAN_POINT ( 'NONE',  ( -2.500000000000472955, 150.0000000000000000, -3.152965104363860190E-59 ) ) ;
#2295 = ADVANCED_FACE ( 'NONE', ( #2809 ), #322, .T. ) ;
#2296 = CARTESIAN_POINT ( 'NONE',  ( 169.4536527726495194, 74.99999999999991473, -188.8358262899333795 ) ) ;
#2297 = CARTESIAN_POINT ( 'NONE',  ( 140.0071426749358920, 150.0000000000000000, -2.499999999999999556 ) ) ;
#2298 = CARTESIAN_POINT ( 'NONE',  ( 2.499999999999613642, 124.8748433581500450, -2.499999999999999556 ) ) ;
#2299 = LINE ( 'NONE', #2821, #199 ) ;
#2300 = CARTESIAN_POINT ( 'NONE',  ( 4.412478072883800904E-28, 74.99999999999987210, -140.0071426749364036 ) ) ;
#2301 = CARTESIAN_POINT ( 'NONE',  ( -2.500000000000274447, 87.55818389890337983, -188.4422340645725455 ) ) ;
#2302 = ORIENTED_EDGE ( 'NONE', *, *, #1715, .T. ) ;
#2303 = CARTESIAN_POINT ( 'NONE',  ( 140.0071426749364036, 0.000000000000000000, -140.0071426749364036 ) ) ;
#2304 = LINE ( 'NONE', #2600, #3204 ) ;
#2305 = CARTESIAN_POINT ( 'NONE',  ( 189.9647202368337560, 74.99999999999998579, -137.9479088011346448 ) ) ;
#2306 = CARTESIAN_POINT ( 'NONE',  ( 122.0167899950482564, 121.6920770745269209, -2.499999999999999112 ) ) ;
#2307 = ORIENTED_EDGE ( 'NONE', *, *, #1380, .F. ) ;
#2308 = CARTESIAN_POINT ( 'NONE',  ( -2.500000000000366818, 113.7721276588418533, -31.62851839845490787 ) ) ;
#2309 = CARTESIAN_POINT ( 'NONE',  ( 3.014209508371012536, 124.9046433086420222, -1.817742035085758268 ) ) ;
#2310 = FACE_OUTER_BOUND ( 'NONE', #2253, .T. ) ;
#2311 = CARTESIAN_POINT ( 'NONE',  ( -48.82868361499725296, 74.99999999999963052, -110.5606325772230178 ) ) ;
#2312 = EDGE_CURVE ( 'NONE', #1606, #422, #78, .T. ) ;
#2313 = CARTESIAN_POINT ( 'NONE',  ( 2.499999999999633626, 121.6920770745269920, -157.9974953548241388 ) ) ;
#2314 = DIRECTION ( 'NONE',  ( -3.430248998885766176E-15, 1.000000000000000000, 5.916456789157588541E-31 ) ) ;
#2315 = FACE_OUTER_BOUND ( 'NONE', #120, .T. ) ;
#2316 = CARTESIAN_POINT ( 'NONE',  ( 142.5071426749360342, 124.7949433924336233, 4.093999309771582773 ) ) ;
#2317 = CARTESIAN_POINT ( 'NONE',  ( -2.500000000000341949, 108.2291978768622585, -177.2925046735617798 ) ) ;
#2318 = VERTEX_POINT ( 'NONE', #337 ) ;
#2319 = DIRECTION ( 'NONE',  ( 0.000000000000000000, 0.000000000000000000, 1.000000000000000000 ) ) ;
#2320 = CARTESIAN_POINT ( 'NONE',  ( 129.6142720712440735, 123.8697370969314875, -137.5071426749364036 ) ) ;
#2321 = CARTESIAN_POINT ( 'NONE',  ( 142.5071426749360910, 100.6277756140714956, -42.88867731749991208 ) ) ;
#2322 = CARTESIAN_POINT ( 'NONE',  ( 189.9647202368337560, 74.99999999999998579, 2.059233873801791681 ) ) ;
#2323 = ORIENTED_EDGE ( 'NONE', *, *, #1117, .F. ) ;
#2324 = ORIENTED_EDGE ( 'NONE', *, *, #695, .F. ) ;
#2325 = CARTESIAN_POINT ( 'NONE',  ( -3.014209508371869628, 124.9046433086420222, 1.817742035085760710 ) ) ;
#2326 = CARTESIAN_POINT ( 'NONE',  ( -2.500000000000386358, 124.8748433581500166, -137.5071426749364036 ) ) ;
#2327 = FACE_BOUND ( 'NONE', #3237, .T. ) ;
#2328 = CARTESIAN_POINT ( 'NONE',  ( 2.499999999999622524, 117.3748048879423180, -166.4766314098756652 ) ) ;
#2329 = LINE ( 'NONE', #3056, #1178 ) ;
#2330 = ADVANCED_FACE ( 'NONE', ( #1345 ), #1523, .T. ) ;
#2331 = CARTESIAN_POINT ( 'NONE',  ( -48.82868361499741638, 102.8744685292333827, -29.44651009771341421 ) ) ;
#2332 = DIRECTION ( 'NONE',  ( -1.000000000000000000, 0.000000000000000000, -0.000000000000000000 ) ) ;
#2333 = PLANE ( 'NONE',  #2376 ) ;
#2334 = ORIENTED_EDGE ( 'NONE', *, *, #954, .F. ) ;
#2335 = CARTESIAN_POINT ( 'NONE',  ( 0.000000000000000000, -20.00000000000000000, -200.0071426749364036 ) ) ;
#2336 = CARTESIAN_POINT ( 'NONE',  ( 4.412478072883800904E-28, 74.99999999999987210, 2.500000000000000444 ) ) ;
#2337 = CARTESIAN_POINT ( 'NONE',  ( 143.0213521833073855, 124.9046433086420222, -138.1894006398507031 ) ) ;
#2338 = CARTESIAN_POINT ( 'NONE',  ( 170.8887423833062371, 123.1839438782809566, 1.272928738745835009 ) ) ;
#2339 = ORIENTED_EDGE ( 'NONE', *, *, #952, .F. ) ;
#2340 = VECTOR ( 'NONE', #2106, 1000.000000000000000 ) ;
#2341 = CARTESIAN_POINT ( 'NONE',  ( -2.500000000000271783, 94.25922629496579930, -46.08102517350421579 ) ) ;
#2342 = CARTESIAN_POINT ( 'NONE',  ( 0.000000000000000000, 0.000000000000000000, -25.00000000000000000 ) ) ;
#2343 = DIRECTION ( 'NONE',  ( -3.430248998885766176E-15, 1.000000000000000000, 0.000000000000000000 ) ) ;
#2344 = CARTESIAN_POINT ( 'NONE',  ( 2.499999999999731770, 87.55818389890337983, -188.4422340645724887 ) ) ;
#2345 = CARTESIAN_POINT ( 'NONE',  ( 140.0071426749364036, 0.000000000000000000, -140.0071426749364036 ) ) ;
#2346 = CARTESIAN_POINT ( 'NONE',  ( 140.0071426749364036, -20.00000000000000000, 0.000000000000000000 ) ) ;
#2347 = CARTESIAN_POINT ( 'NONE',  ( 109.8233760618192463, 123.1839438782807292, 18.20255068451576008 ) ) ;
#2348 = EDGE_CURVE ( 'NONE', #1761, #1975, #353, .T. ) ;
#2349 = ORIENTED_EDGE ( 'NONE', *, *, #769, .F. ) ;
#2350 = ADVANCED_FACE ( 'NONE', ( #1360 ), #2646, .T. ) ;
#2351 = LINE ( 'NONE', #46, #1166 ) ;
#2352 = DIRECTION ( 'NONE',  ( -3.430248998885766176E-15, 1.000000000000000000, 0.000000000000000000 ) ) ;
#2353 = CARTESIAN_POINT ( 'NONE',  ( 142.5071426749360910, 82.92036067641923580, -189.3376292116180650 ) ) ;
#2354 = EDGE_CURVE ( 'NONE', #188, #2484, #1996, .T. ) ;
#2355 = EDGE_LOOP ( 'NONE', ( #136, #2706, #1689 ) ) ;
#2356 = CARTESIAN_POINT ( 'NONE',  ( 200.0071426749363468, -20.00000000000000000, 0.000000000000000000 ) ) ;
#2357 = CARTESIAN_POINT ( 'NONE',  ( -49.95757756189784260, 74.99999999999963052, -142.0663765487381625 ) ) ;
#2358 = VECTOR ( 'NONE', #483, 1000.000000000000000 ) ;
#2359 = DIRECTION ( 'NONE',  ( -1.000000000000000000, 0.000000000000000000, -0.000000000000000000 ) ) ;
#2360 = DIRECTION ( 'NONE',  ( 0.000000000000000000, 0.000000000000000000, 1.000000000000000000 ) ) ;
#2361 =( BOUNDED_SURFACE ( )  B_SPLINE_SURFACE ( 3, 3, ( 
 ( #333, #2083, #1171, #921 ),
 ( #2392, #2331, #2145, #348 ),
 ( #2925, #3090, #1207, #2577 ),
 ( #1088, #3179, #3199, #938 ) ),
 .UNSPECIFIED., .F., .F., .T. ) 
 B_SPLINE_SURFACE_WITH_KNOTS ( ( 4, 4 ),
 ( 4, 4 ),
 ( 0.000000000000000000, 1.000000000000000000 ),
 ( 0.000000000000000000, 1.000000000000000000 ),
 .UNSPECIFIED. ) 
 GEOMETRIC_REPRESENTATION_ITEM ( )  RATIONAL_B_SPLINE_SURFACE ( (
 ( 1.000000000000000000, 0.8237525346917968783, 0.8237525346917968783, 1.000000000000000000),
 ( 0.8190699571006432311, 0.6747109532515561670, 0.6747109532515561670, 0.8190699571006432311),
 ( 0.8190699571006432311, 0.6747109532515561670, 0.6747109532515561670, 0.8190699571006432311),
 ( 1.000000000000000000, 0.8237525346917968783, 0.8237525346917968783, 1.000000000000000000) ) ) 
 REPRESENTATION_ITEM ( '' )  SURFACE ( )  );
#2362 = FACE_OUTER_BOUND ( 'NONE', #1681, .T. ) ;
#2363 = DIRECTION ( 'NONE',  ( -1.000000000000000000, 0.000000000000000000, -0.000000000000000000 ) ) ;
#2364 = EDGE_LOOP ( 'NONE', ( #1784, #1398, #2040 ) ) ;
#2365 = DIRECTION ( 'NONE',  ( -1.000000000000000000, 0.000000000000000000, -0.000000000000000000 ) ) ;
#2366 = CARTESIAN_POINT ( 'NONE',  ( 138.1894006398503905, 124.9046433086420365, -136.9929331665652512 ) ) ;
#2367 = CARTESIAN_POINT ( 'NONE',  ( -4.092564385417496453, 124.7950153186923217, -2.499999999999992450 ) ) ;
#2368 = EDGE_CURVE ( 'NONE', #2204, #1971, #3177, .T. ) ;
#2369 = CARTESIAN_POINT ( 'NONE',  ( 40.28884462440692005, 104.5482280533885984, -142.5071426749363752 ) ) ;
#2370 = EDGE_LOOP ( 'NONE', ( #99, #2380, #3007 ) ) ;
#2371 = ADVANCED_FACE ( 'NONE', ( #1373 ), #1108, .T. ) ;
#2372 = CARTESIAN_POINT ( 'NONE',  ( 142.0663765487378214, 102.8744685292335674, -49.95757756189768628 ) ) ;
#2373 = DIRECTION ( 'NONE',  ( 0.000000000000000000, -0.000000000000000000, 1.000000000000000000 ) ) ;
#2374 = DIRECTION ( 'NONE',  ( 1.000000000000000000, 3.430248998885767753E-15, -9.992007221626412019E-15 ) ) ;
#2375 = DIRECTION ( 'NONE',  ( -1.000000000000000000, -3.430248998885766176E-15, 0.000000000000000000 ) ) ;
#2376 = AXIS2_PLACEMENT_3D ( 'NONE', #42, #1841, #2793 ) ;
#2377 = CARTESIAN_POINT ( 'NONE',  ( 178.8217696220560242, 106.4294357334346017, 2.499999999999998668 ) ) ;
#2378 =( LENGTH_UNIT ( ) NAMED_UNIT ( * ) SI_UNIT ( .MILLI., .METRE. ) );
#2379 = CARTESIAN_POINT ( 'NONE',  ( -2.500000000000248690, 78.18535845901601533, -189.8492754743366504 ) ) ;
#2380 = ORIENTED_EDGE ( 'NONE', *, *, #1926, .T. ) ;
#2381 = CARTESIAN_POINT ( 'NONE',  ( 2.499999999999661604, 108.8326382375254724, 36.73861411736872640 ) ) ;
#2382 = CARTESIAN_POINT ( 'NONE',  ( 142.5071426749361763, 75.00000000000035527, -2.499999999999999556 ) ) ;
#2383 = DIRECTION ( 'NONE',  ( -1.000000000000000000, -3.430248998885766176E-15, 0.000000000000000000 ) ) ;
#2384 = LINE ( 'NONE', #1391, #1992 ) ;
#2385 = VERTEX_POINT ( 'NONE', #1843 ) ;
#2386 = CARTESIAN_POINT ( 'NONE',  ( 137.5071426749361194, 108.8194804147296111, -176.7580218086867490 ) ) ;
#2387 = CYLINDRICAL_SURFACE ( 'NONE', #301, 25.00000000000000355 ) ;
#2388 = LINE ( 'NONE', #1412, #2713 ) ;
#2389 = PLANE ( 'NONE',  #580 ) ;
#2390 = ADVANCED_FACE ( 'NONE', ( #1891 ), #3103, .T. ) ;
#2391 = VERTEX_POINT ( 'NONE', #1876 ) ;
#2392 = CARTESIAN_POINT ( 'NONE',  ( -49.95757756189804155, 102.8744685292333969, -2.059233873801771253 ) ) ;
#2393 = VECTOR ( 'NONE', #3162, 1000.000000000000000 ) ;
#2394 = EDGE_CURVE ( 'NONE', #874, #1470, #593, .T. ) ;
#2395 = CARTESIAN_POINT ( 'NONE',  ( -45.76762541531972772, 94.99269237210876327, -142.5071426749364605 ) ) ;
#2396 = CARTESIAN_POINT ( 'NONE',  ( 37.27000619835907003, 108.2464467495919109, 2.499999999999999556 ) ) ;
#2397 = CARTESIAN_POINT ( 'NONE',  ( 137.9479088011343038, 102.8744685292335390, 49.95757756189768628 ) ) ;
#2398 = ORIENTED_EDGE ( 'NONE', *, *, #3035, .F. ) ;
#2399 = CARTESIAN_POINT ( 'NONE',  ( 2.499999999999725553, 90.53893995811444029, 47.46500897720352441 ) ) ;
#2400 = CARTESIAN_POINT ( 'NONE',  ( 137.5071426749360910, 108.2291978768622585, -37.28536199862536193 ) ) ;
#2401 = CARTESIAN_POINT ( 'NONE',  ( 137.5071426749361194, 104.5482280533886552, 40.28884462440709768 ) ) ;
#2402 = EDGE_CURVE ( 'NONE', #2665, #2035, #2878, .T. ) ;
#2403 = CARTESIAN_POINT ( 'NONE',  ( 49.93746088859545296, 75.00000000000002842, -142.5071426749364036 ) ) ;
#2404 = EDGE_LOOP ( 'NONE', ( #1694, #3002, #2777, #3208 ) ) ;
#2405 = CARTESIAN_POINT ( 'NONE',  ( 189.9647202368337275, 102.8744685292337380, -2.059233873801802339 ) ) ;
#2406 = CARTESIAN_POINT ( 'NONE',  ( 137.5071426749360626, 117.3731783433122757, -113.5704739887776640 ) ) ;
#2407 = DIRECTION ( 'NONE',  ( -1.000000000000000000, -3.430248998885766176E-15, 0.000000000000000000 ) ) ;
#2408 =( NAMED_UNIT ( * ) SI_UNIT ( $, .STERADIAN. ) SOLID_ANGLE_UNIT ( ) );
#2409 = EDGE_LOOP ( 'NONE', ( #931, #2398, #2198 ) ) ;
#2410 = CARTESIAN_POINT ( 'NONE',  ( 150.3920551454074825, 123.8522042307480859, -2.499999999999990230 ) ) ;
#2411 = EDGE_CURVE ( 'NONE', #1243, #1911, #1954, .T. ) ;
#2412 = CARTESIAN_POINT ( 'NONE',  ( -37.28536199862574563, 108.2291978768620879, -142.5071426749363752 ) ) ;
#2413 = CARTESIAN_POINT ( 'NONE',  ( 151.1724834807645266, 123.6797482769719494, -137.5071426749364321 ) ) ;
#2414 = ORIENTED_EDGE ( 'NONE', *, *, #1222, .T. ) ;
#2415 = VECTOR ( 'NONE', #1419, 1000.000000000000000 ) ;
#2416 = CARTESIAN_POINT ( 'NONE',  ( -2.500000000000313083, 106.4294357334342180, 38.81462694712025296 ) ) ;
#2417 = VECTOR ( 'NONE', #182, 1000.000000000000000 ) ;
#2418 = CARTESIAN_POINT ( 'NONE',  ( 137.9479088011344174, 74.99999999999980105, -90.04956511303879552 ) ) ;
#2419 = CARTESIAN_POINT ( 'NONE',  ( 0.000000000000000000, -20.00000000000000000, -115.0071426749364178 ) ) ;
#2420 = CARTESIAN_POINT ( 'NONE',  ( -2.500000000000472955, 150.0000000000000000, -142.5071426749364036 ) ) ;
#2421 = ORIENTED_EDGE ( 'NONE', *, *, #3196, .F. ) ;
#2422 = CARTESIAN_POINT ( 'NONE',  ( 137.5071426749361763, 75.00000000000034106, -189.9446035635320982 ) ) ;
#2423 = CARTESIAN_POINT ( 'NONE',  ( 140.0071426749364036, -20.00000000000000000, 0.000000000000000000 ) ) ;
#2424 = CARTESIAN_POINT ( 'NONE',  ( -2.500000000000215383, 74.99999999999985789, -137.5071426749364036 ) ) ;
#2425 =( LENGTH_UNIT ( ) NAMED_UNIT ( * ) SI_UNIT ( .MILLI., .METRE. ) );
#2426 = EDGE_LOOP ( 'NONE', ( #287, #730, #2699, #1502, #1863, #2023, #490, #2640 ) ) ;
#2427 = CARTESIAN_POINT ( 'NONE',  ( 142.5071426749360057, 124.8748433581500450, -2.499999999999994227 ) ) ;
#2428 = ORIENTED_EDGE ( 'NONE', *, *, #109, .T. ) ;
#2429 = DIRECTION ( 'NONE',  ( 0.000000000000000000, 0.000000000000000000, -1.000000000000000000 ) ) ;
#2430 = VECTOR ( 'NONE', #520, 1000.000000000000000 ) ;
#2431 = EDGE_CURVE ( 'NONE', #1936, #1593, #1731, .T. ) ;
#2432 = CARTESIAN_POINT ( 'NONE',  ( 2.499999999999784617, 74.99999999999988631, -189.9446035635321266 ) ) ;
#2433 = ORIENTED_EDGE ( 'NONE', *, *, #3038, .T. ) ;
#2434 = EDGE_CURVE ( 'NONE', #2842, #939, #2118, .T. ) ;
#2435 = CARTESIAN_POINT ( 'NONE',  ( 102.7217806763108712, 108.2291978768623011, 2.500000000000011102 ) ) ;
#2436 = CARTESIAN_POINT ( 'NONE',  ( 121.8045919904203771, 123.1839438782810277, -109.8233760618197721 ) ) ;
#2437 = CARTESIAN_POINT ( 'NONE',  ( 0.000000000000000000, 0.000000000000000000, 0.000000000000000000 ) ) ;
#2438 = CARTESIAN_POINT ( 'NONE',  ( 49.63423530813729201, 81.33236206956011927, -142.5071426749363468 ) ) ;
#2439 = VERTEX_POINT ( 'NONE', #2223 ) ;
#2440 = CARTESIAN_POINT ( 'NONE',  ( 2.499999999999613642, 124.8748433581500450, -2.499999999999999556 ) ) ;
#2441 = CARTESIAN_POINT ( 'NONE',  ( -26.46948873493972343, 117.3748048879421333, -137.5071426749364036 ) ) ;
#2442 = DIRECTION ( 'NONE',  ( -1.000000000000000000, 0.000000000000000000, -0.000000000000000000 ) ) ;
#2443 = CARTESIAN_POINT ( 'NONE',  ( 2.499999999999611866, 124.6393548566891525, -5.675894053646714177 ) ) ;
#2444 = VERTEX_POINT ( 'NONE', #2992 ) ;
#2445 = CARTESIAN_POINT ( 'NONE',  ( 142.5071426749361478, 81.33236206956037506, -90.37290736679888425 ) ) ;
#2446 = ORIENTED_EDGE ( 'NONE', *, *, #543, .F. ) ;
#2447 = CARTESIAN_POINT ( 'NONE',  ( 188.7505047587159481, 85.96864548476492018, 2.500000000000001332 ) ) ;
#2448 = VECTOR ( 'NONE', #96, 1000.000000000000000 ) ;
#2449 = AXIS2_PLACEMENT_3D ( 'NONE', #1479, #15, #993 ) ;
#2450 = CARTESIAN_POINT ( 'NONE',  ( -26.46948873493970922, 117.3748048879421191, 2.500000000000007105 ) ) ;
#2451 = ORIENTED_EDGE ( 'NONE', *, *, #1117, .T. ) ;
#2452 = B_SPLINE_CURVE_WITH_KNOTS ( 'NONE', 3,
 ( #1234, #2763, #16, #1464, #2195, #1219, #2210, #3210, #1263, #2256, #1736, #966, #1723, #196, #2701, #472, #2969, #721, #2719, #2228, #1480, #3192, #1525, #3227, #503, #516, #2504, #2242, #994, #981, #3243, #1987, #949, #3000 ),
 .UNSPECIFIED., .F., .F.,
 ( 4, 2, 2, 2, 2, 2, 2, 2, 2, 2, 2, 2, 2, 2, 2, 2, 4 ),
 ( 4.475452091311809617E-16, 0.004771606103981325571, 0.009543212207962203583, 0.01908642441592400124, 0.02385803051990489920, 0.02862963662388580410, 0.03817284883184755839, 0.04055865188383799003, 0.04294445493582840778, 0.04771606103980925717, 0.05248766714379010656, 0.05487347019578053126, 0.05725927324777094901, 0.06680248545573268248, 0.07157409155971354575, 0.07395989461170393575, 0.07634569766369433963 ),
 .UNSPECIFIED. ) ;
#2453 = CIRCLE ( 'NONE', #2869, 25.00000000000027356 ) ;
#2454 = CARTESIAN_POINT ( 'NONE',  ( 101.1844530993741103, 106.4192685746612455, 2.499999999999999112 ) ) ;
#2455 = CARTESIAN_POINT ( 'NONE',  ( 142.5071426749361478, 92.04633637176304717, 46.94473504588778923 ) ) ;
#2456 = EDGE_CURVE ( 'NONE', #2567, #942, #2592, .T. ) ;
#2457 = LINE ( 'NONE', #1969, #3198 ) ;
#2458 = EDGE_LOOP ( 'NONE', ( #1030, #1057, #659 ) ) ;
#2459 = ADVANCED_FACE ( 'NONE', ( #3023 ), #302, .T. ) ;
#2460 = DIRECTION ( 'NONE',  ( 3.430248998885766176E-15, -1.000000000000000000, -0.000000000000000000 ) ) ;
#2461 = CARTESIAN_POINT ( 'NONE',  ( -45.10735008994237916, 96.44085474756472820, -137.5071426749364036 ) ) ;
#2462 = CARTESIAN_POINT ( 'NONE',  ( 142.5071426749360626, 99.26337362625594096, -183.6825319031298989 ) ) ;
#2463 = CARTESIAN_POINT ( 'NONE',  ( 2.499999999999667821, 104.5573351570814111, -40.28151676638437806 ) ) ;
#2464 = EDGE_LOOP ( 'NONE', ( #1366, #205, #3033 ) ) ;
#2465 = CARTESIAN_POINT ( 'NONE',  ( 142.5071426749360910, 111.6934866489468021, -105.9878999502316645 ) ) ;
#2466 = VERTEX_POINT ( 'NONE', #2544 ) ;
#2467 = CARTESIAN_POINT ( 'NONE',  ( 151.1724834807645550, 123.6797482769719494, 2.499999999999996447 ) ) ;
#2468 = AXIS2_PLACEMENT_3D ( 'NONE', #2698, #2487, #1215 ) ;
#2469 = CARTESIAN_POINT ( 'NONE',  ( 48.82868361499669874, 102.8744685292337806, -169.4536527726498321 ) ) ;
#2470 = VERTEX_POINT ( 'NONE', #524 ) ;
#2471 = CARTESIAN_POINT ( 'NONE',  ( 93.92611750143201732, 94.25922629496596983, 2.499999999999975131 ) ) ;
#2472 = CARTESIAN_POINT ( 'NONE',  ( 142.5071426749360626, 116.0625525579283277, 28.42960840029268965 ) ) ;
#2473 = CARTESIAN_POINT ( 'NONE',  ( 2.500000000000041744, 8.575622497214542248E-15, -115.1324567472709219 ) ) ;
#2474 = ADVANCED_FACE ( 'NONE', ( #2315 ), #2500, .F. ) ;
#2475 = DIRECTION ( 'NONE',  ( 0.000000000000000000, 1.000000000000000000, -0.000000000000000000 ) ) ;
#2476 = CARTESIAN_POINT ( 'NONE',  ( -49.93746088859597876, 75.79728191964643713, -137.5071426749364321 ) ) ;
#2477 = CARTESIAN_POINT ( 'NONE',  ( 142.5071426749360626, 103.2747571694206812, -181.1988849539432636 ) ) ;
#2478 = CARTESIAN_POINT ( 'NONE',  ( 2.499999999999746869, 82.92036067641873842, -49.33048653668163297 ) ) ;
#2479 = EDGE_CURVE ( 'NONE', #2747, #578, #2299, .T. ) ;
#2480 = EDGE_LOOP ( 'NONE', ( #2995, #2863, #194 ) ) ;
#2481 = LINE ( 'NONE', #1976, #2756 ) ;
#2482 = CARTESIAN_POINT ( 'NONE',  ( 2.059233873801488368, 102.8744685292335674, 49.95757756189769339 ) ) ;
#2483 = CARTESIAN_POINT ( 'NONE',  ( -41.19174227900742125, 103.2747571694202549, 2.499999999999989342 ) ) ;
#2484 = VERTEX_POINT ( 'NONE', #2263 ) ;
#2485 = CARTESIAN_POINT ( 'NONE',  ( -2.500000000000319300, 99.27377170997021949, 43.75472240243789201 ) ) ;
#2486 = CARTESIAN_POINT ( 'NONE',  ( 142.5071426749360626, 117.7906337582924010, 25.75542838702314796 ) ) ;
#2487 = DIRECTION ( 'NONE',  ( 1.000000000000000000, 3.430248998885766176E-15, 0.000000000000000000 ) ) ;
#2488 = CARTESIAN_POINT ( 'NONE',  ( 181.2114121334965660, 103.2567445005949480, -142.5071426749364036 ) ) ;
#2489 = CARTESIAN_POINT ( 'NONE',  ( -49.78482002937023765, 78.98169942736780058, -137.5071426749364036 ) ) ;
#2490 = B_SPLINE_CURVE_WITH_KNOTS ( 'NONE', 3,
 ( #2403, #669, #2438, #140, #3155, #387, #1924, #686, #863, #2618, #2649, #914, #2369, #2882, #2862, #3137, #1113, #373, #896, #3121, #880, #401, #1894, #2664, #417, #1424, #176, #1182, #1862, #2932, #1688, #2897, #434, #1444 ),
 .UNSPECIFIED., .F., .F.,
 ( 4, 2, 2, 2, 2, 2, 2, 2, 2, 2, 2, 2, 2, 2, 2, 2, 4 ),
 ( 4.220764384040162172E-17, 0.009440086100412893588, 0.01416012915061934038, 0.01652015067572254470, 0.01888017220082574901, 0.02832025830123866342, 0.03304030135144514491, 0.03540032287654836657, 0.03776034440165158823, 0.04720043050206445406, 0.04956045202716767573, 0.05192047355227089739, 0.05664051660247735459, 0.06608060270289028981, 0.06844062422799353229, 0.07080064575309677477, 0.07552068880330324585 ),
 .UNSPECIFIED. ) ;
#2491 = DIRECTION ( 'NONE',  ( 3.430248998885766176E-15, -1.000000000000000000, -0.000000000000000000 ) ) ;
#2492 = EDGE_LOOP ( 'NONE', ( #1884, #544, #2722 ) ) ;
#2493 = CARTESIAN_POINT ( 'NONE',  ( 142.5071426749359773, 123.6797482769719352, -128.8418018691078828 ) ) ;
#2494 = EDGE_CURVE ( 'NONE', #1199, #2747, #363, .T. ) ;
#2495 = CIRCLE ( 'NONE', #662, 50.00000000000027001 ) ;
#2496 = CARTESIAN_POINT ( 'NONE',  ( 30.18376661311631182, 123.1839438782809424, 18.20255068451572100 ) ) ;
#2497 = CARTESIAN_POINT ( 'NONE',  ( 140.1342598090228648, 124.9046433086420080, -143.0910391504094150 ) ) ;
#2498 = CARTESIAN_POINT ( 'NONE',  ( -34.00782169760244500, 111.7065120298387058, 2.499999999999988898 ) ) ;
#2499 = ORIENTED_EDGE ( 'NONE', *, *, #1557, .T. ) ;
#2500 = PLANE ( 'NONE',  #2286 ) ;
#2501 = CARTESIAN_POINT ( 'NONE',  ( 142.5071426749361763, 75.00000000000035527, 49.93746088859570875 ) ) ;
#2502 = DIRECTION ( 'NONE',  ( 1.000000000000000000, 0.000000000000000000, 0.000000000000000000 ) ) ;
#2503 = DIRECTION ( 'NONE',  ( 1.000000000000000000, 3.330669073875434911E-15, 0.000000000000000000 ) ) ;
#2504 = CARTESIAN_POINT ( 'NONE',  ( 91.57205128530013383, 87.55818389890367826, -142.5071426749364321 ) ) ;
#2505 = CARTESIAN_POINT ( 'NONE',  ( 142.5071426749361194, 106.4192685746614444, -178.8298322504983560 ) ) ;
#2506 = ORIENTED_EDGE ( 'NONE', *, *, #425, .T. ) ;
#2507 = DIRECTION ( 'NONE',  ( -3.430248998885766176E-15, 1.000000000000000000, 0.000000000000000000 ) ) ;
#2508 = CARTESIAN_POINT ( 'NONE',  ( 188.7505047587158913, 85.96864548476493439, -137.5071426749363752 ) ) ;
#2509 = LINE ( 'NONE', #2989, #2430 ) ;
#2510 = EDGE_CURVE ( 'NONE', #2987, #2619, #540, .T. ) ;
#2511 = CARTESIAN_POINT ( 'NONE',  ( -48.43509138963642613, 87.55818389890315245, 2.500000000000009326 ) ) ;
#2512 = CARTESIAN_POINT ( 'NONE',  ( 2.499999999999629186, 119.7130273605284856, -117.7142117452344365 ) ) ;
#2513 = CARTESIAN_POINT ( 'NONE',  ( 0.000000000000000000, -20.00000000000000000, -140.0071426749364036 ) ) ;
#2514 = AXIS2_PLACEMENT_3D ( 'NONE', #1733, #209, #1983 ) ;
#2515 = CARTESIAN_POINT ( 'NONE',  ( -2.500000000000312639, 108.8326382375254724, -103.2685285575677057 ) ) ;
#2516 = CARTESIAN_POINT ( 'NONE',  ( -2.500000000000366818, 113.7721276588418249, -171.6356610733913044 ) ) ;
#2517 = ORIENTED_EDGE ( 'NONE', *, *, #368, .F. ) ;
#2518 = DIRECTION ( 'NONE',  ( 0.000000000000000000, 0.000000000000000000, -1.000000000000000000 ) ) ;
#2519 = CARTESIAN_POINT ( 'NONE',  ( 185.2027946275877639, 96.47471520684159429, -142.5071426749364605 ) ) ;
#2520 = CARTESIAN_POINT ( 'NONE',  ( -2.572686749164319035E-13, 74.99999999999982947, -140.0071426749364036 ) ) ;
#2521 = LINE ( 'NONE', #504, #2837 ) ;
#2522 = VERTEX_POINT ( 'NONE', #2181 ) ;
#2523 = ORIENTED_EDGE ( 'NONE', *, *, #2771, .T. ) ;
#2524 = CARTESIAN_POINT ( 'NONE',  ( 142.5071426749360910, 113.7596893674161436, -108.3614449893563716 ) ) ;
#2525 = AXIS2_PLACEMENT_3D ( 'NONE', #1944, #1914, #2374 ) ;
#2526 =( BOUNDED_SURFACE ( )  B_SPLINE_SURFACE ( 3, 3, ( 
 ( #2357, #328, #84, #3052 ),
 ( #805, #1099, #2094, #1336 ),
 ( #1081, #583, #114, #1064 ),
 ( #313, #1850, #1613, #2784 ) ),
 .UNSPECIFIED., .F., .F., .F. ) 
 B_SPLINE_SURFACE_WITH_KNOTS ( ( 4, 4 ),
 ( 4, 4 ),
 ( 0.000000000000000000, 1.000000000000000000 ),
 ( 0.000000000000000000, 1.000000000000000000 ),
 .UNSPECIFIED. ) 
 GEOMETRIC_REPRESENTATION_ITEM ( )  RATIONAL_B_SPLINE_SURFACE ( (
 ( 1.000000000000000000, 0.8237525346917969893, 0.8237525346917969893, 1.000000000000000000),
 ( 0.8190699571006432311, 0.6747109532515562780, 0.6747109532515562780, 0.8190699571006432311),
 ( 0.8190699571006432311, 0.6747109532515562780, 0.6747109532515562780, 0.8190699571006432311),
 ( 1.000000000000000000, 0.8237525346917969893, 0.8237525346917969893, 1.000000000000000000) ) ) 
 REPRESENTATION_ITEM ( '' )  SURFACE ( )  );
#2527 = CARTESIAN_POINT ( 'NONE',  ( -5.145373498328649177E-13, 150.0000000000000000, -142.5071426749364036 ) ) ;
#2528 = DIRECTION ( 'NONE',  ( 2.029491997795871344E-45, -5.916456789157588541E-31, 1.000000000000000000 ) ) ;
#2529 = CARTESIAN_POINT ( 'NONE',  ( 2.499999999999619860, 124.6391309656181932, -134.3295092206185188 ) ) ;
#2530 = CARTESIAN_POINT ( 'NONE',  ( 142.5071426749360342, 123.8522042307481001, 10.38491247047151056 ) ) ;
#2531 = CARTESIAN_POINT ( 'NONE',  ( -2.500000000000303313, 100.6277756140711546, -182.8958199924364578 ) ) ;
#2532 = ADVANCED_FACE ( 'NONE', ( #2906 ), #2361, .T. ) ;
#2533 = ORIENTED_EDGE ( 'NONE', *, *, #1869, .T. ) ;
#2534 = CARTESIAN_POINT ( 'NONE',  ( 142.5071426749361763, 75.00000000000035527, -90.06968178634069488 ) ) ;
#2535 = CARTESIAN_POINT ( 'NONE',  ( 189.9647202368337275, 102.8744685292337806, -137.9479088011346448 ) ) ;
#2536 = CARTESIAN_POINT ( 'NONE',  ( 142.0663765487379635, 74.99999999999981526, 49.95757756189758680 ) ) ;
#2537 = ORIENTED_EDGE ( 'NONE', *, *, #1112, .F. ) ;
#2538 = LINE ( 'NONE', #295, #1303 ) ;
#2539 = CARTESIAN_POINT ( 'NONE',  ( 48.82868361499669874, 74.99999999999998579, -29.44651009771333605 ) ) ;
#2540 = CARTESIAN_POINT ( 'NONE',  ( 2.500000000000041744, -3.430248998885752528E-14, 0.000000000000000000 ) ) ;
#2541 = FACE_BOUND ( 'NONE', #903, .T. ) ;
#2542 = CARTESIAN_POINT ( 'NONE',  ( 2.499999999999785949, 74.99999999999981526, -90.06968178634069488 ) ) ;
#2543 = CARTESIAN_POINT ( 'NONE',  ( 140.0071426749364036, -20.00000000000000000, -25.00000000000000355 ) ) ;
#2544 = CARTESIAN_POINT ( 'NONE',  ( 137.5071426749364605, -8.575622497214326101E-15, -2.499999999999999556 ) ) ;
#2545 = CARTESIAN_POINT ( 'NONE',  ( -2.500000000000386358, 124.8748433581500166, -137.5071426749364036 ) ) ;
#2546 = CARTESIAN_POINT ( 'NONE',  ( 4.093999309771127137, 124.7949433924336091, -137.5071426749363752 ) ) ;
#2547 = ORIENTED_EDGE ( 'NONE', *, *, #2632, .T. ) ;
#2548 = CARTESIAN_POINT ( 'NONE',  ( 0.1271171340864463151, 124.9046433086419938, -136.9232461994634207 ) ) ;
#2549 = CARTESIAN_POINT ( 'NONE',  ( 124.9963283961986349, 122.7333982440217568, -137.5071426749364036 ) ) ;
#2550 = CARTESIAN_POINT ( 'NONE',  ( 142.5071426749360910, 96.44085474756523979, -45.10735008994186046 ) ) ;
#2551 = VECTOR ( 'NONE', #2383, 1000.000000000000000 ) ;
#2552 = EDGE_CURVE ( 'NONE', #2957, #154, #836, .T. ) ;
#2553 = AXIS2_PLACEMENT_3D ( 'NONE', #1560, #2556, #1881 ) ;
#2554 = CARTESIAN_POINT ( 'NONE',  ( 117.6961405998401489, 119.7043890370414090, -2.499999999999998668 ) ) ;
#2555 = ORIENTED_EDGE ( 'NONE', *, *, #1068, .T. ) ;
#2556 = DIRECTION ( 'NONE',  ( 3.430248998885766176E-15, -1.000000000000000000, -0.000000000000000000 ) ) ;
#2557 = CARTESIAN_POINT ( 'NONE',  ( 30.88159970836984769, 123.1839438782809566, -1.272928738745832788 ) ) ;
#2558 = CARTESIAN_POINT ( 'NONE',  ( -2.059233873802115422, 102.8744685292335532, -90.04956511303868183 ) ) ;
#2559 = CARTESIAN_POINT ( 'NONE',  ( 189.9647202368337275, 102.8744685292337380, -142.0663765487381909 ) ) ;
#2560 = CARTESIAN_POINT ( 'NONE',  ( 5.677633454317493999, 124.6391309656182784, -2.499999999999986233 ) ) ;
#2561 = CARTESIAN_POINT ( 'NONE',  ( -2.500000000000377920, 122.7289829659500526, 15.02723617137744050 ) ) ;
#2562 = CARTESIAN_POINT ( 'NONE',  ( -5.145373498328649177E-13, 150.0000000000000000, -137.5071426749364036 ) ) ;
#2563 = CARTESIAN_POINT ( 'NONE',  ( 36.73861411736838534, 108.8326382375255434, -137.5071426749364321 ) ) ;
#2564 = CARTESIAN_POINT ( 'NONE',  ( 134.3312486212893191, 124.6393548566891525, -137.5071426749364036 ) ) ;
#2565 = CARTESIAN_POINT ( 'NONE',  ( 142.5071426749360342, 119.7043890370416221, -22.31100207509567568 ) ) ;
#2566 = CARTESIAN_POINT ( 'NONE',  ( 96.33175344674242524, 99.26337362625548622, -2.499999999999990674 ) ) ;
#2567 = VERTEX_POINT ( 'NONE', #184 ) ;
#2568 = EDGE_CURVE ( 'NONE', #1216, #939, #1947, .T. ) ;
#2569 = CARTESIAN_POINT ( 'NONE',  ( -2.500000000000311307, 96.44085474756492715, -45.10735008994203810 ) ) ;
#2570 = DIRECTION ( 'NONE',  ( 0.000000000000000000, 0.000000000000000000, -1.000000000000000000 ) ) ;
#2571 = CARTESIAN_POINT ( 'NONE',  ( 168.4367510752287274, 116.0625525579284840, -137.5071426749364321 ) ) ;
#2572 = CARTESIAN_POINT ( 'NONE',  ( -2.499999999999958256, 74.99999999999985789, 2.500000000000000444 ) ) ;
#2573 = EDGE_CURVE ( 'NONE', #272, #2665, #953, .T. ) ;
#2574 = STYLED_ITEM ( 'NONE', ( #1383 ), #1105 ) ;
#2575 = CARTESIAN_POINT ( 'NONE',  ( 2.499999999999614975, 123.8697370969315159, -150.4000132786283359 ) ) ;
#2576 = CARTESIAN_POINT ( 'NONE',  ( 49.93746088859545296, 74.99999999999998579, 2.500000000000000444 ) ) ;
#2577 = CARTESIAN_POINT ( 'NONE',  ( -1.272928738746226029, 123.1839438782808145, -30.88159970837026691 ) ) ;
#2578 = CARTESIAN_POINT ( 'NONE',  ( -2.500000000000349942, 117.3731783433122615, -113.5704739887776498 ) ) ;
#2579 = CARTESIAN_POINT ( 'NONE',  ( 37.27000619835907713, 108.2464467495919109, -137.5071426749364889 ) ) ;
#2580 = CARTESIAN_POINT ( 'NONE',  ( 90.04956511303831235, 102.8744685292335674, -142.0663765487381625 ) ) ;
#2581 = DIRECTION ( 'NONE',  ( 0.000000000000000000, 1.000000000000000000, 0.000000000000000000 ) ) ;
#2582 = CARTESIAN_POINT ( 'NONE',  ( 169.4536527726495194, 102.8744685292337095, -91.17845905993938516 ) ) ;
#2583 = CARTESIAN_POINT ( 'NONE',  ( 102.7217806763106864, 108.2291978768621448, -2.499999999999991118 ) ) ;
#2584 = VERTEX_POINT ( 'NONE', #997 ) ;
#2585 = VECTOR ( 'NONE', #2802, 1000.000000000000000 ) ;
#2586 = CARTESIAN_POINT ( 'NONE',  ( -2.500000000000367706, 119.7043890370415653, -22.31100207509576805 ) ) ;
#2587 = CARTESIAN_POINT ( 'NONE',  ( 49.95757756189733101, 74.99999999999998579, -2.059233873801785464 ) ) ;
#2588 = CARTESIAN_POINT ( 'NONE',  ( 140.0071426749364036, 75.00000000000007105, 0.000000000000000000 ) ) ;
#2589 = FACE_OUTER_BOUND ( 'NONE', #310, .T. ) ;
#2590 = CARTESIAN_POINT ( 'NONE',  ( 2.499999999999715783, 103.2747571694204680, -181.1988849539434341 ) ) ;
#2591 = ADVANCED_FACE ( 'NONE', ( #2231 ), #1266, .T. ) ;
#2592 = B_SPLINE_CURVE_WITH_KNOTS ( 'NONE', 3,
 ( #1441, #1456, #431, #190, #481, #1701, #1967, #1489, #3205, #2743, #2485, #701, #497, #2416, #1685, #1194, #2188, #2696, #943, #1937, #448, #961, #556, #1568, #1288, #284, #2561, #1019, #317, #2032, #1758, #2250, #1325, #2806 ),
 .UNSPECIFIED., .F., .F.,
 ( 4, 2, 2, 2, 2, 2, 2, 2, 2, 2, 2, 2, 2, 2, 2, 2, 4 ),
 ( 0.000000000000000000, 0.009440086100412912670, 0.01416012915061938895, 0.01652015067572260715, 0.01888017220082582881, 0.02832025830123878138, 0.03304030135144525593, 0.03540032287654847065, 0.03776034440165169231, 0.04720043050206457896, 0.04956045202716780756, 0.05192047355227103617, 0.05664051660247750031, 0.06608060270289040083, 0.06844062422799362944, 0.07080064575309685804, 0.07552068880330332912 ),
 .UNSPECIFIED. ) ;
#2593 = CARTESIAN_POINT ( 'NONE',  ( 4.093999309771136019, 124.7949433924336233, -2.500000000000000888 ) ) ;
#2594 = EDGE_CURVE ( 'NONE', #305, #430, #2481, .T. ) ;
#2595 = CARTESIAN_POINT ( 'NONE',  ( 174.0263853996407875, 111.6934866489469584, -2.500000000000013767 ) ) ;
#2596 = CARTESIAN_POINT ( 'NONE',  ( 140.0071426749358920, 150.0000000000000000, -2.499999999999999556 ) ) ;
#2597 = CARTESIAN_POINT ( 'NONE',  ( 2.499999999999784617, 74.99999999999988631, 0.000000000000000000 ) ) ;
#2598 = VERTEX_POINT ( 'NONE', #1710 ) ;
#2599 = DIRECTION ( 'NONE',  ( 1.000000000000000000, 3.430248998885766964E-15, 9.992007221626410442E-15 ) ) ;
#2600 = CARTESIAN_POINT ( 'NONE',  ( 140.0071426749364036, 442.7056274847714690, -140.0071426749364036 ) ) ;
#2601 = CARTESIAN_POINT ( 'NONE',  ( 137.5071426749360342, 124.8748433581500166, 2.500000000000000444 ) ) ;
#2602 = CARTESIAN_POINT ( 'NONE',  ( 131.1829356245394251, 124.1773798999932836, -2.500000000000005773 ) ) ;
#2603 = EDGE_LOOP ( 'NONE', ( #2799, #2339, #1757, #2506, #850, #1641, #3143, #1212 ) ) ;
#2604 = VECTOR ( 'NONE', #2807, 1000.000000000000000 ) ;
#2605 = AXIS2_PLACEMENT_3D ( 'NONE', #3030, #784, #1782 ) ;
#2606 = CARTESIAN_POINT ( 'NONE',  ( -2.500000000000344613, 111.7065120298389189, -34.00782169760202578 ) ) ;
#2607 = DIRECTION ( 'NONE',  ( 0.000000000000000000, 0.000000000000000000, 1.000000000000000000 ) ) ;
#2608 = DIRECTION ( 'NONE',  ( 0.000000000000000000, 1.000000000000000000, -0.000000000000000000 ) ) ;
#2609 = VECTOR ( 'NONE', #1601, 1000.000000000000000 ) ;
#2610 = PLANE ( 'NONE',  #246 ) ;
#2611 = CARTESIAN_POINT ( 'NONE',  ( 142.5071426749359205, 75.00000000000036948, 2.500000000000000444 ) ) ;
#2612 = DIRECTION ( 'NONE',  ( 1.000000000000000000, 3.430248998885766176E-15, 0.000000000000000000 ) ) ;
#2613 = CARTESIAN_POINT ( 'NONE',  ( -2.500000000000196287, 78.98169942736797111, -189.7919627043063997 ) ) ;
#2614 = EDGE_CURVE ( 'NONE', #351, #1761, #2258, .T. ) ;
#2615 = CARTESIAN_POINT ( 'NONE',  ( 2.499999999999641176, 117.3731783433122757, 26.43666868615878940 ) ) ;
#2616 = CARTESIAN_POINT ( 'NONE',  ( 137.5071426749360910, 108.8194804147294121, -36.75087913375053716 ) ) ;
#2617 = CARTESIAN_POINT ( 'NONE',  ( 137.5071426749361194, 92.79299248140505085, 46.66677822977172951 ) ) ;
#2618 = CARTESIAN_POINT ( 'NONE',  ( 45.19565195265145263, 96.47471520684126745, -142.5071426749364605 ) ) ;
#2619 = VERTEX_POINT ( 'NONE', #19 ) ;
#2620 = CARTESIAN_POINT ( 'NONE',  ( 137.5071426749360626, 104.5573351570816243, -180.2886594413205898 ) ) ;
#2621 = CARTESIAN_POINT ( 'NONE',  ( 137.5071426749360342, 124.1585152715968832, -131.1853151140364275 ) ) ;
#2622 = FACE_OUTER_BOUND ( 'NONE', #2216, .T. ) ;
#2623 = SURFACE_SIDE_STYLE ('',( #1368 ) ) ;
#2624 = CARTESIAN_POINT ( 'NONE',  ( 183.7618650773737841, 99.27377170997067424, 2.499999999999999556 ) ) ;
#2625 = AXIS2_PLACEMENT_3D ( 'NONE', #1549, #332, #316 ) ;
#2626 = CARTESIAN_POINT ( 'NONE',  ( 163.7024715076032066, 118.9863968387192301, -137.5071426749364036 ) ) ;
#2627 = DIRECTION ( 'NONE',  ( 1.000000000000000000, 3.430248998885768148E-15, 3.552713678800502507E-15 ) ) ;
#2628 = VERTEX_POINT ( 'NONE', #476 ) ;
#2629 = CARTESIAN_POINT ( 'NONE',  ( 2.499999999999693134, 87.50161034606406929, 48.37322329338521598 ) ) ;
#2630 = CARTESIAN_POINT ( 'NONE',  ( 137.9479088011343038, 102.8744685292336953, -90.04956511303869604 ) ) ;
#2631 = CARTESIAN_POINT ( 'NONE',  ( 189.9446035635318708, 75.00000000000051159, -2.499999999999999556 ) ) ;
#2632 = EDGE_CURVE ( 'NONE', #1811, #1975, #1015, .T. ) ;
#2633 = CARTESIAN_POINT ( 'NONE',  ( 90.06968178634048172, 74.99999999999964473, -2.499999999999998668 ) ) ;
#2634 = VERTEX_POINT ( 'NONE', #2217 ) ;
#2635 = CARTESIAN_POINT ( 'NONE',  ( 137.5071426749361194, 108.2291978768624716, -177.2925046735615808 ) ) ;
#2636 = EDGE_CURVE ( 'NONE', #1975, #2655, #1302, .T. ) ;
#2637 = PLANE ( 'NONE',  #352 ) ;
#2638 = CARTESIAN_POINT ( 'NONE',  ( 137.5071426749359489, 150.0000000000000000, -137.5071426749364036 ) ) ;
#2639 = DIRECTION ( 'NONE',  ( -1.000000000000000000, 0.000000000000000000, -0.000000000000000000 ) ) ;
#2640 = ORIENTED_EDGE ( 'NONE', *, *, #1091, .F. ) ;
#2641 = CARTESIAN_POINT ( 'NONE',  ( -40.28151676638474044, 104.5573351570812264, -142.5071426749364036 ) ) ;
#2642 = LINE ( 'NONE', #2840, #2281 ) ;
#2643 = CARTESIAN_POINT ( 'NONE',  ( 31.64569768557985086, 113.7596893674160867, 2.500000000000001776 ) ) ;
#2644 = CARTESIAN_POINT ( 'NONE',  ( 0.000000000000000000, -20.00000000000000000, -140.0071426749364036 ) ) ;
#2645 = EDGE_LOOP ( 'NONE', ( #1311, #3067, #3032, #549, #2765, #1517 ) ) ;
#2646 = PLANE ( 'NONE',  #1198 ) ;
#2647 = CARTESIAN_POINT ( 'NONE',  ( 2.499999999999618527, 124.8748433581500450, -142.5071426749364036 ) ) ;
#2648 = CARTESIAN_POINT ( 'NONE',  ( 137.5071426749361763, 87.50161034606448140, 48.37322329338511651 ) ) ;
#2649 = CARTESIAN_POINT ( 'NONE',  ( 43.75472240243752964, 99.27377170997039002, -142.5071426749364321 ) ) ;
#2650 = ORIENTED_EDGE ( 'NONE', *, *, #2234, .T. ) ;
#2651 = EDGE_CURVE ( 'NONE', #357, #1911, #3230, .T. ) ;
#2652 = CARTESIAN_POINT ( 'NONE',  ( 137.5071426749361194, 97.15430560888205491, -184.7683085889141523 ) ) ;
#2653 = CARTESIAN_POINT ( 'NONE',  ( 137.5071426749360910, 107.0455866223963568, -101.6997026465856919 ) ) ;
#2654 = DIRECTION ( 'NONE',  ( 3.430248998885766176E-15, -1.000000000000000000, -0.000000000000000000 ) ) ;
#2655 = VERTEX_POINT ( 'NONE', #771 ) ;
#2656 = CARTESIAN_POINT ( 'NONE',  ( 162.3000736046379302, 119.7130273605286135, -2.500000000000005773 ) ) ;
#2657 = DIRECTION ( 'NONE',  ( -1.000000000000000000, 0.000000000000000000, -0.000000000000000000 ) ) ;
#2658 = APPLICATION_PROTOCOL_DEFINITION ( 'draft international standard', 'automotive_design', 1998, #638 ) ;
#2659 = CARTESIAN_POINT ( 'NONE',  ( 49.63423530813728490, 81.33236206956006242, 2.499999999999998668 ) ) ;
#2660 = EDGE_LOOP ( 'NONE', ( #909, #744, #217, #819 ) ) ;
#2661 = CARTESIAN_POINT ( 'NONE',  ( 2.499999999999603872, 124.7949433924336233, 4.093999309771591655 ) ) ;
#2662 = CARTESIAN_POINT ( 'NONE',  ( 0.000000000000000000, -20.00000000000000000, -25.00000000000000000 ) ) ;
#2663 = FACE_OUTER_BOUND ( 'NONE', #1451, .T. ) ;
#2664 = CARTESIAN_POINT ( 'NONE',  ( 23.69532883266690604, 118.9863968387191591, -142.5071426749364036 ) ) ;
#2665 = VERTEX_POINT ( 'NONE', #970 ) ;
#2666 = CARTESIAN_POINT ( 'NONE',  ( 137.5071426749361478, 94.99269237210923222, -185.7747680902556624 ) ) ;
#2667 = CARTESIAN_POINT ( 'NONE',  ( 137.5071426749361194, 116.5090131417650383, -112.2333146684722038 ) ) ;
#2668 = DIRECTION ( 'NONE',  ( 0.000000000000000000, 1.000000000000000000, 0.000000000000000000 ) ) ;
#2669 = DIRECTION ( 'NONE',  ( -1.000000000000000000, 0.000000000000000000, -0.000000000000000000 ) ) ;
#2670 = ORIENTED_EDGE ( 'NONE', *, *, #521, .T. ) ;
#2671 = CARTESIAN_POINT ( 'NONE',  ( 145.6847761292538905, 124.6391309656182216, -2.500000000000000444 ) ) ;
#2672 = ADVANCED_FACE ( 'NONE', ( #2973 ), #3036, .T. ) ;
#2673 = DIRECTION ( 'NONE',  ( -1.000000000000000000, -3.430248998885766176E-15, 0.000000000000000000 ) ) ;
#2674 = CARTESIAN_POINT ( 'NONE',  ( -8.824207050397014029, 124.1773798999932694, 2.499999999999996447 ) ) ;
#2675 = EDGE_LOOP ( 'NONE', ( #1228, #2053, #992 ) ) ;
#2676 = VECTOR ( 'NONE', #2796, 1000.000000000000000 ) ;
#2677 = CARTESIAN_POINT ( 'NONE',  ( 131.1829356245394820, 124.1773798999932552, 2.499999999999993783 ) ) ;
#2678 = VECTOR ( 'NONE', #1614, 1000.000000000000000 ) ;
#2679 = CARTESIAN_POINT ( 'NONE',  ( 115.1324567472709077, -20.00000000000000000, -137.5071426749364036 ) ) ;
#2680 = VECTOR ( 'NONE', #1, 1000.000000000000000 ) ;
#2681 = CARTESIAN_POINT ( 'NONE',  ( -23.73137944929372267, 118.9668005728629510, -2.499999999999992895 ) ) ;
#2682 = LINE ( 'NONE', #2420, #14 ) ;
#2683 = EDGE_LOOP ( 'NONE', ( #1627, #1575, #1007 ) ) ;
#2684 = CARTESIAN_POINT ( 'NONE',  ( 137.5071426749360626, 117.3748048879423749, -166.4766314098754378 ) ) ;
#2685 = CARTESIAN_POINT ( 'NONE',  ( 137.5071426749359489, 150.0000000000000000, -3.152965104363860190E-59 ) ) ;
#2686 = LINE ( 'NONE', #918, #776 ) ;
#2687 = CARTESIAN_POINT ( 'NONE',  ( 2.499999999999800160, 78.98169942736792848, -49.78482002936996764 ) ) ;
#2688 = ORIENTED_EDGE ( 'NONE', *, *, #1322, .T. ) ;
#2689 = CARTESIAN_POINT ( 'NONE',  ( 142.5071426749360626, 85.96864548476472123, -91.26378059115658914 ) ) ;
#2690 = ORIENTED_EDGE ( 'NONE', *, *, #3095, .T. ) ;
#2691 = CARTESIAN_POINT ( 'NONE',  ( -38.82268957556246392, 106.4192685746610323, -142.5071426749364321 ) ) ;
#2692 = ADVANCED_FACE ( 'NONE', ( #1820 ), #1787, .T. ) ;
#2693 = ADVANCED_FACE ( 'NONE', ( #3086 ), #2526, .T. ) ;
#2694 = CARTESIAN_POINT ( 'NONE',  ( 47.46500897720322598, 90.53893995811458240, 2.500000000000000444 ) ) ;
#2695 = VERTEX_POINT ( 'NONE', #2342 ) ;
#2696 = CARTESIAN_POINT ( 'NONE',  ( -2.500000000000333955, 111.6934866489466316, 34.01924272470490962 ) ) ;
#2697 = CARTESIAN_POINT ( 'NONE',  ( -43.67538922819397840, 99.26337362625548622, -2.499999999999989786 ) ) ;
#2698 = CARTESIAN_POINT ( 'NONE',  ( 137.5071426749359489, 150.0000000000000000, -140.0071426749364036 ) ) ;
#2699 = ORIENTED_EDGE ( 'NONE', *, *, #810, .T. ) ;
#2700 = CARTESIAN_POINT ( 'NONE',  ( 2.499999999999785949, 74.99999999999981526, 49.93746088859570875 ) ) ;
#2701 = CARTESIAN_POINT ( 'NONE',  ( 102.7217806763108854, 108.2291978768623579, -142.5071426749364321 ) ) ;
#2702 = CARTESIAN_POINT ( 'NONE',  ( 142.5071426749360057, 116.5184527502978540, -167.7999627196894608 ) ) ;
#2703 = CARTESIAN_POINT ( 'NONE',  ( 2.499999999999701572, 107.0295737201736870, -38.32080659657579957 ) ) ;
#2704 = ORIENTED_EDGE ( 'NONE', *, *, #2789, .F. ) ;
#2705 = CARTESIAN_POINT ( 'NONE',  ( 25.00000000000000000, -20.00000000000000000, 0.000000000000000000 ) ) ;
#2706 = ORIENTED_EDGE ( 'NONE', *, *, #1414, .F. ) ;
#2707 = CARTESIAN_POINT ( 'NONE',  ( 3.083896475472573950, 124.9046433086420080, 0.1271171340868903488 ) ) ;
#2708 = VECTOR ( 'NONE', #2009, 1000.000000000000000 ) ;
#2709 = AXIS2_PLACEMENT_3D ( 'NONE', #1494, #3242, #2999 ) ;
#2710 = CARTESIAN_POINT ( 'NONE',  ( -49.93746088859597165, 75.79728191964642292, 2.500000000000011102 ) ) ;
#2711 = ORIENTED_EDGE ( 'NONE', *, *, #562, .F. ) ;
#2712 = EDGE_CURVE ( 'NONE', #2204, #1454, #2078, .T. ) ;
#2713 = VECTOR ( 'NONE', #2668, 1000.000000000000000 ) ;
#2714 = CARTESIAN_POINT ( 'NONE',  ( 90.06968178634046751, 75.79728191964642292, 2.500000000000010658 ) ) ;
#2715 = FACE_OUTER_BOUND ( 'NONE', #3097, .T. ) ;
#2716 = LINE ( 'NONE', #469, #1785 ) ;
#2717 = EDGE_CURVE ( 'NONE', #359, #2957, #2184, .T. ) ;
#2718 = CARTESIAN_POINT ( 'NONE',  ( 187.4721516521395301, 90.53893995811500872, -142.5071426749364321 ) ) ;
#2719 = CARTESIAN_POINT ( 'NONE',  ( 98.81540039592924529, 103.2747571694205959, -142.5071426749364889 ) ) ;
#2720 = CARTESIAN_POINT ( 'NONE',  ( 142.5071426749361194, 104.5573351570816669, -180.2886594413207035 ) ) ;
#2721 = CARTESIAN_POINT ( 'NONE',  ( 2.499999999999619416, 122.7333982440218421, -15.01081427873739571 ) ) ;
#2722 = ORIENTED_EDGE ( 'NONE', *, *, #792, .T. ) ;
#2723 = CARTESIAN_POINT ( 'NONE',  ( -2.059233873802005732, 74.99999999999980105, 49.95757756189759391 ) ) ;
#2724 = CARTESIAN_POINT ( 'NONE',  ( 187.4721516521394733, 90.53893995811499451, -137.5071426749364321 ) ) ;
#2725 = CARTESIAN_POINT ( 'NONE',  ( 158.0080563867898320, 121.6865660148364157, 2.500000000000000888 ) ) ;
#2726 = CARTESIAN_POINT ( 'NONE',  ( -45.10735008994238626, 96.44085474756469978, 2.499999999999989786 ) ) ;
#2727 = EDGE_LOOP ( 'NONE', ( #1364, #1925, #397 ) ) ;
#2728 = CARTESIAN_POINT ( 'NONE',  ( 91.57205128530009119, 87.55818389890362141, 2.500000000000001776 ) ) ;
#2729 = CARTESIAN_POINT ( 'NONE',  ( 0.000000000000000000, 0.000000000000000000, -140.0071426749364036 ) ) ;
#2730 = CARTESIAN_POINT ( 'NONE',  ( 142.5071426749360057, 119.7130273605285566, 22.29293092970189605 ) ) ;
#2731 = LINE ( 'NONE', #450, #2358 ) ;
#2732 = AXIS2_PLACEMENT_3D ( 'NONE', #2527, #1301, #2669 ) ;
#2733 = ADVANCED_FACE ( 'NONE', ( #2850 ), #2858, .T. ) ;
#2734 = CARTESIAN_POINT ( 'NONE',  ( 189.9446035635318424, 75.00000000000052580, 2.500000000000000444 ) ) ;
#2735 = DIRECTION ( 'NONE',  ( 1.000000000000000000, 3.430248998885766176E-15, 0.000000000000000000 ) ) ;
#2736 = CARTESIAN_POINT ( 'NONE',  ( 115.0071426749364036, -20.00000000000000000, 0.000000000000000000 ) ) ;
#2737 = ORIENTED_EDGE ( 'NONE', *, *, #30, .F. ) ;
#2738 = CARTESIAN_POINT ( 'NONE',  ( 142.5071426749360626, 106.4294357334344596, -101.1925157278163852 ) ) ;
#2739 = CARTESIAN_POINT ( 'NONE',  ( 142.5071426749360057, 124.8748433581500308, 2.500000000000000444 ) ) ;
#2740 = AXIS2_PLACEMENT_3D ( 'NONE', #809, #2314, #603 ) ;
#2741 = LINE ( 'NONE', #495, #116 ) ;
#2742 = EDGE_LOOP ( 'NONE', ( #1283, #2414, #1920, #3229, #835 ) ) ;
#2743 = CARTESIAN_POINT ( 'NONE',  ( -2.500000000000279332, 96.47471520684108270, 45.19565195265179369 ) ) ;
#2744 = CARTESIAN_POINT ( 'NONE',  ( 200.0071426749363468, 75.00000000000007105, -200.0071426749364036 ) ) ;
#2745 = CARTESIAN_POINT ( 'NONE',  ( -36.75087913375090665, 108.8194804147292416, -2.499999999999998224 ) ) ;
#2746 = CARTESIAN_POINT ( 'NONE',  ( 0.000000000000000000, -20.00000000000000000, -140.0071426749364036 ) ) ;
#2747 = VERTEX_POINT ( 'NONE', #821 ) ;
#2748 = CARTESIAN_POINT ( 'NONE',  ( 189.9446035635318708, 75.00000000000051159, -142.5071426749364036 ) ) ;
#2749 = CARTESIAN_POINT ( 'NONE',  ( 137.5071426749360342, 124.8748433581500166, 2.500000000000000444 ) ) ;
#2750 = LINE ( 'NONE', #982, #1532 ) ;
#2751 = ADVANCED_FACE ( 'NONE', ( #343 ), #3034, .T. ) ;
#2752 = CARTESIAN_POINT ( 'NONE',  ( 142.5071426749361478, 92.79299248140503664, -93.34036444516466702 ) ) ;
#2753 = CARTESIAN_POINT ( 'NONE',  ( 163.7024715076032351, 118.9863968387192728, 2.500000000000000000 ) ) ;
#2754 = CARTESIAN_POINT ( 'NONE',  ( -47.55153095458362600, 90.57757234694287263, 2.499999999999957367 ) ) ;
#2755 = VERTEX_POINT ( 'NONE', #1367 ) ;
#2756 = VECTOR ( 'NONE', #281, 1000.000000000000000 ) ;
#2757 = CARTESIAN_POINT ( 'NONE',  ( 2.499999999999673594, 108.8326382375254440, -103.2685285575677057 ) ) ;
#2758 = CARTESIAN_POINT ( 'NONE',  ( 140.0071426749364036, 0.000000000000000000, -140.0071426749364036 ) ) ;
#2759 = CARTESIAN_POINT ( 'NONE',  ( 40.28884462440694136, 104.5482280533885699, -137.5071426749364036 ) ) ;
#2760 = CIRCLE ( 'NONE', #1586, 50.00000000000026290 ) ;
#2761 = CARTESIAN_POINT ( 'NONE',  ( 18.20255068451532665, 123.1839438782809282, -109.8233760618196868 ) ) ;
#2762 = CARTESIAN_POINT ( 'NONE',  ( 178.3145827032865611, 107.0455866223967689, -142.5071426749364036 ) ) ;
#2763 = CARTESIAN_POINT ( 'NONE',  ( 135.9145782895194259, 124.7950153186923359, -142.5071426749364321 ) ) ;
#2764 = CARTESIAN_POINT ( 'NONE',  ( 140.0071426749364036, 74.99999999999987210, -137.5071426749364036 ) ) ;
#2765 = ORIENTED_EDGE ( 'NONE', *, *, #2368, .T. ) ;
#2766 = EDGE_LOOP ( 'NONE', ( #210, #1403, #2963 ) ) ;
#2767 = CARTESIAN_POINT ( 'NONE',  ( 142.5071426749360910, 99.27377170997054634, -96.25242027249872478 ) ) ;
#2768 = CARTESIAN_POINT ( 'NONE',  ( 178.8217696220560526, 106.4294357334345875, -137.5071426749364321 ) ) ;
#2769 = ADVANCED_FACE ( 'NONE', ( #656 ), #2637, .T. ) ;
#2770 = CARTESIAN_POINT ( 'NONE',  ( -59.99999999999873523, 74.99999999999961631, 60.00000000000003553 ) ) ;
#2771 = EDGE_CURVE ( 'NONE', #305, #351, #917, .T. ) ;
#2772 = CARTESIAN_POINT ( 'NONE',  ( 1.817742035085325059, 124.9046433086420222, -143.0213521833078687 ) ) ;
#2773 = CARTESIAN_POINT ( 'NONE',  ( 2.499999999999620748, 124.2927734263729604, -131.9694378344916856 ) ) ;
#2774 = AXIS2_PLACEMENT_3D ( 'NONE', #2746, #734, #2502 ) ;
#2775 = CARTESIAN_POINT ( 'NONE',  ( -2.500000000000386802, 124.6391309656181221, -134.3295092206184904 ) ) ;
#2776 = CARTESIAN_POINT ( 'NONE',  ( 8.037704840444321874, 124.2927734263730031, -137.5071426749364036 ) ) ;
#2777 = ORIENTED_EDGE ( 'NONE', *, *, #3114, .F. ) ;
#2778 = CARTESIAN_POINT ( 'NONE',  ( 136.9929331665648249, 124.9046433086420222, -141.8248847100219336 ) ) ;
#2779 = CARTESIAN_POINT ( 'NONE',  ( 0.000000000000000000, 74.99999999999984368, -140.0071426749364036 ) ) ;
#2780 = CARTESIAN_POINT ( 'NONE',  ( 158.2096933594516770, 123.1839438782809282, -109.8233760618197010 ) ) ;
#2781 = CARTESIAN_POINT ( 'NONE',  ( 142.5071426749362047, 81.35617519959080823, -189.5639583472400034 ) ) ;
#2782 = VERTEX_POINT ( 'NONE', #1644 ) ;
#2783 = ORIENTED_EDGE ( 'NONE', *, *, #1810, .F. ) ;
#2784 = CARTESIAN_POINT ( 'NONE',  ( -0.1271171340873622491, 124.9046433086420222, -143.0910391504094150 ) ) ;
#2785 = DIRECTION ( 'NONE',  ( 1.000000000000000000, 3.430248998885766176E-15, 0.000000000000000000 ) ) ;
#2786 = CARTESIAN_POINT ( 'NONE',  ( 169.4536527726494342, 102.8744685292336811, -188.8358262899334647 ) ) ;
#2787 = CARTESIAN_POINT ( 'NONE',  ( 142.5071426749361763, 74.99999999999988631, -140.0071426749364036 ) ) ;
#2788 = CARTESIAN_POINT ( 'NONE',  ( 15.02723617137708700, 122.7289829659500526, -2.500000000000011102 ) ) ;
#2789 = EDGE_CURVE ( 'NONE', #2842, #1216, #129, .T. ) ;
#2790 = EDGE_CURVE ( 'NONE', #3224, #758, #1269, .T. ) ;
#2791 = CARTESIAN_POINT ( 'NONE',  ( 2.499999999999678479, 104.5482280533884136, -99.71829805052911411 ) ) ;
#2792 = CARTESIAN_POINT ( 'NONE',  ( -2.500000000000215383, 74.99999999999985789, -90.06968178634069488 ) ) ;
#2793 = DIRECTION ( 'NONE',  ( -3.430248998885766176E-15, 1.000000000000000000, 0.000000000000000000 ) ) ;
#2794 = VERTEX_POINT ( 'NONE', #1119 ) ;
#2795 = CARTESIAN_POINT ( 'NONE',  ( -2.500000000000215383, 74.99999999999985789, -140.0071426749364036 ) ) ;
#2796 = DIRECTION ( 'NONE',  ( 0.000000000000000000, 0.000000000000000000, -1.000000000000000000 ) ) ;
#2797 = CARTESIAN_POINT ( 'NONE',  ( 142.5071426749361194, 87.55818389890376352, -48.43509138963600691 ) ) ;
#2798 = CARTESIAN_POINT ( 'NONE',  ( 129.6142720712440166, 123.8697370969314449, -2.499999999999999556 ) ) ;
#2799 = ORIENTED_EDGE ( 'NONE', *, *, #2431, .F. ) ;
#2800 = DIRECTION ( 'NONE',  ( 3.430248998885766176E-15, -1.000000000000000000, -0.000000000000000000 ) ) ;
#2801 = CARTESIAN_POINT ( 'NONE',  ( 29.44651009771309802, 74.99999999999991473, -48.82868361499694743 ) ) ;
#2802 = DIRECTION ( 'NONE',  ( 0.000000000000000000, 0.000000000000000000, -1.000000000000000000 ) ) ;
#2803 = CARTESIAN_POINT ( 'NONE',  ( 189.9647202368337275, 74.99999999999998579, -142.0663765487382193 ) ) ;
#2804 = DIRECTION ( 'NONE',  ( 0.000000000000000000, 0.000000000000000000, -1.000000000000000000 ) ) ;
#2805 = CARTESIAN_POINT ( 'NONE',  ( 38.81462694711989059, 106.4294357334343317, -2.499999999999980904 ) ) ;
#2806 = CARTESIAN_POINT ( 'NONE',  ( -2.500000000000386358, 124.8748433581500166, 2.500000000000000444 ) ) ;
#2807 = DIRECTION ( 'NONE',  ( 1.000000000000000000, 0.000000000000000000, 0.000000000000000000 ) ) ;
#2808 = DIRECTION ( 'NONE',  ( 1.000000000000000000, 3.430248998885766570E-15, 0.000000000000000000 ) ) ;
#2809 = FACE_OUTER_BOUND ( 'NONE', #987, .T. ) ;
#2810 = CARTESIAN_POINT ( 'NONE',  ( 135.9145782895194543, 124.7950153186924069, -137.5071426749364605 ) ) ;
#2811 = CARTESIAN_POINT ( 'NONE',  ( 169.4536527726495478, 74.99999999999991473, -91.17845905993948463 ) ) ;
#2812 = ADVANCED_FACE ( 'NONE', ( #1427 ), #2387, .T. ) ;
#2813 = AXIS2_PLACEMENT_3D ( 'NONE', #2520, #63, #595 ) ;
#2814 = CARTESIAN_POINT ( 'NONE',  ( 90.45032700263250547, 81.35617519959011190, -2.499999999999992450 ) ) ;
#2815 = ORIENTED_EDGE ( 'NONE', *, *, #1417, .F. ) ;
#2816 = CARTESIAN_POINT ( 'NONE',  ( -2.500000000000259348, 82.92036067641882369, -49.33048653668164008 ) ) ;
#2817 = CARTESIAN_POINT ( 'NONE',  ( 0.000000000000000000, 0.000000000000000000, 0.000000000000000000 ) ) ;
#2818 = LINE ( 'NONE', #1579, #334 ) ;
#2819 = DIRECTION ( 'NONE',  ( 3.430248998885766176E-15, -1.000000000000000000, -0.000000000000000000 ) ) ;
#2820 = FACE_OUTER_BOUND ( 'NONE', #2364, .T. ) ;
#2821 = CARTESIAN_POINT ( 'NONE',  ( 2.499999999999527489, 150.0000000000000000, -137.5071426749364036 ) ) ;
#2822 = CARTESIAN_POINT ( 'NONE',  ( 142.5071426749360626, 123.6797482769718926, 11.16534080582857946 ) ) ;
#2823 = CARTESIAN_POINT ( 'NONE',  ( 38.30744002835030670, 107.0455866223965131, -137.5071426749364605 ) ) ;
#2824 = ORIENTED_EDGE ( 'NONE', *, *, #1810, .T. ) ;
#2825 = CARTESIAN_POINT ( 'NONE',  ( 115.0071426749364178, 0.000000000000000000, -140.0071426749364036 ) ) ;
#2826 = CARTESIAN_POINT ( 'NONE',  ( 90.06968178634048172, 74.99999999999964473, -137.5071426749364036 ) ) ;
#2827 = CARTESIAN_POINT ( 'NONE',  ( 142.5071426749360342, 118.9668005728631215, -23.73137944929316490 ) ) ;
#2828 = CARTESIAN_POINT ( 'NONE',  ( 188.8358262899331237, 102.8744685292337664, 29.44651009771340355 ) ) ;
#2829 = ORIENTED_EDGE ( 'NONE', *, *, #2918, .T. ) ;
#2830 = EDGE_CURVE ( 'NONE', #1247, #220, #651, .T. ) ;
#2831 = CARTESIAN_POINT ( 'NONE',  ( -2.500000000000378808, 124.6393548566891383, -5.675894053646699078 ) ) ;
#2832 = CARTESIAN_POINT ( 'NONE',  ( -3.083896475473431487, 124.9046433086419938, 0.1271171340868910704 ) ) ;
#2833 = CARTESIAN_POINT ( 'NONE',  ( 4.412478072883800904E-28, 74.99999999999987210, -140.0071426749364036 ) ) ;
#2834 = VECTOR ( 'NONE', #1994, 1000.000000000000000 ) ;
#2835 =( GEOMETRIC_REPRESENTATION_CONTEXT ( 3 ) GLOBAL_UNCERTAINTY_ASSIGNED_CONTEXT ( ( #882 ) ) GLOBAL_UNIT_ASSIGNED_CONTEXT ( ( #2425, #1150, #2408 ) ) REPRESENTATION_CONTEXT ( 'NONE', 'WORKASPACE' ) );
#2836 = CARTESIAN_POINT ( 'NONE',  ( 2.499999999999747313, 82.92036067641880948, -189.3376292116180650 ) ) ;
#2837 = VECTOR ( 'NONE', #2955, 1000.000000000000000 ) ;
#2838 = CARTESIAN_POINT ( 'NONE',  ( 115.0071426749364178, -20.00000000000000000, -140.0071426749364036 ) ) ;
#2839 = CARTESIAN_POINT ( 'NONE',  ( 180.2959872993431532, 104.5482280533888257, -2.500000000000014211 ) ) ;
#2840 = CARTESIAN_POINT ( 'NONE',  ( 2.500000000000041744, 8.575622497214558026E-15, -24.87468592766562381 ) ) ;
#2841 = CARTESIAN_POINT ( 'NONE',  ( -2.500000000000373479, 123.8697370969314733, -150.4000132786283359 ) ) ;
#2842 = VERTEX_POINT ( 'NONE', #2749 ) ;
#2843 = CARTESIAN_POINT ( 'NONE',  ( 2.499999999999650946, 113.7596893674159872, 31.64569768558020257 ) ) ;
#2844 = CARTESIAN_POINT ( 'NONE',  ( 101.1844530993739113, 106.4192685746610465, -137.5071426749363752 ) ) ;
#2845 = DIRECTION ( 'NONE',  ( 0.000000000000000000, 1.000000000000000000, 0.000000000000000000 ) ) ;
#2846 = CARTESIAN_POINT ( 'NONE',  ( 200.0071426749363468, -20.00000000000000000, -200.0071426749364036 ) ) ;
#2847 = VERTEX_POINT ( 'NONE', #706 ) ;
#2848 = VECTOR ( 'NONE', #1977, 1000.000000000000000 ) ;
#2849 = CARTESIAN_POINT ( 'NONE',  ( -2.500000000000341949, 108.2291978768622727, -37.28536199862533351 ) ) ;
#2850 = FACE_OUTER_BOUND ( 'NONE', #2248, .T. ) ;
#2851 = FACE_OUTER_BOUND ( 'NONE', #1297, .T. ) ;
#2852 = ADVANCED_FACE ( 'NONE', ( #1706 ), #1958, .F. ) ;
#2853 = CARTESIAN_POINT ( 'NONE',  ( 2.499999999999697131, 108.2291978768622869, -177.2925046735618082 ) ) ;
#2854 = CARTESIAN_POINT ( 'NONE',  ( 142.5071426749359205, 150.0000000000000000, -140.0071426749364036 ) ) ;
#2855 = DIRECTION ( 'NONE',  ( 0.000000000000000000, 0.000000000000000000, 1.000000000000000000 ) ) ;
#2856 = DIRECTION ( 'NONE',  ( 0.000000000000000000, 0.000000000000000000, -1.000000000000000000 ) ) ;
#2857 = ORIENTED_EDGE ( 'NONE', *, *, #1176, .F. ) ;
#2858 =( BOUNDED_SURFACE ( )  B_SPLINE_SURFACE ( 3, 3, ( 
 ( #838, #2801, #2539, #2587 ),
 ( #52, #788, #2293, #1561 ),
 ( #3099, #855, #1596, #2557 ),
 ( #2027, #1299, #2309, #67 ) ),
 .UNSPECIFIED., .F., .F., .F. ) 
 B_SPLINE_SURFACE_WITH_KNOTS ( ( 4, 4 ),
 ( 4, 4 ),
 ( 0.000000000000000000, 1.000000000000000000 ),
 ( 0.000000000000000000, 1.000000000000000000 ),
 .UNSPECIFIED. ) 
 GEOMETRIC_REPRESENTATION_ITEM ( )  RATIONAL_B_SPLINE_SURFACE ( (
 ( 1.000000000000000000, 0.8237525346917973224, 0.8237525346917973224, 1.000000000000000000),
 ( 0.8190699571006432311, 0.6747109532515566110, 0.6747109532515566110, 0.8190699571006432311),
 ( 0.8190699571006432311, 0.6747109532515566110, 0.6747109532515566110, 0.8190699571006432311),
 ( 1.000000000000000000, 0.8237525346917973224, 0.8237525346917973224, 1.000000000000000000) ) ) 
 REPRESENTATION_ITEM ( '' )  SURFACE ( )  );
#2859 = CARTESIAN_POINT ( 'NONE',  ( 2.499999999999775291, 78.19200113037172173, 49.93746088859573007 ) ) ;
#2860 = CARTESIAN_POINT ( 'NONE',  ( 137.5071426749361763, 74.99999999999985789, 0.000000000000000000 ) ) ;
#2861 = CARTESIAN_POINT ( 'NONE',  ( 137.5071426749361478, 106.4294357334344738, 38.81462694712005401 ) ) ;
#2862 = CARTESIAN_POINT ( 'NONE',  ( 38.30744002835031381, 107.0455866223965558, -142.5071426749364321 ) ) ;
#2863 = ORIENTED_EDGE ( 'NONE', *, *, #2109, .F. ) ;
#2864 = VECTOR ( 'NONE', #1932, 1000.000000000000000 ) ;
#2865 = CIRCLE ( 'NONE', #1035, 50.00000000000026290 ) ;
#2866 = DIRECTION ( 'NONE',  ( 0.000000000000000000, 1.000000000000000000, 0.000000000000000000 ) ) ;
#2867 = CARTESIAN_POINT ( 'NONE',  ( 137.5071426749361478, 89.78199444411987429, -92.30106456623877875 ) ) ;
#2868 = DIRECTION ( 'NONE',  ( 1.000000000000000000, 3.330669073875451477E-15, 0.000000000000000000 ) ) ;
#2869 = AXIS2_PLACEMENT_3D ( 'NONE', #1645, #2654, #1186 ) ;
#2870 = EDGE_CURVE ( 'NONE', #645, #881, #2452, .T. ) ;
#2871 = CARTESIAN_POINT ( 'NONE',  ( 187.4721516521395017, 90.53893995811500872, 2.500000000000000444 ) ) ;
#2872 = ADVANCED_FACE ( 'NONE', ( #3013 ), #3195, .T. ) ;
#2873 = CARTESIAN_POINT ( 'NONE',  ( 0.000000000000000000, 0.000000000000000000, 0.000000000000000000 ) ) ;
#2874 = B_SPLINE_CURVE_WITH_KNOTS ( 'NONE', 3,
 ( #661, #3163, #410, #1648, #1663, #1917, #1901, #2183, #940, #1871, #1418, #888, #3145, #2926, #2412, #395, #2691, #2641, #426, #2944, #1435, #1154, #1400, #2395, #871, #166, #1172, #2907, #1934, #697, #2165, #2132, #3130, #923 ),
 .UNSPECIFIED., .F., .F.,
 ( 4, 2, 2, 2, 2, 2, 2, 2, 2, 2, 2, 2, 2, 2, 2, 2, 4 ),
 ( 7.885959240060925792E-17, 0.004771606103980980361, 0.009543212207961880925, 0.01908642441592368899, 0.02385803051990459389, 0.02862963662388550226, 0.03817284883184729471, 0.04055865188383774717, 0.04294445493582819962, 0.04771606103980905594, 0.05248766714378990533, 0.05487347019578033697, 0.05725927324777076860, 0.06680248545573250207, 0.07157409155971337922, 0.07395989461170383861, 0.07634569766369429800 ),
 .UNSPECIFIED. ) ;
#2875 = CARTESIAN_POINT ( 'NONE',  ( 91.17845905993924305, 74.99999999999964473, 29.44651009771337868 ) ) ;
#2876 = VERTEX_POINT ( 'NONE', #47 ) ;
#2877 = EDGE_CURVE ( 'NONE', #2236, #141, #983, .T. ) ;
#2878 = LINE ( 'NONE', #1652, #1970 ) ;
#2879 = CARTESIAN_POINT ( 'NONE',  ( 137.5071426749360910, 99.26337362625562832, -43.67538922819365155 ) ) ;
#2880 = CARTESIAN_POINT ( 'NONE',  ( -15.01081427873790375, 122.7333982440217142, -2.500000000000002220 ) ) ;
#2881 = B_SPLINE_CURVE_WITH_KNOTS ( 'NONE', 3,
 ( #862, #2367, #1127, #1878, #879, #2880, #499, #1938, #2681, #944, #2950, #702, #1744, #2745, #227, #1702, #2206, #685, #3186, #962, #2697, #482, #3222, #449, #1259, #433, #1998, #1195, #3239, #8, #2238, #2982, #1490, #1955 ),
 .UNSPECIFIED., .F., .F.,
 ( 4, 2, 2, 2, 2, 2, 2, 2, 2, 2, 2, 2, 2, 2, 2, 2, 4 ),
 ( 7.885959240060925792E-17, 0.004771606103980972555, 0.009543212207961865312, 0.01908642441592365777, 0.02385803051990455573, 0.02862963662388546063, 0.03817284883184726002, 0.04055865188383771247, 0.04294445493582817186, 0.04771606103980902819, 0.05248766714378989146, 0.05487347019578031615, 0.05725927324777074778, 0.06680248545573248820, 0.07157409155971336534, 0.07395989461170383861, 0.07634569766369429800 ),
 .UNSPECIFIED. ) ;
#2882 = CARTESIAN_POINT ( 'NONE',  ( 38.81462694711988348, 106.4294357334344170, -142.5071426749363752 ) ) ;
#2883 = ORIENTED_EDGE ( 'NONE', *, *, #2717, .F. ) ;
#2884 = CARTESIAN_POINT ( 'NONE',  ( 137.5071426749360626, 118.9668005728631499, -163.7385221242294904 ) ) ;
#2885 = CARTESIAN_POINT ( 'NONE',  ( 137.5071426749360342, 124.8748433581500166, -137.5071426749364036 ) ) ;
#2886 = CARTESIAN_POINT ( 'NONE',  ( 90.04956511303852551, 74.99999999999963052, -2.059233873801789461 ) ) ;
#2887 = PLANE ( 'NONE',  #3146 ) ;
#2888 = ORIENTED_EDGE ( 'NONE', *, *, #954, .T. ) ;
#2889 = CARTESIAN_POINT ( 'NONE',  ( 177.2771488732953173, 108.2464467495921241, 2.500000000000001332 ) ) ;
#2890 = CARTESIAN_POINT ( 'NONE',  ( 25.75542838702290283, 117.7906337582923868, 2.500000000000000888 ) ) ;
#2891 = PLANE ( 'NONE',  #77 ) ;
#2892 = ORIENTED_EDGE ( 'NONE', *, *, #2552, .T. ) ;
#2893 = EDGE_CURVE ( 'NONE', #154, #359, #1439, .T. ) ;
#2894 = CARTESIAN_POINT ( 'NONE',  ( -2.500000000000215383, 74.99999999999985789, -140.0071426749364036 ) ) ;
#2895 = CARTESIAN_POINT ( 'NONE',  ( 137.5071426749360910, 94.99269237210887695, -45.76762541531937245 ) ) ;
#2896 = CARTESIAN_POINT ( 'NONE',  ( 137.5071426749361763, 75.00000000000034106, 49.93746088859568744 ) ) ;
#2897 = CARTESIAN_POINT ( 'NONE',  ( 5.677633454317493111, 124.6391309656182074, -142.5071426749363752 ) ) ;
#2898 = ORIENTED_EDGE ( 'NONE', *, *, #1135, .T. ) ;
#2899 = CARTESIAN_POINT ( 'NONE',  ( 137.5071426749360910, 116.5184527502978398, -167.7999627196894892 ) ) ;
#2900 = CARTESIAN_POINT ( 'NONE',  ( -2.500000000000386358, 124.8748433581500166, -137.5071426749364036 ) ) ;
#2901 = VECTOR ( 'NONE', #741, 1000.000000000000000 ) ;
#2902 = CARTESIAN_POINT ( 'NONE',  ( 91.17845905993914357, 74.99999999999963052, -29.44651009771339645 ) ) ;
#2903 = DIRECTION ( 'NONE',  ( 0.000000000000000000, 1.000000000000000000, 0.000000000000000000 ) ) ;
#2904 = VECTOR ( 'NONE', #1157, 1000.000000000000000 ) ;
#2905 = ORIENTED_EDGE ( 'NONE', *, *, #234, .T. ) ;
#2906 = FACE_OUTER_BOUND ( 'NONE', #1979, .T. ) ;
#2907 = CARTESIAN_POINT ( 'NONE',  ( -49.33048653668192429, 82.92036067641862473, -142.5071426749363468 ) ) ;
#2908 = B_SPLINE_CURVE_WITH_KNOTS ( 'NONE', 3,
 ( #283, #1287, #37, #2220, #973, #1965, #2978, #1583, #1806, #825, #587, #2099, #364, #2805, #858, #2031, #3040, #539, #3101, #569, #793, #1822, #1791, #2082, #1087, #2065, #2788, #117, #1307, #1856, #1619, #2560, #2593, #2298 ),
 .UNSPECIFIED., .F., .F.,
 ( 4, 2, 2, 2, 2, 2, 2, 2, 2, 2, 2, 2, 2, 2, 2, 2, 4 ),
 ( 0.000000000000000000, 0.009440086100412975120, 0.01416012915061944100, 0.01652015067572265572, 0.01888017220082587391, 0.02832025830123882995, 0.03304030135144529062, 0.03540032287654850535, 0.03776034440165171313, 0.04720043050206454427, 0.04956045202716776593, 0.05192047355227097372, 0.05664051660247743092, 0.06608060270289034532, 0.06844062422799357392, 0.07080064575309680253, 0.07552068880330325973 ),
 .UNSPECIFIED. ) ;
#2909 = CARTESIAN_POINT ( 'NONE',  ( 46.66677822977156609, 92.79299248140480927, 2.500000000000001332 ) ) ;
#2910 = DIRECTION ( 'NONE',  ( 2.029491997795871344E-45, -5.916456789157588541E-31, 1.000000000000000000 ) ) ;
#2911 = ORIENTED_EDGE ( 'NONE', *, *, #601, .F. ) ;
#2912 = CARTESIAN_POINT ( 'NONE',  ( 2.499999999999737543, 85.96864548476433754, 48.74336208377989266 ) ) ;
#2913 = CARTESIAN_POINT ( 'NONE',  ( 137.5071426749360910, 117.3748048879422754, -26.46948873493925802 ) ) ;
#2914 = DIRECTION ( 'NONE',  ( -1.000000000000000000, 0.000000000000000000, 0.000000000000000000 ) ) ;
#2915 = EDGE_CURVE ( 'NONE', #1062, #443, #1829, .T. ) ;
#2916 = CARTESIAN_POINT ( 'NONE',  ( -60.00000000000000000, 74.99999999999961631, 60.00000000000003553 ) ) ;
#2917 = ORIENTED_EDGE ( 'NONE', *, *, #2456, .F. ) ;
#2918 = EDGE_CURVE ( 'NONE', #687, #2782, #1077, .T. ) ;
#2919 = CARTESIAN_POINT ( 'NONE',  ( 137.5071426749361763, 76.59380932050531499, -189.9255208773113281 ) ) ;
#2920 = CARTESIAN_POINT ( 'NONE',  ( 137.5071426749360910, 124.7949433924336375, -135.9131433651648422 ) ) ;
#2921 = FACE_OUTER_BOUND ( 'NONE', #92, .T. ) ;
#2922 = DIRECTION ( 'NONE',  ( 1.000000000000000000, 3.330669073875451477E-15, 0.000000000000000000 ) ) ;
#2923 = AXIS2_PLACEMENT_3D ( 'NONE', #1125, #121, #1388 ) ;
#2924 = EDGE_LOOP ( 'NONE', ( #2244, #263, #111 ) ) ;
#2925 = CARTESIAN_POINT ( 'NONE',  ( -30.88159970837068968, 123.1839438782807434, -1.272928738745821242 ) ) ;
#2926 = CARTESIAN_POINT ( 'NONE',  ( -36.75087913375091375, 108.8194804147292558, -142.5071426749363752 ) ) ;
#2927 = CARTESIAN_POINT ( 'NONE',  ( 28.42960840029247649, 116.0625525579283561, 2.500000000000000888 ) ) ;
#2928 = ORIENTED_EDGE ( 'NONE', *, *, #109, .F. ) ;
#2929 = CARTESIAN_POINT ( 'NONE',  ( 92.45561172035293396, 90.57757234694324211, 2.499999999999975575 ) ) ;
#2930 = CARTESIAN_POINT ( 'NONE',  ( 90.04956511303856814, 74.99999999999963052, -137.9479088011346164 ) ) ;
#2931 = LINE ( 'NONE', #1860, #2551 ) ;
#2932 = CARTESIAN_POINT ( 'NONE',  ( 8.821827560899681231, 124.1585152715968263, -142.5071426749364036 ) ) ;
#2933 = ORIENTED_EDGE ( 'NONE', *, *, #2651, .T. ) ;
#2934 = CARTESIAN_POINT ( 'NONE',  ( 142.5071426749360057, 124.8748433581500450, -2.499999999999994227 ) ) ;
#2935 = CARTESIAN_POINT ( 'NONE',  ( -17.99035267988821118, 121.6920770745268783, -137.5071426749364321 ) ) ;
#2936 = DIRECTION ( 'NONE',  ( 3.430248998885766176E-15, -1.000000000000000000, -0.000000000000000000 ) ) ;
#2937 = CARTESIAN_POINT ( 'NONE',  ( 0.000000000000000000, 0.000000000000000000, 0.000000000000000000 ) ) ;
#2938 = EDGE_CURVE ( 'NONE', #709, #188, #1353, .T. ) ;
#2939 = EDGE_CURVE ( 'NONE', #183, #1190, #2931, .T. ) ;
#2940 = VERTEX_POINT ( 'NONE', #3120 ) ;
#2941 = AXIS2_PLACEMENT_3D ( 'NONE', #1640, #2239, #1505 ) ;
#2942 = CARTESIAN_POINT ( 'NONE',  ( 158.0080563867898320, 121.6865660148364015, -2.500000000000004885 ) ) ;
#2943 = ORIENTED_EDGE ( 'NONE', *, *, #1792, .T. ) ;
#2944 = CARTESIAN_POINT ( 'NONE',  ( -42.88867731750040946, 100.6277756140709982, -142.5071426749363468 ) ) ;
#2945 = CARTESIAN_POINT ( 'NONE',  ( 18.00091371185352784, 121.6865660148363162, 2.500000000000001332 ) ) ;
#2946 = ORIENTED_EDGE ( 'NONE', *, *, #1848, .T. ) ;
#2947 = AXIS2_PLACEMENT_3D ( 'NONE', #1741, #465, #2962 ) ;
#2948 = CARTESIAN_POINT ( 'NONE',  ( 137.5071426749360342, 124.8748433581500166, 2.500000000000000444 ) ) ;
#2949 = AXIS2_PLACEMENT_3D ( 'NONE', #3083, #2091, #1558 ) ;
#2950 = CARTESIAN_POINT ( 'NONE',  ( -27.79282004475364332, 116.5184527502976408, -2.499999999999999556 ) ) ;
#2951 = CARTESIAN_POINT ( 'NONE',  ( 25.00000000000000000, -20.00000000000000000, 0.000000000000000000 ) ) ;
#2952 = EDGE_LOOP ( 'NONE', ( #1461, #1961, #2917 ) ) ;
#2953 = CARTESIAN_POINT ( 'NONE',  ( 170.8887423833062655, 123.1839438782809566, -1.272928738745876309 ) ) ;
#2954 = CARTESIAN_POINT ( 'NONE',  ( -38.82268957556249944, 106.4192685746610323, -137.5071426749364321 ) ) ;
#2955 = DIRECTION ( 'NONE',  ( -1.000000000000000000, 0.000000000000000000, 0.000000000000000000 ) ) ;
#2956 = CARTESIAN_POINT ( 'NONE',  ( 2.499999999999672262, 108.8194804147293553, -36.75087913375050874 ) ) ;
#2957 = VERTEX_POINT ( 'NONE', #2631 ) ;
#2958 = CARTESIAN_POINT ( 'NONE',  ( 142.5071426749360910, 104.5482280533886836, -99.71829805052931306 ) ) ;
#2959 = ORIENTED_EDGE ( 'NONE', *, *, #2434, .T. ) ;
#2960 = EDGE_CURVE ( 'NONE', #2957, #413, #631, .T. ) ;
#2961 = EDGE_CURVE ( 'NONE', #1349, #2842, #3191, .T. ) ;
#2962 = DIRECTION ( 'NONE',  ( 1.000000000000000000, 3.330669073875452266E-15, 0.000000000000000000 ) ) ;
#2963 = ORIENTED_EDGE ( 'NONE', *, *, #506, .F. ) ;
#2964 = CARTESIAN_POINT ( 'NONE',  ( 124.9963283961986349, 122.7333982440217568, 2.499999999999994671 ) ) ;
#2965 = CARTESIAN_POINT ( 'NONE',  ( 142.5071426749360626, 111.6934866489468732, 34.01924272470474619 ) ) ;
#2966 = CARTESIAN_POINT ( 'NONE',  ( 49.93746088859545296, 74.99999999999998579, -137.5071426749364036 ) ) ;
#2967 = EDGE_LOOP ( 'NONE', ( #18, #1282, #2537 ) ) ;
#2968 = CARTESIAN_POINT ( 'NONE',  ( 189.9446035635318424, 78.19200113037184963, -142.5071426749364036 ) ) ;
#2969 = CARTESIAN_POINT ( 'NONE',  ( 101.1844530993741245, 106.4192685746612881, -142.5071426749364605 ) ) ;
#2970 = CARTESIAN_POINT ( 'NONE',  ( 110.5606325772226342, 102.8744685292334680, -48.82868361499713927 ) ) ;
#2971 = CARTESIAN_POINT ( 'NONE',  ( 2.499999999999785061, 76.59380932050484603, -49.91837820237493872 ) ) ;
#2972 = ORIENTED_EDGE ( 'NONE', *, *, #368, .T. ) ;
#2973 = FACE_OUTER_BOUND ( 'NONE', #920, .T. ) ;
#2974 = CARTESIAN_POINT ( 'NONE',  ( 48.82868361499670584, 102.8744685292337522, 29.44651009771339290 ) ) ;
#2975 = VECTOR ( 'NONE', #1224, 1000.000000000000000 ) ;
#2976 = CARTESIAN_POINT ( 'NONE',  ( 158.2096933594516770, 123.1839438782809282, -170.1909092880531489 ) ) ;
#2977 = AXIS2_PLACEMENT_3D ( 'NONE', #2209, #471, #980 ) ;
#2978 = CARTESIAN_POINT ( 'NONE',  ( 47.46500897720320467, 90.53893995811456819, -2.500000000000003553 ) ) ;
#2979 = VERTEX_POINT ( 'NONE', #2419 ) ;
#2980 = EDGE_CURVE ( 'NONE', #2484, #2385, #372, .T. ) ;
#2981 = CARTESIAN_POINT ( 'NONE',  ( 116.2757632256428195, 118.9668005728630078, 2.499999999999996447 ) ) ;
#2982 = CARTESIAN_POINT ( 'NONE',  ( -49.91837820237520162, 76.59380932050474655, -2.500000000000003553 ) ) ;
#2983 = CARTESIAN_POINT ( 'NONE',  ( 140.0071426749364036, 74.99999999999987210, -2.499999999999999556 ) ) ;
#2984 = CARTESIAN_POINT ( 'NONE',  ( 148.8289702358359818, 124.1585152715968974, -142.5071426749364321 ) ) ;
#2985 = CARTESIAN_POINT ( 'NONE',  ( -49.55681567230389106, 81.35617519959016875, -137.5071426749364321 ) ) ;
#2986 = CARTESIAN_POINT ( 'NONE',  ( 121.8045919904202350, 123.1839438782808003, -30.18376661311680209 ) ) ;
#2987 = VERTEX_POINT ( 'NONE', #123 ) ;
#2988 = DIRECTION ( 'NONE',  ( 1.000000000000000000, 3.430248998885766176E-15, 0.000000000000000000 ) ) ;
#2989 = CARTESIAN_POINT ( 'NONE',  ( 0.000000000000000000, -20.00000000000000000, 0.000000000000000000 ) ) ;
#2990 = CARTESIAN_POINT ( 'NONE',  ( -36.75087913375093507, 108.8194804147292132, 2.499999999999988898 ) ) ;
#2991 = ORIENTED_EDGE ( 'NONE', *, *, #366, .F. ) ;
#2992 = CARTESIAN_POINT ( 'NONE',  ( 115.1324567472704103, 74.99999999999982947, -2.499999999999999556 ) ) ;
#2993 = CARTESIAN_POINT ( 'NONE',  ( 142.5071426749360626, 89.78199444412031482, 47.70607810869748988 ) ) ;
#2994 = CARTESIAN_POINT ( 'NONE',  ( 47.70607810869729803, 89.78199444412001640, -137.5071426749364605 ) ) ;
#2995 = ORIENTED_EDGE ( 'NONE', *, *, #2980, .T. ) ;
#2996 = EDGE_CURVE ( 'NONE', #1527, #1811, #2156, .T. ) ;
#2997 = AXIS2_PLACEMENT_3D ( 'NONE', #361, #1866, #2868 ) ;
#2998 = VECTOR ( 'NONE', #2491, 1000.000000000000000 ) ;
#2999 = DIRECTION ( 'NONE',  ( -3.430248998885766176E-15, 1.000000000000000000, 0.000000000000000000 ) ) ;
#3000 = CARTESIAN_POINT ( 'NONE',  ( 90.06968178634048172, 75.00000000000018474, -142.5071426749364036 ) ) ;
#3001 = CARTESIAN_POINT ( 'NONE',  ( 142.5071426749359773, 113.7721276588419101, -171.6356610733911054 ) ) ;
#3002 = ORIENTED_EDGE ( 'NONE', *, *, #2915, .F. ) ;
#3003 = CARTESIAN_POINT ( 'NONE',  ( 142.5071426749361194, 108.8326382375256429, -103.2685285575678478 ) ) ;
#3004 = DIRECTION ( 'NONE',  ( 0.000000000000000000, 0.000000000000000000, 1.000000000000000000 ) ) ;
#3005 = CIRCLE ( 'NONE', #1440, 50.00000000000027001 ) ;
#3006 = DIRECTION ( 'NONE',  ( 0.000000000000000000, 0.000000000000000000, -1.000000000000000000 ) ) ;
#3007 = ORIENTED_EDGE ( 'NONE', *, *, #1534, .F. ) ;
#3008 = CARTESIAN_POINT ( 'NONE',  ( 2.499999999999671818, 106.4294357334342322, -101.1925157278161720 ) ) ;
#3009 = CARTESIAN_POINT ( 'NONE',  ( -2.500000000000307310, 104.5482280533884705, -99.71829805052915674 ) ) ;
#3010 = CARTESIAN_POINT ( 'NONE',  ( 43.75472240243755806, 99.27377170997040423, -137.5071426749364321 ) ) ;
#3011 = FACE_OUTER_BOUND ( 'NONE', #607, .T. ) ;
#3012 = CARTESIAN_POINT ( 'NONE',  ( 177.2771488732953458, 108.2464467495921383, -142.5071426749363752 ) ) ;
#3013 = FACE_OUTER_BOUND ( 'NONE', #2186, .T. ) ;
#3014 = CARTESIAN_POINT ( 'NONE',  ( 142.5071426749360057, 124.8748433581500450, -142.5071426749364036 ) ) ;
#3015 = EDGE_LOOP ( 'NONE', ( #3203, #496, #1183 ) ) ;
#3016 = ADVANCED_FACE ( 'NONE', ( #2663 ), #1181, .T. ) ;
#3017 = EDGE_LOOP ( 'NONE', ( #2077, #770, #3128 ) ) ;
#3018 = DIRECTION ( 'NONE',  ( 3.430248998885766176E-15, -1.000000000000000000, -0.000000000000000000 ) ) ;
#3019 = CARTESIAN_POINT ( 'NONE',  ( 185.2027946275877355, 96.47471520684155166, -137.5071426749364321 ) ) ;
#3020 = CARTESIAN_POINT ( 'NONE',  ( 90.06968178634048172, 75.00000000000018474, -142.5071426749364036 ) ) ;
#3021 = CARTESIAN_POINT ( 'NONE',  ( 1.272928738745420896, 123.1839438782808287, -170.8887423833066919 ) ) ;
#3022 = AXIS2_PLACEMENT_3D ( 'NONE', #2335, #2518, #1009 ) ;
#3023 = FACE_OUTER_BOUND ( 'NONE', #435, .T. ) ;
#3024 = CARTESIAN_POINT ( 'NONE',  ( -2.500000000000371259, 122.7289829659500526, -124.9799065035590075 ) ) ;
#3025 = CARTESIAN_POINT ( 'NONE',  ( -2.500000000000312195, 103.2747571694204112, -181.1988849539434625 ) ) ;
#3026 = ORIENTED_EDGE ( 'NONE', *, *, #268, .T. ) ;
#3027 = AXIS2_PLACEMENT_3D ( 'NONE', #2297, #2804, #2359 ) ;
#3028 = CARTESIAN_POINT ( 'NONE',  ( 137.9479088011342469, 102.8744685292337522, -189.9647202368341823 ) ) ;
#3029 = CARTESIAN_POINT ( 'NONE',  ( 96.33175344674239682, 99.26337362625548622, -137.5071426749364605 ) ) ;
#3030 = CARTESIAN_POINT ( 'NONE',  ( -2.572686749164319035E-13, 74.99999999999982947, 0.000000000000000000 ) ) ;
#3031 = CARTESIAN_POINT ( 'NONE',  ( 94.89979258499404580, 96.44085474756472820, -2.500000000000001332 ) ) ;
#3032 = ORIENTED_EDGE ( 'NONE', *, *, #2049, .F. ) ;
#3033 = ORIENTED_EDGE ( 'NONE', *, *, #1513, .T. ) ;
#3034 = PLANE ( 'NONE',  #725 ) ;
#3035 = EDGE_CURVE ( 'NONE', #2391, #1190, #108, .T. ) ;
#3036 =( BOUNDED_SURFACE ( )  B_SPLINE_SURFACE ( 3, 3, ( 
 ( #2723, #740, #1485, #492 ),
 ( #984, #1738, #1499, #1578 ),
 ( #1048, #535, #2043, #100 ),
 ( #566, #1545, #2325, #2832 ) ),
 .UNSPECIFIED., .F., .F., .F. ) 
 B_SPLINE_SURFACE_WITH_KNOTS ( ( 4, 4 ),
 ( 4, 4 ),
 ( 0.000000000000000000, 1.000000000000000000 ),
 ( 0.000000000000000000, 1.000000000000000000 ),
 .UNSPECIFIED. ) 
 GEOMETRIC_REPRESENTATION_ITEM ( )  RATIONAL_B_SPLINE_SURFACE ( (
 ( 1.000000000000000000, 0.8237525346917972113, 0.8237525346917972113, 1.000000000000000000),
 ( 0.8190699571006432311, 0.6747109532515565000, 0.6747109532515565000, 0.8190699571006432311),
 ( 0.8190699571006432311, 0.6747109532515565000, 0.6747109532515565000, 0.8190699571006432311),
 ( 1.000000000000000000, 0.8237525346917972113, 0.8237525346917972113, 1.000000000000000000) ) ) 
 REPRESENTATION_ITEM ( '' )  SURFACE ( )  );
#3037 = FACE_BOUND ( 'NONE', #2370, .T. ) ;
#3038 = EDGE_CURVE ( 'NONE', #2987, #1704, #2881, .T. ) ;
#3039 = CARTESIAN_POINT ( 'NONE',  ( -60.00000000000000000, -20.00000000000000000, 0.000000000000000000 ) ) ;
#3040 = CARTESIAN_POINT ( 'NONE',  ( 36.73861411736837113, 108.8326382375255577, -2.499999999999982236 ) ) ;
#3041 = CARTESIAN_POINT ( 'NONE',  ( 0.000000000000000000, -20.00000000000000000, 0.000000000000000000 ) ) ;
#3042 = CARTESIAN_POINT ( 'NONE',  ( -2.500000000000331291, 108.2464467495918115, -102.7371364765770210 ) ) ;
#3043 = CARTESIAN_POINT ( 'NONE',  ( 10.38491247047119082, 123.8522042307480859, -137.5071426749364036 ) ) ;
#3044 = ORIENTED_EDGE ( 'NONE', *, *, #2573, .F. ) ;
#3045 = DIRECTION ( 'NONE',  ( 3.430248998885766176E-15, -1.000000000000000000, -0.000000000000000000 ) ) ;
#3046 = DIRECTION ( 'NONE',  ( -1.000000000000000000, -3.430248998885766176E-15, 0.000000000000000000 ) ) ;
#3047 = CARTESIAN_POINT ( 'NONE',  ( 142.5071426749360057, 121.6920770745269778, -17.99035267988758591 ) ) ;
#3048 = CARTESIAN_POINT ( 'NONE',  ( 99.72562590855169162, 104.5573351570812406, -2.500000000000000888 ) ) ;
#3049 = ORIENTED_EDGE ( 'NONE', *, *, #1112, .T. ) ;
#3050 = CARTESIAN_POINT ( 'NONE',  ( -2.500000000000196732, 78.98169942736799953, -49.78482002936998896 ) ) ;
#3051 = AXIS2_PLACEMENT_3D ( 'NONE', #3064, #2581, #783 ) ;
#3052 = CARTESIAN_POINT ( 'NONE',  ( -2.059233873802051917, 74.99999999999980105, -189.9647202368340118 ) ) ;
#3053 = DIRECTION ( 'NONE',  ( 0.000000000000000000, 0.000000000000000000, 1.000000000000000000 ) ) ;
#3054 = DIRECTION ( 'NONE',  ( -0.000000000000000000, -1.000000000000000000, -0.000000000000000000 ) ) ;
#3055 = CARTESIAN_POINT ( 'NONE',  ( 2.499999999999638511, 119.7043890370415085, -162.3181447500321894 ) ) ;
#3056 = CARTESIAN_POINT ( 'NONE',  ( 1.261321860564300417E-12, 74.99999999999984368, 0.000000000000000000 ) ) ;
#3057 = ADVANCED_FACE ( 'NONE', ( #1443 ), #733, .T. ) ;
#3058 = CARTESIAN_POINT ( 'NONE',  ( 2.499999999999718447, 92.79299248140462453, -93.34036444516452491 ) ) ;
#3059 = LINE ( 'NONE', #1808, #2604 ) ;
#3060 = LINE ( 'NONE', #91, #538 ) ;
#3061 = ORIENTED_EDGE ( 'NONE', *, *, #932, .F. ) ;
#3062 = AXIS2_PLACEMENT_3D ( 'NONE', #135, #381, #1605 ) ;
#3063 = CARTESIAN_POINT ( 'NONE',  ( 109.8233760618193742, 123.1839438782809708, -158.2096933594520465 ) ) ;
#3064 = CARTESIAN_POINT ( 'NONE',  ( 0.000000000000000000, -20.00000000000000000, -140.0071426749364036 ) ) ;
#3065 = CARTESIAN_POINT ( 'NONE',  ( 170.1909092880526941, 123.1839438782809708, -121.8045919904207040 ) ) ;
#3066 = CARTESIAN_POINT ( 'NONE',  ( 116.2757632256426916, 118.9668005728629652, -2.499999999999991562 ) ) ;
#3067 = ORIENTED_EDGE ( 'NONE', *, *, #952, .T. ) ;
#3068 = CARTESIAN_POINT ( 'NONE',  ( -2.500000000000385025, 124.7950153186923217, -4.092564385417031048 ) ) ;
#3069 = DIRECTION ( 'NONE',  ( -1.000000000000000000, 0.000000000000000000, -0.000000000000000000 ) ) ;
#3070 = CARTESIAN_POINT ( 'NONE',  ( 49.93746088859545296, 75.00000000000002842, -142.5071426749364036 ) ) ;
#3071 = CARTESIAN_POINT ( 'NONE',  ( -18.20255068451616509, 123.1839438782808003, -109.8233760618196300 ) ) ;
#3072 = CARTESIAN_POINT ( 'NONE',  ( 2.499999999999706901, 96.44085474756495557, -185.1144927648784346 ) ) ;
#3073 = DIRECTION ( 'NONE',  ( 3.430248998885766176E-15, -1.000000000000000000, -0.000000000000000000 ) ) ;
#3074 = CARTESIAN_POINT ( 'NONE',  ( 2.499999999999785949, 74.99999999999981526, -90.06968178634069488 ) ) ;
#3075 = CARTESIAN_POINT ( 'NONE',  ( 142.5071426749360057, 124.8748433581500308, 2.500000000000000444 ) ) ;
#3076 = PRODUCT_DEFINITION_FORMATION_WITH_SPECIFIED_SOURCE ( 'ANY', '', #2167, .NOT_KNOWN. ) ;
#3077 = CARTESIAN_POINT ( 'NONE',  ( 31.64569768557985086, 113.7596893674160867, -137.5071426749364036 ) ) ;
#3078 = ADVANCED_FACE ( 'NONE', ( #2715 ), #1457, .F. ) ;
#3079 = ORIENTED_EDGE ( 'NONE', *, *, #870, .F. ) ;
#3080 = CARTESIAN_POINT ( 'NONE',  ( 139.8800255408490614, 124.9046433086420507, -143.0910391504091592 ) ) ;
#3081 = CARTESIAN_POINT ( 'NONE',  ( 90.08876447256122333, 76.59380932050466129, -137.5071426749364036 ) ) ;
#3082 = CARTESIAN_POINT ( 'NONE',  ( 142.5071426749359773, 124.6393548566891525, -5.675894053646698190 ) ) ;
#3083 = CARTESIAN_POINT ( 'NONE',  ( 0.000000000000000000, -20.00000000000000000, 0.000000000000000000 ) ) ;
#3084 = ORIENTED_EDGE ( 'NONE', *, *, #2411, .F. ) ;
#3085 = ORIENTED_EDGE ( 'NONE', *, *, #810, .F. ) ;
#3086 = FACE_OUTER_BOUND ( 'NONE', #2008, .T. ) ;
#3087 = FACE_BOUND ( 'NONE', #3017, .T. ) ;
#3088 = CARTESIAN_POINT ( 'NONE',  ( 2.499999999999716227, 97.15430560888177070, -184.7683085889143797 ) ) ;
#3089 = CARTESIAN_POINT ( 'NONE',  ( -2.572686749164319035E-13, 74.99999999999982947, -140.0071426749364036 ) ) ;
#3090 = CARTESIAN_POINT ( 'NONE',  ( -30.18376661311716447, 123.1839438782807576, -18.20255068451573877 ) ) ;
#3091 = CARTESIAN_POINT ( 'NONE',  ( -2.500000000000344169, 106.4192685746611744, -178.8298322504985265 ) ) ;
#3092 = DIRECTION ( 'NONE',  ( 0.000000000000000000, 0.000000000000000000, -1.000000000000000000 ) ) ;
#3093 = DIRECTION ( 'NONE',  ( 0.000000000000000000, 0.000000000000000000, 1.000000000000000000 ) ) ;
#3094 = CARTESIAN_POINT ( 'NONE',  ( 142.5071426749360342, 116.5184527502978682, -27.79282004475305001 ) ) ;
#3095 = EDGE_CURVE ( 'NONE', #1223, #2391, #849, .T. ) ;
#3096 = CARTESIAN_POINT ( 'NONE',  ( 142.5071426749361478, 75.79728191964656503, -189.9446035635321266 ) ) ;
#3097 = EDGE_LOOP ( 'NONE', ( #341, #1966, #2690 ) ) ;
#3098 = CARTESIAN_POINT ( 'NONE',  ( -2.500000000000259792, 90.57757234694304316, -47.55153095458331336 ) ) ;
#3099 = CARTESIAN_POINT ( 'NONE',  ( 1.272928738745424226, 123.1839438782808287, -30.88159970837027402 ) ) ;
#3100 = FACE_BOUND ( 'NONE', #1484, .T. ) ;
#3101 = CARTESIAN_POINT ( 'NONE',  ( 31.64569768557985086, 113.7596893674161009, -2.500000000000016431 ) ) ;
#3102 = FACE_OUTER_BOUND ( 'NONE', #2660, .T. ) ;
#3103 = PLANE ( 'NONE',  #2923 ) ;
#3104 = CARTESIAN_POINT ( 'NONE',  ( 142.5071426749361763, 75.00000000000035527, -49.93746088859568744 ) ) ;
#3105 = CARTESIAN_POINT ( 'NONE',  ( 137.5071426749360910, 96.47471520684145219, 45.19565195265163737 ) ) ;
#3106 = PLANE ( 'NONE',  #1840 ) ;
#3107 = ORIENTED_EDGE ( 'NONE', *, *, #1133, .F. ) ;
#3108 = CARTESIAN_POINT ( 'NONE',  ( -2.500000000000376144, 116.5184527502977687, -27.79282004475321699 ) ) ;
#3109 = CARTESIAN_POINT ( 'NONE',  ( -31.62851839845536617, 113.7721276588416970, -137.5071426749364605 ) ) ;
#3110 = CARTESIAN_POINT ( 'NONE',  ( 176.7457567923045474, 108.8326382375257708, -137.5071426749364036 ) ) ;
#3111 = CARTESIAN_POINT ( 'NONE',  ( 142.5071426749359205, 150.0000000000000000, -2.499999999999999556 ) ) ;
#3112 = ADVANCED_FACE ( 'NONE', ( #285 ), #1569, .T. ) ;
#3113 = B_SPLINE_CURVE_WITH_KNOTS ( 'NONE', 3,
 ( #1581, #807, #824, #2081, #2575, #537, #2313, #3055, #1339, #2328, #298, #86, #1084, #553, #2853, #1805, #586, #857, #2590, #1286, #840, #3088, #3072, #1837, #1304, #1352, #2344, #2836, #791, #1102, #1855, #2276, #315, #600 ),
 .UNSPECIFIED., .F., .F.,
 ( 4, 2, 2, 2, 2, 2, 2, 2, 2, 2, 2, 2, 2, 2, 2, 2, 4 ),
 ( 0.000000000000000000, 0.004771606103980886686, 0.009543212207961773372, 0.01908642441592346695, 0.02385803051990431634, 0.02862963662388515879, 0.03817284883184682287, 0.04055865188383722675, 0.04294445493582764450, 0.04771606103980854940, 0.05248766714378944737, 0.05487347019577992063, 0.05725927324777038696, 0.06680248545573233554, 0.07157409155971330983, 0.07395989461170383861, 0.07634569766369435351 ),
 .UNSPECIFIED. ) ;
#3114 = EDGE_CURVE ( 'NONE', #422, #1062, #1824, .T. ) ;
#3115 = LINE ( 'NONE', #151, #3159 ) ;
#3116 = CARTESIAN_POINT ( 'NONE',  ( 140.0071426749364036, 75.00000000000034106, -140.0071426749364036 ) ) ;
#3117 = ORIENTED_EDGE ( 'NONE', *, *, #2961, .T. ) ;
#3118 = CARTESIAN_POINT ( 'NONE',  ( 2.499999999999670042, 107.0455866223963994, 38.30744002835067619 ) ) ;
#3119 = DIRECTION ( 'NONE',  ( 0.000000000000000000, 0.000000000000000000, -1.000000000000000000 ) ) ;
#3120 = CARTESIAN_POINT ( 'NONE',  ( 140.0071426749364036, -20.00000000000000000, -115.0071426749364178 ) ) ;
#3121 = CARTESIAN_POINT ( 'NONE',  ( 28.42960840029247294, 116.0625525579283277, -142.5071426749363752 ) ) ;
#3122 = ORIENTED_EDGE ( 'NONE', *, *, #523, .F. ) ;
#3123 =( GEOMETRIC_REPRESENTATION_CONTEXT ( 3 ) GLOBAL_UNCERTAINTY_ASSIGNED_CONTEXT ( ( #1673 ) ) GLOBAL_UNIT_ASSIGNED_CONTEXT ( ( #2378, #906, #411 ) ) REPRESENTATION_CONTEXT ( 'NONE', 'WORKASPACE' ) );
#3124 = VECTOR ( 'NONE', #646, 1000.000000000000000 ) ;
#3125 = CARTESIAN_POINT ( 'NONE',  ( 137.5071426749360342, 121.6920770745270204, -157.9974953548239966 ) ) ;
#3126 = CARTESIAN_POINT ( 'NONE',  ( 137.5071426749360910, 111.6934866489466316, -105.9878999502315082 ) ) ;
#3127 = CARTESIAN_POINT ( 'NONE',  ( 24.99999999999999645, -20.00000000000000000, -140.0071426749364036 ) ) ;
#3128 = ORIENTED_EDGE ( 'NONE', *, *, #1029, .T. ) ;
#3129 = EDGE_CURVE ( 'NONE', #443, #43, #1759, .T. ) ;
#3130 = CARTESIAN_POINT ( 'NONE',  ( -49.93746088859596455, 75.79728191964640871, -142.5071426749363468 ) ) ;
#3131 = CARTESIAN_POINT ( 'NONE',  ( 47.70607810869731935, 89.78199444412004482, 2.499999999999944933 ) ) ;
#3132 = DIRECTION ( 'NONE',  ( -1.000000000000000000, -3.430248998885766176E-15, 0.000000000000000000 ) ) ;
#3133 = ORIENTED_EDGE ( 'NONE', *, *, #1135, .F. ) ;
#3134 = CARTESIAN_POINT ( 'NONE',  ( 2.499999999999705125, 96.47471520684104007, 45.19565195265177238 ) ) ;
#3135 = CARTESIAN_POINT ( 'NONE',  ( 137.5071426749360057, 124.1773798999932836, -8.824207050396505991 ) ) ;
#3136 = CARTESIAN_POINT ( 'NONE',  ( 137.5071426749360342, 122.7289829659500668, 15.02723617137735879 ) ) ;
#3137 = CARTESIAN_POINT ( 'NONE',  ( 37.27000619835907003, 108.2464467495919394, -142.5071426749364036 ) ) ;
#3138 = ORIENTED_EDGE ( 'NONE', *, *, #2024, .F. ) ;
#3139 = CARTESIAN_POINT ( 'NONE',  ( 137.5071426749361194, 111.7065120298390184, -174.0149643725383157 ) ) ;
#3140 = CARTESIAN_POINT ( 'NONE',  ( 137.5071426749360626, 117.7906337582922873, -114.2517142879130887 ) ) ;
#3141 = CARTESIAN_POINT ( 'NONE',  ( 0.000000000000000000, 0.000000000000000000, 0.000000000000000000 ) ) ;
#3142 = FACE_OUTER_BOUND ( 'NONE', #321, .T. ) ;
#3143 = ORIENTED_EDGE ( 'NONE', *, *, #2712, .T. ) ;
#3144 = CARTESIAN_POINT ( 'NONE',  ( 186.6739209047078987, 92.79299248140517875, -2.500000000000030198 ) ) ;
#3145 = CARTESIAN_POINT ( 'NONE',  ( -34.00782169760243789, 111.7065120298387342, -142.5071426749364605 ) ) ;
#3146 = AXIS2_PLACEMENT_3D ( 'NONE', #147, #1646, #2639 ) ;
#3147 = EDGE_CURVE ( 'NONE', #2794, #2847, #1039, .T. ) ;
#3148 = CARTESIAN_POINT ( 'NONE',  ( 34.01924272470455435, 111.6934866489467879, 2.500000000000000444 ) ) ;
#3149 = CARTESIAN_POINT ( 'NONE',  ( 91.17845905993904410, 102.8744685292333827, 29.44651009771343197 ) ) ;
#3150 = EDGE_LOOP ( 'NONE', ( #388, #1163, #451, #76, #1206, #2928, #1438, #2783 ) ) ;
#3151 = EDGE_CURVE ( 'NONE', #874, #1247, #1861, .T. ) ;
#3152 = CARTESIAN_POINT ( 'NONE',  ( 2.499999999999674039, 103.2567445005945785, 41.20426945856063128 ) ) ;
#3153 = CARTESIAN_POINT ( 'NONE',  ( 137.5071426749362331, 76.59380932050484603, -49.91837820237493162 ) ) ;
#3154 = CARTESIAN_POINT ( 'NONE',  ( 137.5071426749361194, 85.96864548476472123, 48.74336208377977187 ) ) ;
#3155 = CARTESIAN_POINT ( 'NONE',  ( 48.37322329338491045, 87.50161034606423982, -142.5071426749363468 ) ) ;
#3156 = EDGE_LOOP ( 'NONE', ( #2117, #1796, #3107, #3178 ) ) ;
#3157 = CARTESIAN_POINT ( 'NONE',  ( 137.5071426749361194, 96.44085474756523979, -185.1144927648782641 ) ) ;
#3158 = CARTESIAN_POINT ( 'NONE',  ( 137.5071426749361194, 103.2567445005945643, -98.80287321637580078 ) ) ;
#3159 = VECTOR ( 'NONE', #2429, 1000.000000000000000 ) ;
#3160 = LINE ( 'NONE', #377, #1872 ) ;
#3161 = EDGE_LOOP ( 'NONE', ( #1425, #1709, #1097, #2182, #2428, #964, #2324, #2140 ) ) ;
#3162 = DIRECTION ( 'NONE',  ( 3.430248998885766176E-15, -1.000000000000000000, -0.000000000000000000 ) ) ;
#3163 = CARTESIAN_POINT ( 'NONE',  ( -4.092564385417495565, 124.7950153186922932, -142.5071426749364321 ) ) ;
#3164 = CARTESIAN_POINT ( 'NONE',  ( -4.092564385417496453, 124.7950153186923075, 2.499999999999992895 ) ) ;
#3165 = ORIENTED_EDGE ( 'NONE', *, *, #2046, .T. ) ;
#3166 = CARTESIAN_POINT ( 'NONE',  ( 108.3786242764813181, 113.7721276588418675, 2.500000000000007550 ) ) ;
#3167 = CARTESIAN_POINT ( 'NONE',  ( 137.5071426749360626, 113.7721276588418249, -31.62851839845491497 ) ) ;
#3168 = CARTESIAN_POINT ( 'NONE',  ( 137.5071426749361194, 99.27377170997051792, 43.75472240243772148 ) ) ;
#3169 = ADVANCED_FACE ( 'NONE', ( #1055 ), #1309, .F. ) ;
#3170 = CARTESIAN_POINT ( 'NONE',  ( 90.16500987553597213, 78.18535845901578796, -2.500000000000003997 ) ) ;
#3171 = EDGE_LOOP ( 'NONE', ( #244, #763, #418, #892 ) ) ;
#3172 = DIRECTION ( 'NONE',  ( -1.000000000000000000, -3.430248998885766176E-15, 0.000000000000000000 ) ) ;
#3173 = DIRECTION ( 'NONE',  ( 0.000000000000000000, 1.000000000000000000, 0.000000000000000000 ) ) ;
#3174 = CARTESIAN_POINT ( 'NONE',  ( 140.0071426749364036, 0.000000000000000000, 0.000000000000000000 ) ) ;
#3175 = LINE ( 'NONE', #1660, #2678 ) ;
#3176 = AXIS2_PLACEMENT_3D ( 'NONE', #2437, #717, #1504 ) ;
#3177 = CIRCLE ( 'NONE', #458, 24.99999999999999645 ) ;
#3178 = ORIENTED_EDGE ( 'NONE', *, *, #1830, .T. ) ;
#3179 = CARTESIAN_POINT ( 'NONE',  ( -3.014209508371870072, 124.9046433086419938, -1.817742035085759378 ) ) ;
#3180 = ORIENTED_EDGE ( 'NONE', *, *, #2234, .F. ) ;
#3181 = CARTESIAN_POINT ( 'NONE',  ( 140.0071426749358920, 150.0000000000000000, -137.5071426749364036 ) ) ;
#3182 = VECTOR ( 'NONE', #1149, 1000.000000000000000 ) ;
#3183 = CARTESIAN_POINT ( 'NONE',  ( -31.62851839845535906, 113.7721276588416828, 2.499999999999995559 ) ) ;
#3184 = ORIENTED_EDGE ( 'NONE', *, *, #288, .F. ) ;
#3185 = CARTESIAN_POINT ( 'NONE',  ( 90.08876447256125175, 76.59380932050518709, 2.499999999999985345 ) ) ;
#3186 = CARTESIAN_POINT ( 'NONE',  ( -41.19174227900740703, 103.2747571694202406, -2.500000000000001332 ) ) ;
#3187 = CARTESIAN_POINT ( 'NONE',  ( 49.93746088859545296, 74.99999999999998579, -137.5071426749364036 ) ) ;
#3188 = EDGE_LOOP ( 'NONE', ( #1832, #1170, #682 ) ) ;
#3189 = EDGE_CURVE ( 'NONE', #1933, #1315, #3059, .T. ) ;
#3190 = CARTESIAN_POINT ( 'NONE',  ( 137.5071426749362047, 87.55818389890379194, -188.4422340645724887 ) ) ;
#3191 = B_SPLINE_CURVE_WITH_KNOTS ( 'NONE', 3,
 ( #2896, #1144, #385, #3154, #2648, #1390, #2121, #1893, #2617, #3105, #3168, #613, #2401, #2861, #139, #400, #913, #1639, #1362, #1625, #2138, #175, #895, #1654, #668, #1923, #3136, #1908, #1407, #157, #416, #1609, #1161, #2601 ),
 .UNSPECIFIED., .F., .F.,
 ( 4, 2, 2, 2, 2, 2, 2, 2, 2, 2, 2, 2, 2, 2, 2, 2, 4 ),
 ( 5.350152689265540011E-16, 0.009440086100413244002, 0.01416012915061961967, 0.01652015067572280838, 0.01888017220082599534, 0.02832025830123888546, 0.03304030135144533226, 0.03540032287654855392, 0.03776034440165177558, 0.04720043050206466917, 0.04956045202716790471, 0.05192047355227114025, 0.05664051660247757664, 0.06608060270289044247, 0.06844062422799365719, 0.07080064575309687191, 0.07552068880330328748 ),
 .UNSPECIFIED. ) ;
#3192 = CARTESIAN_POINT ( 'NONE',  ( 95.24597676095829968, 97.15430560888191280, -142.5071426749364321 ) ) ;
#3193 = DIRECTION ( 'NONE',  ( 3.430248998885766176E-15, -1.000000000000000000, -0.000000000000000000 ) ) ;
#3194 = CARTESIAN_POINT ( 'NONE',  ( 2.499999999999620748, 118.9668005728630931, -23.73137944929326437 ) ) ;
#3195 =( BOUNDED_SURFACE ( )  B_SPLINE_SURFACE ( 3, 3, ( 
 ( #2305, #2056, #2811, #1541 ),
 ( #2535, #576, #2582, #1060 ),
 ( #1573, #3065, #2780, #1556 ),
 ( #801, #2337, #2089, #2270 ) ),
 .UNSPECIFIED., .F., .F., .T. ) 
 B_SPLINE_SURFACE_WITH_KNOTS ( ( 4, 4 ),
 ( 4, 4 ),
 ( 0.000000000000000000, 1.000000000000000000 ),
 ( 0.000000000000000000, 1.000000000000000000 ),
 .UNSPECIFIED. ) 
 GEOMETRIC_REPRESENTATION_ITEM ( )  RATIONAL_B_SPLINE_SURFACE ( (
 ( 1.000000000000000000, 0.8237525346917973224, 0.8237525346917973224, 1.000000000000000000),
 ( 0.8190699571006431201, 0.6747109532515565000, 0.6747109532515565000, 0.8190699571006431201),
 ( 0.8190699571006431201, 0.6747109532515565000, 0.6747109532515565000, 0.8190699571006431201),
 ( 1.000000000000000000, 0.8237525346917973224, 0.8237525346917973224, 1.000000000000000000) ) ) 
 REPRESENTATION_ITEM ( '' )  SURFACE ( )  );
#3196 = EDGE_CURVE ( 'NONE', #33, #2584, #2642, .T. ) ;
#3197 = ORIENTED_EDGE ( 'NONE', *, *, #2790, .T. ) ;
#3198 = VECTOR ( 'NONE', #2225, 1000.000000000000000 ) ;
#3199 = CARTESIAN_POINT ( 'NONE',  ( -1.817742035086186148, 124.9046433086420222, -3.014209508371442414 ) ) ;
#3200 = ORIENTED_EDGE ( 'NONE', *, *, #3129, .T. ) ;
#3201 = CARTESIAN_POINT ( 'NONE',  ( 162.3000736046379302, 119.7130273605286135, 2.500000000000001776 ) ) ;
#3202 = CARTESIAN_POINT ( 'NONE',  ( 23.69532883266690249, 118.9863968387191591, 2.500000000000000888 ) ) ;
#3203 = ORIENTED_EDGE ( 'NONE', *, *, #789, .T. ) ;
#3204 = VECTOR ( 'NONE', #2088, 1000.000000000000000 ) ;
#3205 = CARTESIAN_POINT ( 'NONE',  ( -2.500000000000268230, 92.79299248140465295, 46.66677822977188583 ) ) ;
#3206 = CARTESIAN_POINT ( 'NONE',  ( 142.5071426749361194, 108.2464467495919962, 37.27000619835926187 ) ) ;
#3207 = LINE ( 'NONE', #2207, #2202 ) ;
#3208 = ORIENTED_EDGE ( 'NONE', *, *, #2312, .F. ) ;
#3209 = PLANE ( 'NONE',  #2449 ) ;
#3210 = CARTESIAN_POINT ( 'NONE',  ( 117.6961405998403620, 119.7043890370415511, -142.5071426749363752 ) ) ;
#3211 = LINE ( 'NONE', #2764, #168 ) ;
#3212 = CARTESIAN_POINT ( 'NONE',  ( 2.499999999999726441, 97.15430560888169964, -44.76116591397794053 ) ) ;
#3213 = CARTESIAN_POINT ( 'NONE',  ( 142.5071426749359489, 121.6865660148363730, -122.0062289630826058 ) ) ;
#3214 = ADVANCED_FACE ( 'NONE', ( #1357 ), #2100, .T. ) ;
#3215 = ORIENTED_EDGE ( 'NONE', *, *, #2283, .F. ) ;
#3216 = CARTESIAN_POINT ( 'NONE',  ( 145.6847761292538621, 124.6391309656181932, 2.500000000000000000 ) ) ;
#3217 = CARTESIAN_POINT ( 'NONE',  ( 0.1271171340864598598, 124.9046433086420080, -143.0910391504094150 ) ) ;
#3218 = EDGE_LOOP ( 'NONE', ( #259, #2144, #2892 ) ) ;
#3219 = B_SPLINE_CURVE_WITH_KNOTS ( 'NONE', 3,
 ( #1385, #1952, #2659, #2133, #134, #3131, #2694, #1903, #2909, #2150, #1401, #1649, #1137, #1453, #1633, #2396, #890, #3148, #2643, #2927, #959, #1887, #2890, #3202, #152, #2945, #643, #1935, #907, #445, #663, #1665, #187, #412 ),
 .UNSPECIFIED., .F., .F.,
 ( 4, 2, 2, 2, 2, 2, 2, 2, 2, 2, 2, 2, 2, 2, 2, 2, 4 ),
 ( 0.000000000000000000, 0.009440086100413049713, 0.01416012915061955375, 0.01652015067572279103, 0.01888017220082602657, 0.02832025830123905547, 0.03304030135144556124, 0.03540032287654878290, 0.03776034440165201844, 0.04720043050206478713, 0.04956045202716798798, 0.05192047355227118188, 0.05664051660247758357, 0.06608060270289042859, 0.06844062422799362944, 0.07080064575309683028, 0.07552068880330324585 ),
 .UNSPECIFIED. ) ;
#3220 = CARTESIAN_POINT ( 'NONE',  ( 122.0167899950483132, 121.6920770745269067, 2.500000000000000000 ) ) ;
#3221 = DIRECTION ( 'NONE',  ( 0.000000000000000000, 1.000000000000000000, 0.000000000000000000 ) ) ;
#3222 = CARTESIAN_POINT ( 'NONE',  ( -45.10735008994238626, 96.44085474756472820, -2.500000000000002665 ) ) ;
#3223 = LINE ( 'NONE', #2983, #369 ) ;
#3224 = VERTEX_POINT ( 'NONE', #1664 ) ;
#3225 = EDGE_CURVE ( 'NONE', #2655, #887, #590, .T. ) ;
#3226 = CARTESIAN_POINT ( 'NONE',  ( 150.3920551454074825, 123.8522042307480859, -142.5071426749363752 ) ) ;
#3227 = CARTESIAN_POINT ( 'NONE',  ( 94.23951725961683223, 94.99269237210909012, -142.5071426749364036 ) ) ;
#3228 = CARTESIAN_POINT ( 'NONE',  ( 90.04956511303832656, 102.8744685292333969, -2.059233873801793901 ) ) ;
#3229 = ORIENTED_EDGE ( 'NONE', *, *, #1176, .T. ) ;
#3230 = LINE ( 'NONE', #1726, #1765 ) ;
#3231 = CARTESIAN_POINT ( 'NONE',  ( 180.2959872993431247, 104.5482280533887973, -137.5071426749364321 ) ) ;
#3232 = CARTESIAN_POINT ( 'NONE',  ( 165.7625710619590791, 117.7906337582924579, 2.499999999999999556 ) ) ;
#3233 = AXIS2_PLACEMENT_3D ( 'NONE', #3041, #2278, #826 ) ;
#3234 = CARTESIAN_POINT ( 'NONE',  ( 170.1909092880526941, 123.1839438782809708, -158.2096933594521602 ) ) ;
#3235 = ADVANCED_FACE ( 'NONE', ( #872 ), #642, .F. ) ;
#3236 = CARTESIAN_POINT ( 'NONE',  ( -49.78482002937025186, 78.98169942736778637, 2.500000000000011102 ) ) ;
#3237 = EDGE_LOOP ( 'NONE', ( #484, #1146, #615 ) ) ;
#3238 = CARTESIAN_POINT ( 'NONE',  ( 94.23951725961681802, 94.99269237210903327, 2.500000000000006217 ) ) ;
#3239 = CARTESIAN_POINT ( 'NONE',  ( -49.55681567230388396, 81.35617519959016875, -2.499999999999992895 ) ) ;
#3240 = CARTESIAN_POINT ( 'NONE',  ( 48.74336208377959423, 85.96864548476449386, -137.5071426749364036 ) ) ;
#3241 = VERTEX_POINT ( 'NONE', #1873 ) ;
#3242 = DIRECTION ( 'NONE',  ( 1.000000000000000000, 3.430248998885766176E-15, 0.000000000000000000 ) ) ;
#3243 = CARTESIAN_POINT ( 'NONE',  ( 90.16500987553601476, 78.18535845901628534, -142.5071426749364321 ) ) ;
ENDSEC;
END-ISO-10303-21;
