ISO-10303-21;
HEADER;
FILE_DESCRIPTION (( 'STEP AP214' ),
    '1' );
FILE_NAME ('N604_structure.STEP',
    '2026-01-16T02:02:01',
    ( '' ),
    ( '' ),
    'SwSTEP 2.0',
    'SolidWorks 2024',
    '' );
FILE_SCHEMA (( 'AUTOMOTIVE_DESIGN' ));
ENDSEC;

DATA;
#1 = CARTESIAN_POINT ( 'NONE',  ( 45.19565195265147395, -68.78483689787999822, 2.499999999999411138 ) ) ;
#2 = CARTESIAN_POINT ( 'NONE',  ( 18.00091371185353140, -93.99668770587506117, -2.500000000000748734 ) ) ;
#3 = ORIENTED_EDGE ( 'NONE', *, *, #344, .F. ) ;
#4 = VECTOR ( 'NONE', #1226, 1000.000000000000000 ) ;
#5 = LINE ( 'NONE', #135, #928 ) ;
#6 = CARTESIAN_POINT ( 'NONE',  ( -49.33048653668192429, -55.23048236745735551, 2.499999999999515943 ) ) ;
#7 = CARTESIAN_POINT ( 'NONE',  ( -49.95757756189804155, -75.18459022027217031, 2.059233873801157078 ) ) ;
#8 = CARTESIAN_POINT ( 'NONE',  ( 2.499999999999613642, -97.18496504918881840, 2.499999999999231282 ) ) ;
#9 = CARTESIAN_POINT ( 'NONE',  ( 46.94473504588762580, -64.35645806280150794, -2.500000000000539568 ) ) ;
#10 = ORIENTED_EDGE ( 'NONE', *, *, #50, .T. ) ;
#11 = CARTESIAN_POINT ( 'NONE',  ( -2.500000000000332179, -75.56686619163301089, -41.20426945856125656 ) ) ;
#12 = AXIS2_PLACEMENT_3D ( 'NONE', #21, #1332, #249 ) ;
#13 = LINE ( 'NONE', #468, #445 ) ;
#14 = VECTOR ( 'NONE', #1372, 1000.000000000000000 ) ;
#15 = LINE ( 'NONE', #469, #1036 ) ;
#16 = CARTESIAN_POINT ( 'NONE',  ( 11.75274981885101866, 42.02257030251165304, -22.06631634913428641 ) ) ;
#17 = CARTESIAN_POINT ( 'NONE',  ( 4.093999309771139572, -97.10506508347236831, -2.500000000000767386 ) ) ;
#18 = VERTEX_POINT ( 'NONE', #711 ) ;
#19 = PRODUCT_RELATED_PRODUCT_CATEGORY ( 'part', '', ( #874 ) ) ;
#20 = LINE ( 'NONE', #242, #316 ) ;
#21 = CARTESIAN_POINT ( 'NONE',  ( 3.430248998885765781E-14, 37.68987830896124791, 1.734472140713453551E-13 ) ) ;
#22 = CARTESIAN_POINT ( 'NONE',  ( 11.17802233047726368, 42.96648232863527284, -22.36257499133382964 ) ) ;
#23 = CARTESIAN_POINT ( 'NONE',  ( -9.999999999999966249, 37.68987830896143976, -22.91287847477931550 ) ) ;
#24 = ORIENTED_EDGE ( 'NONE', *, *, #687, .F. ) ;
#25 = CARTESIAN_POINT ( 'NONE',  ( -2.500000000000330846, -80.55656844063028643, -37.27000619836008610 ) ) ;
#26 = APPLICATION_CONTEXT ( 'automotive_design' ) ;
#27 = LINE ( 'NONE', #460, #488 ) ;
#28 = CARTESIAN_POINT ( 'NONE',  ( 15.86053888644965681, 38.56518705310329409, -19.33742586661116292 ) ) ;
#29 = CARTESIAN_POINT ( 'NONE',  ( 18.20255068451532665, -95.49406556931946000, -30.18376661311747000 ) ) ;
#30 = EDGE_LOOP ( 'NONE', ( #309, #670, #444, #649 ) ) ;
#31 = DIRECTION ( 'NONE',  ( 1.000000000000000000, -3.430248998885766176E-15, -2.395330073438998468E-29 ) ) ;
#32 = CARTESIAN_POINT ( 'NONE',  ( -2.500000000000196287, -51.29182111840702163, 49.78482002936954132 ) ) ;
#33 = DIRECTION ( 'NONE',  ( 0.000000000000000000, 6.982962677686266711E-15, -1.000000000000000000 ) ) ;
#34 = VECTOR ( 'NONE', #893, 1000.000000000000000 ) ;
#35 = ADVANCED_FACE ( 'NONE', ( #185 ), #972, .T. ) ;
#36 = CARTESIAN_POINT ( 'NONE',  ( 14.20546664220674771, 39.53323602680787019, -20.57467106829678727 ) ) ;
#37 = CARTESIAN_POINT ( 'NONE',  ( 2.499999999999626965, -95.03910465698872656, -15.02723617137820433 ) ) ;
#38 = VERTEX_POINT ( 'NONE', #935 ) ;
#39 = CARTESIAN_POINT ( 'NONE',  ( 2.499999999999784617, -47.31012169103863840, -4.201046135319865075E-13 ) ) ;
#40 = CARTESIAN_POINT ( 'NONE',  ( -2.500000000000335287, -81.12960210576842712, 36.75087913374989057 ) ) ;
#41 = CARTESIAN_POINT ( 'NONE',  ( 20.00000000000003553, 37.68987830896128344, -15.00000000000026645 ) ) ;
#42 = CARTESIAN_POINT ( 'NONE',  ( 2.499999999999630962, -91.29651852975769089, -23.69532883266799317 ) ) ;
#43 = ORIENTED_EDGE ( 'NONE', *, *, #1118, .F. ) ;
#44 = FACE_OUTER_BOUND ( 'NONE', #1142, .T. ) ;
#45 = DIRECTION ( 'NONE',  ( 3.430248998885766176E-15, 1.000000000000000000, 6.982962677686266711E-15 ) ) ;
#46 = VECTOR ( 'NONE', #1245, 1000.000000000000000 ) ;
#47 = LINE ( 'NONE', #1059, #927 ) ;
#48 = LINE ( 'NONE', #1220, #136 ) ;
#49 = CARTESIAN_POINT ( 'NONE',  ( 1.817742035085331276, -97.21476499968080986, 3.014209508370671919 ) ) ;
#50 = EDGE_CURVE ( 'NONE', #278, #18, #1048, .T. ) ;
#51 = LINE ( 'NONE', #39, #1127 ) ;
#52 = DIRECTION ( 'NONE',  ( 0.000000000000000000, 6.982962677686266711E-15, -1.000000000000000000 ) ) ;
#53 = DIRECTION ( 'NONE',  ( 3.430248998885766176E-15, 1.000000000000000000, 6.982962677686266711E-15 ) ) ;
#54 = CARTESIAN_POINT ( 'NONE',  ( -31.62851839845535196, -86.08224934988041355, -2.500000000000686118 ) ) ;
#55 = AXIS2_PLACEMENT_3D ( 'NONE', #1360, #45, #175 ) ;
#56 = ORIENTED_EDGE ( 'NONE', *, *, #1147, .F. ) ;
#57 = AXIS2_PLACEMENT_3D ( 'NONE', #917, #1058, #159 ) ;
#58 = ORIENTED_EDGE ( 'NONE', *, *, #614, .T. ) ;
#59 = DIRECTION ( 'NONE',  ( 3.430248998885766176E-15, 1.000000000000000000, 6.982962677686266711E-15 ) ) ;
#60 = CARTESIAN_POINT ( 'NONE',  ( 10.00000000000034284, 127.6898783089610561, 22.91287847478028183 ) ) ;
#61 = CARTESIAN_POINT ( 'NONE',  ( -40.28151676638476886, -76.86745684811997137, -2.500000000000616396 ) ) ;
#62 = CARTESIAN_POINT ( 'NONE',  ( -2.572686749164321559E-13, -47.31012169103866682, -4.201046135319867095E-13 ) ) ;
#63 = ORIENTED_EDGE ( 'NONE', *, *, #1192, .F. ) ;
#64 = DIRECTION ( 'NONE',  ( -1.000000000000000000, -0.000000000000000000, 0.000000000000000000 ) ) ;
#65 = CARTESIAN_POINT ( 'NONE',  ( -13.13841407584971321, 40.38317116322266997, 21.27870237959162836 ) ) ;
#66 = CARTESIAN_POINT ( 'NONE',  ( 2.499999999999662492, -84.01663372087783443, 34.00782169760134366 ) ) ;
#67 = VECTOR ( 'NONE', #474, 1000.000000000000000 ) ;
#68 = DIRECTION ( 'NONE',  ( 1.000000000000000000, -3.330669073875434911E-15, -2.366582715663010753E-29 ) ) ;
#69 = ORIENTED_EDGE ( 'NONE', *, *, #556, .T. ) ;
#70 = CYLINDRICAL_SURFACE ( 'NONE', #1004, 9.999999999999998224 ) ;
#71 = CARTESIAN_POINT ( 'NONE',  ( -11.35838197093640467, 42.64429078814694662, 22.27187923204721542 ) ) ;
#72 = CARTESIAN_POINT ( 'NONE',  ( 1.878766435995738989E-43, 27.68987830896126567, -2.499999999999896971 ) ) ;
#73 = EDGE_CURVE ( 'NONE', #1234, #1400, #381, .T. ) ;
#74 = CARTESIAN_POINT ( 'NONE',  ( 2.059233873801459502, -75.18459022027268190, 49.95757756189708942 ) ) ;
#75 = CARTESIAN_POINT ( 'NONE',  ( -0.1271171340873161748, -97.21476499968073881, -3.083896475473771659 ) ) ;
#76 = AXIS2_PLACEMENT_3D ( 'NONE', #566, #573, #1239 ) ;
#77 = EDGE_LOOP ( 'NONE', ( #43, #1350, #617 ) ) ;
#78 = CIRCLE ( 'NONE', #1294, 25.00000000000026645 ) ;
#79 = CARTESIAN_POINT ( 'NONE',  ( 10.45757799522178999, 44.67595877352917455, 22.70811802772260179 ) ) ;
#80 = CARTESIAN_POINT ( 'NONE',  ( -44.76116591397831712, -69.46442729992031673, 2.499999999999415579 ) ) ;
#81 = CARTESIAN_POINT ( 'NONE',  ( -27.79282004475368595, -88.82857444133637159, -2.500000000000705214 ) ) ;
#82 = B_SPLINE_CURVE_WITH_KNOTS ( 'NONE', 3,
 ( #1311, #320, #351, #1025, #550, #138, #454, #1120, #230, #666, #559, #571, #1318, #40, #124, #1132, #657, #356, #785, #1104, #329, #1215, #903, #897, #891, #799, #144, #1019, #1326, #32, #1340, #1231, #118, #222 ),
 .UNSPECIFIED., .F., .F.,
 ( 4, 2, 2, 2, 2, 2, 2, 2, 2, 2, 2, 2, 2, 2, 2, 2, 4 ),
 ( 1.734723475976807094E-18, 0.004771606103980874543, 0.009543212207961745616, 0.01908642441592347389, 0.02385803051990432327, 0.02862963662388518654, 0.03817284883184689226, 0.04055865188383733083, 0.04294445493582778328, 0.04771606103980870206, 0.05248766714378961390, 0.05487347019578006635, 0.05725927324777051880, 0.06680248545573247432, 0.07157409155971342085, 0.07395989461170390800, 0.07634569766369439514 ),
 .UNSPECIFIED. ) ;
#83 = FACE_OUTER_BOUND ( 'NONE', #713, .T. ) ;
#84 = DIRECTION ( 'NONE',  ( 1.000000000000000000, -3.330669073875434123E-15, -2.366582715663010193E-29 ) ) ;
#85 = VERTEX_POINT ( 'NONE', #602 ) ;
#86 = DIRECTION ( 'NONE',  ( 0.000000000000000000, 6.982962677686266711E-15, -1.000000000000000000 ) ) ;
#87 = VERTEX_POINT ( 'NONE', #940 ) ;
#88 = LINE ( 'NONE', #968, #977 ) ;
#89 = CARTESIAN_POINT ( 'NONE',  ( 2.500000000000041744, 27.68987830896141134, -24.87468592766539288 ) ) ;
#90 = DIRECTION ( 'NONE',  ( 0.000000000000000000, 6.982962677686266711E-15, -1.000000000000000000 ) ) ;
#91 = CARTESIAN_POINT ( 'NONE',  ( 40.28884462440695557, -76.85834974442734335, -2.500000000000626166 ) ) ;
#92 = ORIENTED_EDGE ( 'NONE', *, *, #370, .T. ) ;
#93 = EDGE_CURVE ( 'NONE', #1392, #396, #692, .T. ) ;
#94 = EDGE_CURVE ( 'NONE', #199, #548, #498, .T. ) ;
#95 = CARTESIAN_POINT ( 'NONE',  ( 20.00000000000003553, 37.68987830896107738, 15.00000000000061284 ) ) ;
#96 = ORIENTED_EDGE ( 'NONE', *, *, #50, .F. ) ;
#97 = CARTESIAN_POINT ( 'NONE',  ( -25.00000000000023093, 37.68987830896133318, -8.948535897661695271E-14 ) ) ;
#98 = CARTESIAN_POINT ( 'NONE',  ( -29.44651009771374106, -75.18459022027255401, 48.82868361499647847 ) ) ;
#99 = CARTESIAN_POINT ( 'NONE',  ( -2.572686749164319035E-13, -47.31012169103858156, -4.201046135319861541E-13 ) ) ;
#100 = DIRECTION ( 'NONE',  ( -3.430248998885766176E-15, -1.000000000000000000, -6.982962677686266711E-15 ) ) ;
#101 = ORIENTED_EDGE ( 'NONE', *, *, #780, .T. ) ;
#102 = VECTOR ( 'NONE', #231, 1000.000000000000000 ) ;
#103 = CARTESIAN_POINT ( 'NONE',  ( -10.45757799522167275, 44.67595877352959377, -22.70811802772217192 ) ) ;
#104 = CARTESIAN_POINT ( 'NONE',  ( 4.412478072883800904E-28, -47.31012169103860998, -2.500000000000420552 ) ) ;
#105 = CARTESIAN_POINT ( 'NONE',  ( -49.91837820237519452, -48.90393101154339206, -2.500000000000418332 ) ) ;
#106 = CARTESIAN_POINT ( 'NONE',  ( 5.677633454317495776, -96.94925265665698078, 2.499999999999219291 ) ) ;
#107 = CARTESIAN_POINT ( 'NONE',  ( 10.00000000000034284, 127.6898783089610561, 22.91287847478028183 ) ) ;
#108 = EDGE_LOOP ( 'NONE', ( #1323, #967, #1073, #941 ) ) ;
#109 = FACE_OUTER_BOUND ( 'NONE', #260, .T. ) ;
#110 = DIRECTION ( 'NONE',  ( 3.430248998885766176E-15, 1.000000000000000000, 6.982962677686266711E-15 ) ) ;
#111 = DIRECTION ( 'NONE',  ( 3.430248998885766176E-15, 1.000000000000000000, 6.982962677686266711E-15 ) ) ;
#112 = ADVANCED_FACE ( 'NONE', ( #210 ), #1398, .F. ) ;
#113 = DIRECTION ( 'NONE',  ( 1.000000000000000000, -3.469446951953596045E-15, -2.366582715663023085E-29 ) ) ;
#114 = CARTESIAN_POINT ( 'NONE',  ( 2.499999999999705569, -68.78483689787951505, -45.19565195265236213 ) ) ;
#115 = VERTEX_POINT ( 'NONE', #960 ) ;
#116 = VECTOR ( 'NONE', #902, 1000.000000000000000 ) ;
#117 = CARTESIAN_POINT ( 'NONE',  ( -2.500000000000248246, -58.27876717580271304, -48.74336208378036162 ) ) ;
#118 = CARTESIAN_POINT ( 'NONE',  ( -2.500000000000205169, -48.10740361068563686, 49.93746088859526822 ) ) ;
#119 = CARTESIAN_POINT ( 'NONE',  ( 9.999999999999745981, 46.91967265896862926, -22.91287847477925155 ) ) ;
#120 = CARTESIAN_POINT ( 'NONE',  ( 2.499999999999687805, -71.58389340100866605, -43.75472240243847466 ) ) ;
#121 = EDGE_CURVE ( 'NONE', #38, #348, #1155, .T. ) ;
#122 = DIRECTION ( 'NONE',  ( -1.000000000000000000, 3.430248998885766176E-15, 2.395330073438998468E-29 ) ) ;
#123 = AXIS2_PLACEMENT_3D ( 'NONE', #857, #543, #1296 ) ;
#124 = CARTESIAN_POINT ( 'NONE',  ( -2.500000000000342393, -80.53931956790125923, 37.28536199862475087 ) ) ;
#125 = VECTOR ( 'NONE', #656, 1000.000000000000000 ) ;
#126 = CARTESIAN_POINT ( 'NONE',  ( 10.08781882418739961, 46.16579349460271686, -22.87512283139885128 ) ) ;
#127 = CARTESIAN_POINT ( 'NONE',  ( 2.499999999999640288, -89.68330003435083597, -26.43666868615949994 ) ) ;
#128 = ORIENTED_EDGE ( 'NONE', *, *, #361, .F. ) ;
#129 = EDGE_CURVE ( 'NONE', #1273, #830, #630, .T. ) ;
#130 = CARTESIAN_POINT ( 'NONE',  ( -2.500000000000378808, -93.99668770587491906, -18.00091371185465761 ) ) ;
#131 = DIRECTION ( 'NONE',  ( 3.469446951953614189E-15, 1.000000000000000000, 6.982962677686264344E-15 ) ) ;
#132 = CARTESIAN_POINT ( 'NONE',  ( 10.45272255270417361, 44.69110187679778079, -22.71035499989788775 ) ) ;
#133 = FACE_OUTER_BOUND ( 'NONE', #77, .T. ) ;
#134 = ORIENTED_EDGE ( 'NONE', *, *, #1276, .T. ) ;
#135 = CARTESIAN_POINT ( 'NONE',  ( -9.999999999999657163, 127.6898783089614398, -22.91287847477868311 ) ) ;
#136 = VECTOR ( 'NONE', #919, 1000.000000000000000 ) ;
#137 = EDGE_CURVE ( 'NONE', #739, #473, #194, .T. ) ;
#138 = CARTESIAN_POINT ( 'NONE',  ( -2.500000000000381917, -95.04351993506061547, 15.01081427873665675 ) ) ;
#139 = DIRECTION ( 'NONE',  ( 3.430248998885766176E-15, 1.000000000000000000, 6.982962677686266711E-15 ) ) ;
#140 = CARTESIAN_POINT ( 'NONE',  ( -2.500000000000215383, -47.31012169103883735, 24.87468592766534314 ) ) ;
#141 = LINE ( 'NONE', #155, #803 ) ;
#142 = ORIENTED_EDGE ( 'NONE', *, *, #669, .F. ) ;
#143 = CARTESIAN_POINT ( 'NONE',  ( -2.059233873802005732, -47.31012169103821208, -49.95757756189802024 ) ) ;
#144 = CARTESIAN_POINT ( 'NONE',  ( -2.500000000000274891, -59.86830558994244456, 48.43509138963563032 ) ) ;
#145 = EDGE_CURVE ( 'NONE', #1410, #632, #1189, .T. ) ;
#146 = CIRCLE ( 'NONE', #350, 25.00000000000026645 ) ;
#147 = VECTOR ( 'NONE', #1055, 1000.000000000000000 ) ;
#148 = CARTESIAN_POINT ( 'NONE',  ( 11.96765633125988160, 41.72236398316682227, -21.95089266265146932 ) ) ;
#149 = CARTESIAN_POINT ( 'NONE',  ( 3.014209508371012536, -97.21476499968075302, -1.817742035086526764 ) ) ;
#150 = B_SPLINE_CURVE_WITH_KNOTS ( 'NONE', 3,
 ( #1152, #945, #386, #1369, #184, #621, #953, #380, #400, #394, #81, #54, #821, #166, #601, #925, #1047, #61, #275, #718, #1054, #313, #330, #201, #993, #759, #306, #1077, #774, #750, #1287, #105, #409, #636 ),
 .UNSPECIFIED., .F., .F.,
 ( 4, 2, 2, 2, 2, 2, 2, 2, 2, 2, 2, 2, 2, 2, 2, 2, 4 ),
 ( 7.885959240060925792E-17, 0.004771606103980953473, 0.009543212207961827148, 0.01908642441592356756, 0.02385803051990444471, 0.02862963662388532532, 0.03817284883184707267, 0.04055865188383752512, 0.04294445493582797063, 0.04771606103980887553, 0.05248766714378978737, 0.05487347019578023982, 0.05725927324777069227, 0.06680248545573251595, 0.07157409155971343473, 0.07395989461170389412, 0.07634569766369435351 ),
 .UNSPECIFIED. ) ;
#151 = VERTEX_POINT ( 'NONE', #410 ) ;
#152 = CARTESIAN_POINT ( 'NONE',  ( -2.500000000000386358, -97.18496504918876155, -2.500000000000769163 ) ) ;
#153 = PLANE ( 'NONE',  #599 ) ;
#154 = FACE_OUTER_BOUND ( 'NONE', #1082, .T. ) ;
#155 = CARTESIAN_POINT ( 'NONE',  ( 24.87468592766563091, 27.68987830896114133, 2.500000000000103473 ) ) ;
#156 = EDGE_CURVE ( 'NONE', #191, #397, #744, .T. ) ;
#157 = ORIENTED_EDGE ( 'NONE', *, *, #145, .T. ) ;
#158 = CARTESIAN_POINT ( 'NONE',  ( -18.20255068451613667, -95.49406556931933210, -30.18376661311750908 ) ) ;
#159 = DIRECTION ( 'NONE',  ( 3.469446951953614189E-15, 1.000000000000000000, 6.982962677686264344E-15 ) ) ;
#160 = DIRECTION ( 'NONE',  ( 3.430248998885766176E-15, 1.000000000000000000, 6.982962677686266711E-15 ) ) ;
#161 = CARTESIAN_POINT ( 'NONE',  ( 2.499999999999715783, -75.58487886045945459, 41.19174227900642649 ) ) ;
#162 = CARTESIAN_POINT ( 'NONE',  ( 3.083896475472573950, -97.21476499968078144, 0.1271171340861214638 ) ) ;
#163 = EDGE_CURVE ( 'NONE', #197, #1213, #989, .T. ) ;
#164 = EDGE_LOOP ( 'NONE', ( #1378, #684, #368, #640, #1030 ) ) ;
#165 = FACE_BOUND ( 'NONE', #1255, .T. ) ;
#166 = CARTESIAN_POINT ( 'NONE',  ( -36.75087913375091375, -81.12960210576795816, -2.500000000000645262 ) ) ;
#167 = DIRECTION ( 'NONE',  ( -3.430248998885766570E-15, -1.000000000000000000, -6.982962677686266711E-15 ) ) ;
#168 = ORIENTED_EDGE ( 'NONE', *, *, #703, .F. ) ;
#169 = ADVANCED_FACE ( 'NONE', ( #83 ), #1312, .T. ) ;
#170 = CARTESIAN_POINT ( 'NONE',  ( 3.430248998885765781E-14, 37.68987830896124791, 1.734472140713453551E-13 ) ) ;
#171 = CARTESIAN_POINT ( 'NONE',  ( -10.70662779496194261, 43.97822102354649587, 22.59176297337956285 ) ) ;
#172 = DIRECTION ( 'NONE',  ( 1.000000000000000000, -3.430248998885766570E-15, -2.395330073438998748E-29 ) ) ;
#173 = ORIENTED_EDGE ( 'NONE', *, *, #93, .F. ) ;
#174 = VERTEX_POINT ( 'NONE', #331 ) ;
#175 = DIRECTION ( 'NONE',  ( 1.000000000000000000, -3.330669073875434123E-15, -2.366582715663010193E-29 ) ) ;
#176 = EDGE_CURVE ( 'NONE', #867, #1381, #225, .T. ) ;
#177 = CARTESIAN_POINT ( 'NONE',  ( 9.999999999999747757, 47.68987830896137581, -22.91287847477924089 ) ) ;
#178 = CARTESIAN_POINT ( 'NONE',  ( 2.499999999999625633, -89.68492657898121934, 26.46948873493851906 ) ) ;
#179 = VERTEX_POINT ( 'NONE', #140 ) ;
#180 = DIRECTION ( 'NONE',  ( -1.000000000000000000, 3.430248998885766176E-15, 2.395330073438998468E-29 ) ) ;
#181 = ORIENTED_EDGE ( 'NONE', *, *, #129, .F. ) ;
#182 = CARTESIAN_POINT ( 'NONE',  ( -12.64942839514294270, 40.87204103448655701, -21.56979733736455884 ) ) ;
#183 = CARTESIAN_POINT ( 'NONE',  ( -5.675894053647249748, -96.94947654772788326, 2.499999999999231726 ) ) ;
#184 = CARTESIAN_POINT ( 'NONE',  ( -10.39287060369247051, -96.17985878797016142, -2.500000000000758948 ) ) ;
#185 = FACE_OUTER_BOUND ( 'NONE', #1117, .T. ) ;
#186 = DIRECTION ( 'NONE',  ( 1.000000000000000000, -3.469446951953596045E-15, -2.415886522239336042E-29 ) ) ;
#187 = CIRCLE ( 'NONE', #1113, 15.00000000000000000 ) ;
#188 = ORIENTED_EDGE ( 'NONE', *, *, #387, .F. ) ;
#189 = CIRCLE ( 'NONE', #1178, 15.00000000000000000 ) ;
#190 = CARTESIAN_POINT ( 'NONE',  ( 15.03353059810914161, 39.00469302886906320, 19.97787803032794685 ) ) ;
#191 = VERTEX_POINT ( 'NONE', #1219 ) ;
#192 = CARTESIAN_POINT ( 'NONE',  ( 2.499999999999784617, -47.31012169103863840, -4.201046135319865075E-13 ) ) ;
#193 = CARTESIAN_POINT ( 'NONE',  ( -0.1271171340873155642, -97.21476499968078144, 3.083896475472234222 ) ) ;
#194 = LINE ( 'NONE', #646, #671 ) ;
#195 = CARTESIAN_POINT ( 'NONE',  ( 2.499999999999684697, -62.09211613515830663, -47.70607810869815779 ) ) ;
#196 = EDGE_CURVE ( 'NONE', #430, #609, #146, .T. ) ;
#197 = VERTEX_POINT ( 'NONE', #1348 ) ;
#198 = CARTESIAN_POINT ( 'NONE',  ( 17.51938513531463215, 37.98548711222342433, 17.85006891456167111 ) ) ;
#199 = VERTEX_POINT ( 'NONE', #463 ) ;
#200 = CARTESIAN_POINT ( 'NONE',  ( -4.092564385417496453, -97.10513700973108087, 2.499999999999224620 ) ) ;
#201 = CARTESIAN_POINT ( 'NONE',  ( -45.76762541531974193, -67.30281406314745141, -2.500000000000548450 ) ) ;
#202 = B_SPLINE_CURVE_WITH_KNOTS ( 'NONE', 3,
 ( #701, #709, #1388, #385, #373, #171, #393, #834, #71, #591, #826, #1265, #65, #268, #274, #724, #1159, #399, #816, #1271, #1258, #1164, #1140, #696 ),
 .UNSPECIFIED., .F., .F.,
 ( 4, 2, 2, 2, 2, 2, 2, 2, 2, 2, 2, 4 ),
 ( 0.000000000000000000, 0.002277627136900181679, 0.003416440705350273603, 0.004555254273800365961, 0.005694067842250457451, 0.006832881410700549808, 0.009110508547600747534, 0.01024932211605084249, 0.01138813568450093572, 0.01366576282140112390, 0.01594338995830130862, 0.01822101709520149507 ),
 .UNSPECIFIED. ) ;
#203 = CARTESIAN_POINT ( 'NONE',  ( 28.42960840029247294, -88.37267424896710111, 2.499999999999309441 ) ) ;
#204 = CARTESIAN_POINT ( 'NONE',  ( 8.821827560899681231, -96.46863696263557131, -2.500000000000770051 ) ) ;
#205 = ORIENTED_EDGE ( 'NONE', *, *, #754, .T. ) ;
#206 = CARTESIAN_POINT ( 'NONE',  ( -19.05668644110009780, 37.72138504514661861, -16.19909563521396123 ) ) ;
#207 = ORIENTED_EDGE ( 'NONE', *, *, #215, .F. ) ;
#208 = CARTESIAN_POINT ( 'NONE',  ( -49.93746088859595034, -48.10740361068516080, 2.499999999999571454 ) ) ;
#209 = CARTESIAN_POINT ( 'NONE',  ( -48.82868361499741638, -75.18459022027236927, 29.44651009771280314 ) ) ;
#210 = FACE_OUTER_BOUND ( 'NONE', #108, .T. ) ;
#211 = CARTESIAN_POINT ( 'NONE',  ( 38.30744002835032092, -79.35570831343525811, -2.500000000000643041 ) ) ;
#212 = ORIENTED_EDGE ( 'NONE', *, *, #622, .T. ) ;
#213 = AXIS2_PLACEMENT_3D ( 'NONE', #60, #281, #612 ) ;
#214 = CARTESIAN_POINT ( 'NONE',  ( -13.14329927628798345, 40.37875881586320048, -21.27564410828005137 ) ) ;
#215 = EDGE_CURVE ( 'NONE', #360, #1175, #1224, .T. ) ;
#216 = CARTESIAN_POINT ( 'NONE',  ( -19.99999999999996447, 37.68987830896121238, 15.00000000000061284 ) ) ;
#217 = DIRECTION ( 'NONE',  ( 3.430248998885766176E-15, 1.000000000000000000, 6.982962677686266711E-15 ) ) ;
#218 = CARTESIAN_POINT ( 'NONE',  ( -9.999999999999966249, 37.68987830896111291, 22.91287847477965300 ) ) ;
#219 = DIRECTION ( 'NONE',  ( 1.000000000000000000, -3.330669073875434911E-15, -2.366582715663010753E-29 ) ) ;
#220 = ORIENTED_EDGE ( 'NONE', *, *, #129, .T. ) ;
#221 = CARTESIAN_POINT ( 'NONE',  ( -2.500000000000216271, -47.31012169103821208, -49.93746088859612797 ) ) ;
#222 = CARTESIAN_POINT ( 'NONE',  ( -2.500000000000233591, -47.31012169103890130, 49.93746088859529664 ) ) ;
#223 = DIRECTION ( 'NONE',  ( 3.430248998885766176E-15, 1.000000000000000000, 6.982962677686266711E-15 ) ) ;
#224 = EDGE_CURVE ( 'NONE', #397, #278, #789, .T. ) ;
#225 = LINE ( 'NONE', #1069, #1363 ) ;
#226 = CARTESIAN_POINT ( 'NONE',  ( 10.38491247047119082, -96.16232592178684513, -2.500000000000768718 ) ) ;
#227 = ORIENTED_EDGE ( 'NONE', *, *, #1037, .T. ) ;
#228 = VECTOR ( 'NONE', #180, 1000.000000000000000 ) ;
#229 = CARTESIAN_POINT ( 'NONE',  ( -2.500000000000373035, -92.02314905156706004, -22.29293092970274870 ) ) ;
#230 = CARTESIAN_POINT ( 'NONE',  ( -2.500000000000360600, -91.27692226390196595, 23.73137944929254317 ) ) ;
#231 = DIRECTION ( 'NONE',  ( 1.000000000000000000, -3.430248998885766176E-15, -2.395330073438998468E-29 ) ) ;
#232 = CARTESIAN_POINT ( 'NONE',  ( 2.499999999999617195, -96.16232592178673144, -10.38491247047232413 ) ) ;
#233 = ORIENTED_EDGE ( 'NONE', *, *, #327, .T. ) ;
#234 = CARTESIAN_POINT ( 'NONE',  ( -2.500000000000322409, -84.00360833998514920, -34.01924272470556332 ) ) ;
#235 = AXIS2_PLACEMENT_3D ( 'NONE', #481, #280, #806 ) ;
#236 = CARTESIAN_POINT ( 'NONE',  ( 10.00000000000017231, 77.68987830896121238, 4.527657211787957963E-13 ) ) ;
#237 = AXIS2_PLACEMENT_3D ( 'NONE', #170, #59, #930 ) ;
#238 = CARTESIAN_POINT ( 'NONE',  ( 10.00000000000012079, 62.68987830896120528, 3.461843108147807684E-13 ) ) ;
#239 = CARTESIAN_POINT ( 'NONE',  ( 2.499999999999618527, -96.94925265665692393, -5.677633454318670836 ) ) ;
#240 = EDGE_LOOP ( 'NONE', ( #895, #728, #856, #212, #267 ) ) ;
#241 = EDGE_CURVE ( 'NONE', #936, #1275, #1128, .T. ) ;
#242 = CARTESIAN_POINT ( 'NONE',  ( 1.470826024294600376E-28, 27.68987830896126923, 2.500000000000103473 ) ) ;
#243 = DIRECTION ( 'NONE',  ( 3.430248998885766176E-15, 1.000000000000000000, 6.982962677686266711E-15 ) ) ;
#244 = CARTESIAN_POINT ( 'NONE',  ( 11.35838197093651125, 42.64429078814718110, -22.27187923204681042 ) ) ;
#245 = CARTESIAN_POINT ( 'NONE',  ( 2.499999999999624301, -95.98986996801056648, -11.16534080582941257 ) ) ;
#246 = ORIENTED_EDGE ( 'NONE', *, *, #1071, .T. ) ;
#247 = LINE ( 'NONE', #1125, #125 ) ;
#248 = AXIS2_PLACEMENT_3D ( 'NONE', #894, #769, #219 ) ;
#249 = DIRECTION ( 'NONE',  ( 1.000000000000000000, -3.430248998885766176E-15, -2.395330073438998468E-29 ) ) ;
#250 = CARTESIAN_POINT ( 'NONE',  ( -24.87468592766563091, 27.68987830896131541, 2.500000000000103473 ) ) ;
#251 = CARTESIAN_POINT ( 'NONE',  ( 2.499999999999784617, -47.31012169103885867, 24.87468592766533249 ) ) ;
#252 = DIRECTION ( 'NONE',  ( 3.430248998885766176E-15, 1.000000000000000000, 6.982962677686266711E-15 ) ) ;
#253 = ORIENTED_EDGE ( 'NONE', *, *, #1156, .T. ) ;
#254 = CARTESIAN_POINT ( 'NONE',  ( 0.000000000000000000, 27.68987830896124791, 1.036175872944826753E-13 ) ) ;
#255 = DIRECTION ( 'NONE',  ( 3.430248998885766176E-15, 1.000000000000000000, 6.982962677686266711E-15 ) ) ;
#256 = VECTOR ( 'NONE', #551, 1000.000000000000000 ) ;
#257 = EDGE_CURVE ( 'NONE', #1087, #191, #800, .T. ) ;
#258 = STYLED_ITEM ( 'NONE', ( #487 ), #732 ) ;
#259 = CARTESIAN_POINT ( 'NONE',  ( -2.572686749164321559E-13, -47.31012169103866682, -4.201046135319867095E-13 ) ) ;
#260 = EDGE_LOOP ( 'NONE', ( #92, #227, #1293, #1154 ) ) ;
#261 = CARTESIAN_POINT ( 'NONE',  ( -9.999999999999657163, 127.6898783089611129, 22.91287847478028183 ) ) ;
#262 = SURFACE_SIDE_STYLE ('',( #1252 ) ) ;
#263 = ADVANCED_FACE ( 'NONE', ( #449, #675 ), #560, .F. ) ;
#264 = CARTESIAN_POINT ( 'NONE',  ( -25.00000000000026645, 27.68987830896133318, -8.948535897661729350E-14 ) ) ;
#265 = CARTESIAN_POINT ( 'NONE',  ( 2.499999999999791278, -53.66629689062941821, 49.55681567230315920 ) ) ;
#266 = VERTEX_POINT ( 'NONE', #1020 ) ;
#267 = ORIENTED_EDGE ( 'NONE', *, *, #1260, .F. ) ;
#268 = CARTESIAN_POINT ( 'NONE',  ( -13.93383493758899050, 39.73255626491863524, 20.75929957341926624 ) ) ;
#269 = CARTESIAN_POINT ( 'NONE',  ( 2.499999999999700684, -79.33969541121264513, 38.32080659657515298 ) ) ;
#270 = ORIENTED_EDGE ( 'NONE', *, *, #996, .T. ) ;
#271 = EDGE_LOOP ( 'NONE', ( #333, #698, #521, #339, #962 ) ) ;
#272 = DIRECTION ( 'NONE',  ( 3.469446951953614189E-15, 1.000000000000000000, 6.982962677686264344E-15 ) ) ;
#273 = VERTEX_POINT ( 'NONE', #251 ) ;
#274 = CARTESIAN_POINT ( 'NONE',  ( -14.20546664220667132, 39.53323602680768545, 20.57467106829716741 ) ) ;
#275 = CARTESIAN_POINT ( 'NONE',  ( -41.19174227900741414, -75.58487886045894300, -2.500000000000606626 ) ) ;
#276 = AXIS2_PLACEMENT_3D ( 'NONE', #933, #717, #1151 ) ;
#277 = DIRECTION ( 'NONE',  ( 3.430248998885766176E-15, 1.000000000000000000, 6.982962677686266711E-15 ) ) ;
#278 = VERTEX_POINT ( 'NONE', #41 ) ;
#279 = ADVANCED_FACE ( 'NONE', ( #1225 ), #1027, .F. ) ;
#280 = DIRECTION ( 'NONE',  ( 1.000000000000000000, -3.430248998885766176E-15, -2.395330073438998468E-29 ) ) ;
#281 = DIRECTION ( 'NONE',  ( -1.000000000000000000, 3.430248998885766570E-15, 2.395330073438998748E-29 ) ) ;
#282 = CARTESIAN_POINT ( 'NONE',  ( 2.499999999999614975, -96.17985878797033195, 10.39287060369118443 ) ) ;
#283 = ORIENTED_EDGE ( 'NONE', *, *, #1090, .F. ) ;
#284 = CARTESIAN_POINT ( 'NONE',  ( -3.083896475473431487, -97.21476499968075302, -0.1271171340876596778 ) ) ;
#285 = ORIENTED_EDGE ( 'NONE', *, *, #1071, .F. ) ;
#286 = CARTESIAN_POINT ( 'NONE',  ( 14.75766441274081231, 39.16781278941334676, 20.18227221730264631 ) ) ;
#287 = CARTESIAN_POINT ( 'NONE',  ( -27.79282004475368240, -88.82857444133637159, 2.499999999999293898 ) ) ;
#288 = CARTESIAN_POINT ( 'NONE',  ( 2.499999999999798383, -48.10740361068565818, 49.93746088859528243 ) ) ;
#289 = AXIS2_PLACEMENT_3D ( 'NONE', #1034, #906, #484 ) ;
#290 = ORIENTED_EDGE ( 'NONE', *, *, #1118, .T. ) ;
#291 = CARTESIAN_POINT ( 'NONE',  ( 3.430248998885765781E-14, 37.68987830896124791, 1.734472140713453551E-13 ) ) ;
#292 = ORIENTED_EDGE ( 'NONE', *, *, #1100, .T. ) ;
#293 = CARTESIAN_POINT ( 'NONE',  ( -10.85647049756294535, 43.62369575003285860, -22.52043955241032691 ) ) ;
#294 = ORIENTED_EDGE ( 'NONE', *, *, #297, .F. ) ;
#295 = CARTESIAN_POINT ( 'NONE',  ( 4.412478072883800904E-28, -47.31012169103862419, -4.201046135319864066E-13 ) ) ;
#296 = FACE_OUTER_BOUND ( 'NONE', #302, .T. ) ;
#297 = EDGE_CURVE ( 'NONE', #266, #458, #366, .T. ) ;
#298 = ADVANCED_FACE ( 'NONE', ( #1328 ), #781, .F. ) ;
#299 = CARTESIAN_POINT ( 'NONE',  ( 47.46500897720321888, -62.84906164915334159, 2.499999999999475087 ) ) ;
#300 = CARTESIAN_POINT ( 'NONE',  ( 2.499999999999672706, -81.14275992856394737, -36.73861411736939431 ) ) ;
#301 = VECTOR ( 'NONE', #628, 1000.000000000000000 ) ;
#302 = EDGE_LOOP ( 'NONE', ( #706, #1041, #1344 ) ) ;
#303 = CARTESIAN_POINT ( 'NONE',  ( -11.36471361680204062, 42.63326689740551956, -22.26867111367996088 ) ) ;
#304 = ORIENTED_EDGE ( 'NONE', *, *, #1243, .F. ) ;
#305 = DIRECTION ( 'NONE',  ( -3.430248998885766176E-15, -1.000000000000000000, -6.982962677686266711E-15 ) ) ;
#306 = CARTESIAN_POINT ( 'NONE',  ( -48.43509138963642613, -59.86830558994190454, -2.500000000000516032 ) ) ;
#307 = CARTESIAN_POINT ( 'NONE',  ( 40.28884462440693426, -76.85834974442731493, 2.499999999999352962 ) ) ;
#308 = CARTESIAN_POINT ( 'NONE',  ( 2.500000000000041744, 27.68987830896125857, -2.499999999999896971 ) ) ;
#309 = ORIENTED_EDGE ( 'NONE', *, *, #829, .T. ) ;
#310 = CARTESIAN_POINT ( 'NONE',  ( 11.36471361680214542, 42.63326689740512876, 22.26867111368036944 ) ) ;
#311 = VERTEX_POINT ( 'NONE', #346 ) ;
#312 = DIRECTION ( 'NONE',  ( -1.000000000000000000, -0.000000000000000000, 0.000000000000000000 ) ) ;
#313 = CARTESIAN_POINT ( 'NONE',  ( -44.76116591397831002, -69.46442729992028831, -2.500000000000580869 ) ) ;
#314 = CARTESIAN_POINT ( 'NONE',  ( 15.02723617137708167, -95.03910465698886867, 2.499999999999259259 ) ) ;
#315 = CARTESIAN_POINT ( 'NONE',  ( 2.499999999999735767, -58.27876717580274857, -48.74336208378038293 ) ) ;
#316 = VECTOR ( 'NONE', #31, 1000.000000000000000 ) ;
#317 = VERTEX_POINT ( 'NONE', #1361 ) ;
#318 = ADVANCED_FACE ( 'NONE', ( #944 ), #924, .T. ) ;
#319 = CARTESIAN_POINT ( 'NONE',  ( -17.51938513531456110, 37.98548711222380092, -17.85006891456131584 ) ) ;
#320 = CARTESIAN_POINT ( 'NONE',  ( -2.500000000000385025, -97.10513700973109508, 4.092564385416263661 ) ) ;
#321 = LINE ( 'NONE', #766, #1354 ) ;
#322 = DIRECTION ( 'NONE',  ( 3.469446951953614189E-15, 1.000000000000000000, 6.982962677686264344E-15 ) ) ;
#323 = CARTESIAN_POINT ( 'NONE',  ( 2.499999999999774847, -50.50212282141013276, -49.93746088859615639 ) ) ;
#324 = ORIENTED_EDGE ( 'NONE', *, *, #93, .T. ) ;
#325 = AXIS2_PLACEMENT_3D ( 'NONE', #1015, #1002, #1246 ) ;
#326 = PRESENTATION_LAYER_ASSIGNMENT (  '', '', ( #258 ) ) ;
#327 = EDGE_CURVE ( 'NONE', #548, #655, #791, .T. ) ;
#328 = DIRECTION ( 'NONE',  ( -3.430248998885765387E-15, -1.000000000000000000, -6.982962677686266711E-15 ) ) ;
#329 = CARTESIAN_POINT ( 'NONE',  ( -2.500000000000277112, -71.57349531729467174, 43.67538922819304048 ) ) ;
#330 = CARTESIAN_POINT ( 'NONE',  ( -45.10735008994238626, -68.75097643860343055, -2.500000000000558220 ) ) ;
#331 = CARTESIAN_POINT ( 'NONE',  ( -9.999999999999930722, 47.68987830896145397, -22.91287847477924089 ) ) ;
#332 = CARTESIAN_POINT ( 'NONE',  ( 31.64569768557986507, -86.06981105845484592, -2.500000000000692779 ) ) ;
#333 = ORIENTED_EDGE ( 'NONE', *, *, #461, .T. ) ;
#334 = CARTESIAN_POINT ( 'NONE',  ( -2.500000000000361489, -91.29651852975770510, -23.69532883266801093 ) ) ;
#335 = FACE_OUTER_BOUND ( 'NONE', #1256, .T. ) ;
#336 = CARTESIAN_POINT ( 'NONE',  ( 2.500000000000041744, 27.68987830896121949, 2.500000000000103473 ) ) ;
#337 = CARTESIAN_POINT ( 'NONE',  ( 12.64297035140178593, 40.87862270408942322, -21.57362388879398907 ) ) ;
#338 = DIRECTION ( 'NONE',  ( 1.000000000000000000, -3.469446951953596045E-15, -2.366582715663023085E-29 ) ) ;
#339 = ORIENTED_EDGE ( 'NONE', *, *, #241, .F. ) ;
#340 = CIRCLE ( 'NONE', #524, 25.00000000000026645 ) ;
#341 = CARTESIAN_POINT ( 'NONE',  ( -2.500000000000280664, -68.78483689787952926, -45.19565195265237634 ) ) ;
#342 = FACE_OUTER_BOUND ( 'NONE', #777, .T. ) ;
#343 = PRODUCT_CONTEXT ( 'NONE', #26, 'mechanical' ) ;
#344 = EDGE_CURVE ( 'NONE', #1400, #504, #202, .T. ) ;
#345 = EDGE_CURVE ( 'NONE', #609, #783, #501, .T. ) ;
#346 = CARTESIAN_POINT ( 'NONE',  ( 24.87468592766550302, -47.31012169103873788, -2.500000000000420552 ) ) ;
#347 = CARTESIAN_POINT ( 'NONE',  ( 30.88159970836984769, -95.49406556931970158, -1.272928738746592403 ) ) ;
#348 = VERTEX_POINT ( 'NONE', #1253 ) ;
#349 = CARTESIAN_POINT ( 'NONE',  ( -2.500000000000390799, -96.16232592178670302, -10.38491247047234012 ) ) ;
#350 = AXIS2_PLACEMENT_3D ( 'NONE', #358, #689, #794 ) ;
#351 = CARTESIAN_POINT ( 'NONE',  ( -2.500000000000387690, -96.94947654772794010, 5.675894053645974324 ) ) ;
#352 = CARTESIAN_POINT ( 'NONE',  ( 16.42524151127989285, 38.33327197715958334, -18.86156530485201444 ) ) ;
#353 = CARTESIAN_POINT ( 'NONE',  ( 1.272928738745441324, -95.49406556931938894, -30.88159970837102009 ) ) ;
#354 = ORIENTED_EDGE ( 'NONE', *, *, #1367, .F. ) ;
#355 = DIRECTION ( 'NONE',  ( 3.430248998885766176E-15, 1.000000000000000000, 6.982962677686266711E-15 ) ) ;
#356 = CARTESIAN_POINT ( 'NONE',  ( -2.500000000000347722, -76.86745684812039769, 40.28151676638378120 ) ) ;
#357 =( NAMED_UNIT ( * ) PLANE_ANGLE_UNIT ( ) SI_UNIT ( $, .RADIAN. ) );
#358 = CARTESIAN_POINT ( 'NONE',  ( 0.000000000000000000, 27.68987830896124791, 1.036175872944826753E-13 ) ) ;
#359 = CYLINDRICAL_SURFACE ( 'NONE', #363, 9.999999999999998224 ) ;
#360 = VERTEX_POINT ( 'NONE', #264 ) ;
#361 = EDGE_CURVE ( 'NONE', #1269, #872, #1408, .T. ) ;
#362 = CARTESIAN_POINT ( 'NONE',  ( 0.000000000000000000, 27.68987830896124791, 1.036175872944826753E-13 ) ) ;
#363 = AXIS2_PLACEMENT_3D ( 'NONE', #1028, #842, #491 ) ;
#364 = DIRECTION ( 'NONE',  ( 1.000000000000000000, -3.469446951953577112E-15, -2.415886522239322870E-29 ) ) ;
#365 = DIRECTION ( 'NONE',  ( 1.000000000000000000, 0.000000000000000000, 0.000000000000000000 ) ) ;
#366 = LINE ( 'NONE', #238, #34 ) ;
#367 = CARTESIAN_POINT ( 'NONE',  ( 2.499999999999621636, -93.99668770587491906, -18.00091371185463984 ) ) ;
#368 = ORIENTED_EDGE ( 'NONE', *, *, #137, .F. ) ;
#369 = CARTESIAN_POINT ( 'NONE',  ( -49.95757756189785681, -47.31012169103838261, -2.059233873802222448 ) ) ;
#370 = EDGE_CURVE ( 'NONE', #1300, #197, #908, .T. ) ;
#371 = DIRECTION ( 'NONE',  ( 1.000000000000000000, -3.330669073875434123E-15, -2.366582715663010193E-29 ) ) ;
#372 = CLOSED_SHELL ( 'NONE', ( #112, #1013, #35, #860, #946, #659, #279, #572, #1200, #415, #169, #1285, #298, #1295, #318, #519, #1029, #963, #1072, #1181, #1139, #1307, #1351, #595, #596, #846, #660, #263, #712, #404, #1218, #804 ) ) ;
#373 = CARTESIAN_POINT ( 'NONE',  ( -10.45272255270405104, 44.69110187679753210, 22.71035499989833895 ) ) ;
#374 = CARTESIAN_POINT ( 'NONE',  ( 2.499999999999633626, -94.00219876556583642, 17.99035267988694997 ) ) ;
#375 = ORIENTED_EDGE ( 'NONE', *, *, #1393, .T. ) ;
#376 = CARTESIAN_POINT ( 'NONE',  ( -1.817742035086185703, -97.21476499968073881, -3.014209508372211133 ) ) ;
#377 = EDGE_CURVE ( 'NONE', #360, #510, #47, .T. ) ;
#378 = PRODUCT_DEFINITION_SHAPE ( 'NONE', 'NONE',  #563 ) ;
#379 = DIRECTION ( 'NONE',  ( 3.430248998885766176E-15, 1.000000000000000000, 6.982962677686266711E-15 ) ) ;
#380 = CARTESIAN_POINT ( 'NONE',  ( -22.31100207509629030, -92.01451072808012555, -2.500000000000732747 ) ) ;
#381 = LINE ( 'NONE', #822, #884 ) ;
#382 = ORIENTED_EDGE ( 'NONE', *, *, #829, .F. ) ;
#383 = CARTESIAN_POINT ( 'NONE',  ( -2.500000000000472955, -122.3101216910387166, -2.500000000000944134 ) ) ;
#384 = AXIS2_PLACEMENT_3D ( 'NONE', #1334, #1133, #365 ) ;
#385 = CARTESIAN_POINT ( 'NONE',  ( -10.34494073580743745, 45.05864795971309178, 22.75941639119842819 ) ) ;
#386 = CARTESIAN_POINT ( 'NONE',  ( -5.675894053647249748, -96.94947654772786905, -2.500000000000762057 ) ) ;
#387 = EDGE_CURVE ( 'NONE', #199, #179, #833, .T. ) ;
#388 = CARTESIAN_POINT ( 'NONE',  ( 4.412478072883800904E-28, -47.31012169103863840, 2.499999999999579448 ) ) ;
#389 = ORIENTED_EDGE ( 'NONE', *, *, #479, .T. ) ;
#390 = PLANE ( 'NONE',  #235 ) ;
#391 = UNCERTAINTY_MEASURE_WITH_UNIT (LENGTH_MEASURE( 1.000000000000000082E-05 ), #1217, 'distance_accuracy_value', 'NONE');
#392 = ORIENTED_EDGE ( 'NONE', *, *, #797, .T. ) ;
#393 = CARTESIAN_POINT ( 'NONE',  ( -10.85215055985084653, 43.63345005138237553, 22.52251699277909935 ) ) ;
#394 = CARTESIAN_POINT ( 'NONE',  ( -26.46948873493971277, -89.68492657898086406, -2.500000000000722977 ) ) ;
#395 = VECTOR ( 'NONE', #160, 1000.000000000000000 ) ;
#396 = VERTEX_POINT ( 'NONE', #820 ) ;
#397 = VERTEX_POINT ( 'NONE', #177 ) ;
#398 = CARTESIAN_POINT ( 'NONE',  ( -9.999999999999930722, 47.68987830896145397, -22.91287847477924089 ) ) ;
#399 = CARTESIAN_POINT ( 'NONE',  ( -15.86053888644957688, 38.56518705310314488, 19.33742586661151464 ) ) ;
#400 = CARTESIAN_POINT ( 'NONE',  ( -23.73137944929375465, -91.27692226390165331, -2.500000000000733635 ) ) ;
#401 = CARTESIAN_POINT ( 'NONE',  ( 18.20255068451531599, -95.49406556931988632, 30.18376661311597431 ) ) ;
#402 = CARTESIAN_POINT ( 'NONE',  ( -1.272928738746232025, -95.49406556931938894, -30.88159970837103074 ) ) ;
#403 = ORIENTED_EDGE ( 'NONE', *, *, #1163, .F. ) ;
#404 = ADVANCED_FACE ( 'NONE', ( #165, #154 ), #600, .F. ) ;
#405 = EDGE_CURVE ( 'NONE', #179, #655, #506, .T. ) ;
#406 = CARTESIAN_POINT ( 'NONE',  ( -16.69979692697519269, 38.24578892308880995, -18.60793477367399973 ) ) ;
#407 = EDGE_LOOP ( 'NONE', ( #1207, #173, #1249, #796 ) ) ;
#408 = CARTESIAN_POINT ( 'NONE',  ( -47.55153095458361179, -62.88769403798161051, 2.499999999999441336 ) ) ;
#409 = CARTESIAN_POINT ( 'NONE',  ( -49.93746088859597165, -48.10740361068513238, -2.500000000000436540 ) ) ;
#410 = CARTESIAN_POINT ( 'NONE',  ( -2.499999999999958256, 27.68987830896151436, -24.87468592766540354 ) ) ;
#411 = DIRECTION ( 'NONE',  ( 3.430248998885766176E-15, 1.000000000000000000, 6.982962677686266711E-15 ) ) ;
#412 = VERTEX_POINT ( 'NONE', #952 ) ;
#413 = CARTESIAN_POINT ( 'NONE',  ( -10.08812750137395753, 46.16016761416960890, -22.87501038207000903 ) ) ;
#414 = ORIENTED_EDGE ( 'NONE', *, *, #678, .T. ) ;
#415 = ADVANCED_FACE ( 'NONE', ( #1373 ), #585, .F. ) ;
#416 = CARTESIAN_POINT ( 'NONE',  ( -49.91837820237520162, -48.90393101154342048, 2.499999999999572786 ) ) ;
#417 = CARTESIAN_POINT ( 'NONE',  ( -30.18376661311716447, -95.49406556931963053, 18.20255068451498204 ) ) ;
#418 = CARTESIAN_POINT ( 'NONE',  ( 38.81462694711989059, -78.73955742447311934, 2.499999999999340972 ) ) ;
#419 = CARTESIAN_POINT ( 'NONE',  ( 11.16534080582829347, -95.98986996801066596, -2.500000000000766498 ) ) ;
#420 = AXIS2_PLACEMENT_3D ( 'NONE', #295, #305, #991 ) ;
#421 = ORIENTED_EDGE ( 'NONE', *, *, #1367, .T. ) ;
#422 = AXIS2_PLACEMENT_3D ( 'NONE', #1244, #255, #371 ) ;
#423 = CARTESIAN_POINT ( 'NONE',  ( -15.58725087264776121, 38.71068531579675920, -19.54891974181870040 ) ) ;
#424 = ORIENTED_EDGE ( 'NONE', *, *, #678, .F. ) ;
#425 = CARTESIAN_POINT ( 'NONE',  ( 24.87468592766549946, 27.68987830896114133, 2.500000000000103473 ) ) ;
#426 = CARTESIAN_POINT ( 'NONE',  ( -18.20255068451614378, -95.49406556931974421, 30.18376661311599563 ) ) ;
#427 = EDGE_CURVE ( 'NONE', #739, #548, #998, .T. ) ;
#428 = CARTESIAN_POINT ( 'NONE',  ( 23.69532883266689893, -91.29651852975791826, 2.499999999999278355 ) ) ;
#429 = CARTESIAN_POINT ( 'NONE',  ( 43.75472240243754385, -71.58389340100909237, -2.500000000000588418 ) ) ;
#430 = VERTEX_POINT ( 'NONE', #425 ) ;
#431 = CARTESIAN_POINT ( 'NONE',  ( 10.00000000000005862, 46.91834179395424798, 22.91287847477958195 ) ) ;
#432 = CARTESIAN_POINT ( 'NONE',  ( -49.93746088859596455, -47.31012169103841813, 2.499999999999567457 ) ) ;
#433 = CARTESIAN_POINT ( 'NONE',  ( 10.00000000000022382, 92.68987830896121238, 5.575101613440897212E-13 ) ) ;
#434 = DIRECTION ( 'NONE',  ( 3.430248998885766176E-15, 1.000000000000000000, 6.982962677686266711E-15 ) ) ;
#435 = CARTESIAN_POINT ( 'NONE',  ( -2.500000000000472955, -122.3101216910387450, -9.438268143584573439E-13 ) ) ;
#436 = AXIS2_PLACEMENT_3D ( 'NONE', #801, #252, #338 ) ;
#437 = EDGE_CURVE ( 'NONE', #783, #278, #1023, .T. ) ;
#438 = ORIENTED_EDGE ( 'NONE', *, *, #753, .F. ) ;
#439 = DIRECTION ( 'NONE',  ( -3.430248998885766176E-15, -1.000000000000000000, -6.982962677686266711E-15 ) ) ;
#440 = CARTESIAN_POINT ( 'NONE',  ( -8.824207050397014029, -96.48750159103204282, 2.499999999999235278 ) ) ;
#441 = DIRECTION ( 'NONE',  ( 1.000000000000000000, -3.430248998885766176E-15, -2.395330073438998468E-29 ) ) ;
#442 = DIRECTION ( 'NONE',  ( 0.000000000000000000, -6.982962677686266711E-15, 1.000000000000000000 ) ) ;
#443 = CARTESIAN_POINT ( 'NONE',  ( 34.01924272470455435, -84.00360833998551868, -2.500000000000677680 ) ) ;
#444 = ORIENTED_EDGE ( 'NONE', *, *, #73, .F. ) ;
#445 = VECTOR ( 'NONE', #1209, 1000.000000000000000 ) ;
#446 = CARTESIAN_POINT ( 'NONE',  ( -2.500000000000306422, -76.85834974442688861, -40.28884462440792191 ) ) ;
#447 = DIRECTION ( 'NONE',  ( 1.000000000000000000, -3.330669073875434123E-15, -2.366582715663010193E-29 ) ) ;
#448 = CARTESIAN_POINT ( 'NONE',  ( -9.999999999999984013, 37.68987830896112712, 22.91287847477965300 ) ) ;
#449 = FACE_BOUND ( 'NONE', #1130, .T. ) ;
#450 = CARTESIAN_POINT ( 'NONE',  ( 45.19565195265146684, -68.78483689787995559, -2.500000000000571543 ) ) ;
#451 = ORIENTED_EDGE ( 'NONE', *, *, #387, .T. ) ;
#452 = CARTESIAN_POINT ( 'NONE',  ( -2.500000000000226930, -50.50212282141009723, -49.93746088859615639 ) ) ;
#453 = EDGE_CURVE ( 'NONE', #1410, #1400, #875, .T. ) ;
#454 = CARTESIAN_POINT ( 'NONE',  ( -2.500000000000378364, -94.00219876556583642, 17.99035267988695708 ) ) ;
#455 = CARTESIAN_POINT ( 'NONE',  ( -9.999999999999657163, 127.6898783089614398, -22.91287847477868311 ) ) ;
#456 = CARTESIAN_POINT ( 'NONE',  ( 15.02800557802883930, 39.00782476880050353, -19.98204773229086229 ) ) ;
#457 = CARTESIAN_POINT ( 'NONE',  ( 2.059233873801487036, -75.18459022027198557, -49.95757756189830445 ) ) ;
#458 = VERTEX_POINT ( 'NONE', #868 ) ;
#459 = CARTESIAN_POINT ( 'NONE',  ( -2.500000000000381029, -95.98986996801053806, -11.16534080582939481 ) ) ;
#460 = CARTESIAN_POINT ( 'NONE',  ( -2.500000000000215383, -47.31012169103860998, -4.201046135319863056E-13 ) ) ;
#461 = EDGE_CURVE ( 'NONE', #396, #87, #644, .T. ) ;
#462 = APPLICATION_CONTEXT ( 'automotive_design' ) ;
#463 = CARTESIAN_POINT ( 'NONE',  ( -24.87468592766601816, -47.31012169103859577, 2.499999999999579448 ) ) ;
#464 = LINE ( 'NONE', #477, #4 ) ;
#465 = EDGE_LOOP ( 'NONE', ( #832, #790, #10 ) ) ;
#466 = CARTESIAN_POINT ( 'NONE',  ( -2.500000000000198064, -59.81173203710245900, -48.37322329338572047 ) ) ;
#467 = AXIS2_PLACEMENT_3D ( 'NONE', #768, #442, #1321 ) ;
#468 = CARTESIAN_POINT ( 'NONE',  ( -9.999999999999657163, 127.6898783089611129, 22.91287847478028183 ) ) ;
#469 = CARTESIAN_POINT ( 'NONE',  ( 10.00000000000034284, 127.6898783089610561, 22.91287847478028183 ) ) ;
#470 = CARTESIAN_POINT ( 'NONE',  ( 10.70662779496205452, 43.97822102354672325, -22.59176297337911521 ) ) ;
#471 = CARTESIAN_POINT ( 'NONE',  ( 2.499999999999618083, -96.60289511741163437, -8.037704840445487164 ) ) ;
#472 = B_SPLINE_CURVE_WITH_KNOTS ( 'NONE', 3,
 ( #1313, #323, #871, #315, #1206, #195, #639, #762, #1198, #114, #120, #647, #1102, #1079, #1003, #1095, #300, #546, #1322, #631, #676, #127, #1129, #42, #1240, #367, #37, #245, #232, #1343, #471, #239, #1247, #788 ),
 .UNSPECIFIED., .F., .F.,
 ( 4, 2, 2, 2, 2, 2, 2, 2, 2, 2, 2, 2, 2, 2, 2, 2, 4 ),
 ( 0.000000000000000000, 0.009440086100412841547, 0.01416012915061926926, 0.01652015067572248225, 0.01888017220082569350, 0.02832025830123863566, 0.03304030135144508940, 0.03540032287654833187, 0.03776034440165157435, 0.04720043050206449570, 0.04956045202716772430, 0.05192047355227095290, 0.05664051660247740316, 0.06608060270289034532, 0.06844062422799358780, 0.07080064575309683028, 0.07552068880330331524 ),
 .UNSPECIFIED. ) ;
#473 = VERTEX_POINT ( 'NONE', #1278 ) ;
#474 = DIRECTION ( 'NONE',  ( 3.430248998885766176E-15, 1.000000000000000000, 6.982962677686266711E-15 ) ) ;
#475 = CARTESIAN_POINT ( 'NONE',  ( -9.999999999999657163, 127.6898783089614398, -22.91287847477868311 ) ) ;
#476 = CARTESIAN_POINT ( 'NONE',  ( -5.145373498328649177E-13, -122.3101216910387734, 2.499999999999055866 ) ) ;
#477 = CARTESIAN_POINT ( 'NONE',  ( 2.500000000000041744, 27.68987830896127988, 1.036175872944829151E-13 ) ) ;
#478 = ORIENTED_EDGE ( 'NONE', *, *, #377, .T. ) ;
#479 = EDGE_CURVE ( 'NONE', #348, #830, #1303, .T. ) ;
#480 = CARTESIAN_POINT ( 'NONE',  ( -2.499999999999958256, 27.68987830896125502, 1.036175872944827384E-13 ) ) ;
#481 = CARTESIAN_POINT ( 'NONE',  ( 2.499999999999527489, -122.3101216910387450, -9.438268143584573439E-13 ) ) ;
#482 = B_SPLINE_CURVE_WITH_KNOTS ( 'NONE', 3,
 ( #95, #535, #505, #982, #198, #1292, #1277, #650, #873, #190, #286, #1394, #974, #866, #618, #1301, #527, #310, #1418, #1065, #764, #79, #513, #1201, #431, #738 ),
 .UNSPECIFIED., .F., .F.,
 ( 4, 2, 2, 2, 2, 2, 2, 2, 2, 2, 2, 2, 4 ),
 ( 0.000000000000000000, 0.002271251611878866757, 0.004542503223757733515, 0.005678129029697167110, 0.006813754835636600705, 0.007949380641576034301, 0.009085006447515467029, 0.01135625805939432555, 0.01249188386533375481, 0.01362750967127318406, 0.01476313547721261332, 0.01589876128315204432, 0.01817001289503088202 ),
 .UNSPECIFIED. ) ;
#483 = DIRECTION ( 'NONE',  ( 3.430248998885766176E-15, 1.000000000000000000, 6.982962677686266711E-15 ) ) ;
#484 = DIRECTION ( 'NONE',  ( 1.000000000000000000, -3.430248998885766176E-15, -2.395330073438998468E-29 ) ) ;
#485 = ORIENTED_EDGE ( 'NONE', *, *, #772, .F. ) ;
#486 = CARTESIAN_POINT ( 'NONE',  ( -30.18376661311715381, -95.49406556931940315, -18.20255068451649905 ) ) ;
#487 = PRESENTATION_STYLE_ASSIGNMENT (( #590 ) ) ;
#488 = VECTOR ( 'NONE', #1045, 1000.000000000000000 ) ;
#489 = CIRCLE ( 'NONE', #861, 25.00000000000026645 ) ;
#490 = DIRECTION ( 'NONE',  ( 1.000000000000000000, -3.469446951953577112E-15, -2.415886522239322870E-29 ) ) ;
#491 = DIRECTION ( 'NONE',  ( -1.000000000000000000, 0.000000000000000000, 0.000000000000000000 ) ) ;
#492 = ORIENTED_EDGE ( 'NONE', *, *, #814, .T. ) ;
#493 = ORIENTED_EDGE ( 'NONE', *, *, #196, .T. ) ;
#494 = CARTESIAN_POINT ( 'NONE',  ( -2.500000000000386358, -97.18496504918878998, 2.499999999999231282 ) ) ;
#495 = EDGE_CURVE ( 'NONE', #1177, #174, #88, .T. ) ;
#496 = CARTESIAN_POINT ( 'NONE',  ( -2.500000000000215383, -47.31012169103860998, -4.201046135319863056E-13 ) ) ;
#497 = LINE ( 'NONE', #72, #760 ) ;
#498 = LINE ( 'NONE', #388, #1064 ) ;
#499 = ORIENTED_EDGE ( 'NONE', *, *, #819, .F. ) ;
#500 = LINE ( 'NONE', #383, #694 ) ;
#501 = LINE ( 'NONE', #841, #395 ) ;
#502 = CARTESIAN_POINT ( 'NONE',  ( 2.499999999999673150, -81.12960210576842712, 36.75087913374986925 ) ) ;
#503 = CARTESIAN_POINT ( 'NONE',  ( 2.059233873801551429, -47.31012169103891551, 49.95757756189716758 ) ) ;
#504 = VERTEX_POINT ( 'NONE', #216 ) ;
#505 = CARTESIAN_POINT ( 'NONE',  ( 19.05668644110016530, 37.72138504514625623, 16.19909563521430229 ) ) ;
#506 = LINE ( 'NONE', #496, #1248 ) ;
#507 = CIRCLE ( 'NONE', #620, 25.00000000000026645 ) ;
#508 = DIRECTION ( 'NONE',  ( -3.430248998885766176E-15, -1.000000000000000000, -6.982962677686266711E-15 ) ) ;
#509 = AXIS2_PLACEMENT_3D ( 'NONE', #943, #1353, #272 ) ;
#510 = VERTEX_POINT ( 'NONE', #97 ) ;
#511 = CARTESIAN_POINT ( 'NONE',  ( -2.499999999999958256, 27.68987830896129765, 1.036175872944830287E-13 ) ) ;
#512 = ORIENTED_EDGE ( 'NONE', *, *, #176, .F. ) ;
#513 = CARTESIAN_POINT ( 'NONE',  ( 10.34914623737145689, 45.04274222215856582, 22.75751032677930397 ) ) ;
#514 = CARTESIAN_POINT ( 'NONE',  ( -46.08102517350452842, -66.56934798600435954, 2.499999999999416911 ) ) ;
#515 = CARTESIAN_POINT ( 'NONE',  ( -48.82868361499722454, -47.31012169103860288, 29.44651009771293459 ) ) ;
#516 = DIRECTION ( 'NONE',  ( -1.000000000000000000, 3.430248998885766570E-15, 2.395330073438998748E-29 ) ) ;
#517 = LINE ( 'NONE', #1031, #67 ) ;
#518 = EDGE_LOOP ( 'NONE', ( #748, #625, #1280, #627, #737 ) ) ;
#519 = ADVANCED_FACE ( 'NONE', ( #983 ), #529, .F. ) ;
#520 = DIRECTION ( 'NONE',  ( 1.000000000000000000, 0.000000000000000000, 0.000000000000000000 ) ) ;
#521 = ORIENTED_EDGE ( 'NONE', *, *, #721, .T. ) ;
#522 = CARTESIAN_POINT ( 'NONE',  ( -45.76762541531974193, -67.30281406314747983, 2.499999999999444000 ) ) ;
#523 = PLANE ( 'NONE',  #1377 ) ;
#524 = AXIS2_PLACEMENT_3D ( 'NONE', #291, #736, #84 ) ;
#525 = DIRECTION ( 'NONE',  ( 1.000000000000000000, -3.430248998885766176E-15, -2.395330073438998468E-29 ) ) ;
#526 = CARTESIAN_POINT ( 'NONE',  ( 37.27000619835909845, -80.55656844063065591, -2.500000000000652367 ) ) ;
#527 = CARTESIAN_POINT ( 'NONE',  ( 11.76290598202800730, 42.00764529487143761, 22.06092635451105366 ) ) ;
#528 = ORIENTED_EDGE ( 'NONE', *, *, #815, .T. ) ;
#529 = PLANE ( 'NONE',  #1043 ) ;
#530 = CARTESIAN_POINT ( 'NONE',  ( -2.500000000000216271, -47.31012169103821208, -49.93746088859612797 ) ) ;
#531 = CARTESIAN_POINT ( 'NONE',  ( 31.64569768557985086, -86.06981105845483171, 2.499999999999326761 ) ) ;
#532 = PLANE ( 'NONE',  #589 ) ;
#533 = VECTOR ( 'NONE', #885, 1000.000000000000000 ) ;
#534 = ORIENTED_EDGE ( 'NONE', *, *, #1268, .F. ) ;
#535 = CARTESIAN_POINT ( 'NONE',  ( 19.54022503649322928, 37.68987830896108449, 15.61303328467633555 ) ) ;
#536 = DIRECTION ( 'NONE',  ( -1.000000000000000000, 3.430248998885766176E-15, 2.395330073438998468E-29 ) ) ;
#537 = CARTESIAN_POINT ( 'NONE',  ( -1.817742035086186148, -97.21476499968079565, 3.014209508370673696 ) ) ;
#538 = EDGE_CURVE ( 'NONE', #739, #655, #82, .T. ) ;
#539 = CARTESIAN_POINT ( 'NONE',  ( 2.500000000000041744, 27.68987830896141134, -24.87468592766552078 ) ) ;
#540 = DIRECTION ( 'NONE',  ( 1.000000000000000000, -3.430248998885766176E-15, -2.395330073438998468E-29 ) ) ;
#541 = DIRECTION ( 'NONE',  ( 3.469446951953614189E-15, 1.000000000000000000, 6.982962677686264344E-15 ) ) ;
#542 = ADVANCED_BREP_SHAPE_REPRESENTATION ( 'N604_structure', ( #732, #384 ), #707 ) ;
#543 = DIRECTION ( 'NONE',  ( 3.430248998885766176E-15, 1.000000000000000000, 6.982962677686266711E-15 ) ) ;
#544 = CARTESIAN_POINT ( 'NONE',  ( -3.083896475473431043, -97.21476499968075302, 0.1271171340861203258 ) ) ;
#545 = CARTESIAN_POINT ( 'NONE',  ( 48.37322329338493887, -59.81173203710299191, 2.499999999999405809 ) ) ;
#546 = CARTESIAN_POINT ( 'NONE',  ( 2.499999999999662492, -84.00360833998517762, -34.01924272470558464 ) ) ;
#547 = VECTOR ( 'NONE', #1289, 1000.000000000000000 ) ;
#548 = VERTEX_POINT ( 'NONE', #578 ) ;
#549 = CARTESIAN_POINT ( 'NONE',  ( 2.499999999999784617, -47.31012169103850340, -24.87468592766617448 ) ) ;
#550 = CARTESIAN_POINT ( 'NONE',  ( -2.500000000000385914, -96.17985878797030352, 10.39287060369119509 ) ) ;
#551 = DIRECTION ( 'NONE',  ( -3.430248998885766570E-15, -1.000000000000000000, -6.982962677686266711E-15 ) ) ;
#552 = CARTESIAN_POINT ( 'NONE',  ( 41.20426945856028311, -75.56686619163346563, -2.500000000000618172 ) ) ;
#553 = ORIENTED_EDGE ( 'NONE', *, *, #614, .F. ) ;
#554 = AXIS2_PLACEMENT_3D ( 'NONE', #1085, #516, #322 ) ;
#555 = EDGE_CURVE ( 'NONE', #568, #1109, #882, .T. ) ;
#556 = EDGE_CURVE ( 'NONE', #1381, #1234, #13, .T. ) ;
#557 = CIRCLE ( 'NONE', #237, 25.00000000000026645 ) ;
#558 = LINE ( 'NONE', #771, #116 ) ;
#559 = CARTESIAN_POINT ( 'NONE',  ( -2.500000000000376144, -88.82857444133671265, 27.79282004475251000 ) ) ;
#560 = PLANE ( 'NONE',  #76 ) ;
#561 = PLANE ( 'NONE',  #289 ) ;
#562 = ORIENTED_EDGE ( 'NONE', *, *, #1163, .T. ) ;
#563 = PRODUCT_DEFINITION ( 'UNKNOWN', '', #824, #931 ) ;
#564 = CARTESIAN_POINT ( 'NONE',  ( -2.500000000000377476, -95.03910465698866972, -15.02723617137819723 ) ) ;
#565 = CARTESIAN_POINT ( 'NONE',  ( 25.00000000000026645, 27.68987830896115909, -8.642374197875102263E-14 ) ) ;
#566 = CARTESIAN_POINT ( 'NONE',  ( -9.999999999999657163, 127.6898783089611129, 22.91287847478028183 ) ) ;
#567 = CARTESIAN_POINT ( 'NONE',  ( 49.95757756189733811, -75.18459022027248295, -2.059233873802410297 ) ) ;
#568 = VERTEX_POINT ( 'NONE', #910 ) ;
#569 = VECTOR ( 'NONE', #1281, 1000.000000000000000 ) ;
#570 = FACE_OUTER_BOUND ( 'NONE', #1035, .T. ) ;
#571 = CARTESIAN_POINT ( 'NONE',  ( -2.500000000000367262, -86.08224934988079724, 31.62851839845422219 ) ) ;
#572 = ADVANCED_FACE ( 'NONE', ( #688 ), #1111, .T. ) ;
#573 = DIRECTION ( 'NONE',  ( 1.000000000000000000, -3.430248998885766570E-15, -2.395330073438998748E-29 ) ) ;
#574 = CARTESIAN_POINT ( 'NONE',  ( 2.499999999999613642, -97.18496504918881840, 2.499999999999231282 ) ) ;
#575 = ORIENTED_EDGE ( 'NONE', *, *, #780, .F. ) ;
#576 = CARTESIAN_POINT ( 'NONE',  ( -29.44651009771357408, -47.31012169103811971, -48.82868361499740928 ) ) ;
#577 = VECTOR ( 'NONE', #536, 1000.000000000000000 ) ;
#578 = CARTESIAN_POINT ( 'NONE',  ( -49.93746088859596455, -47.31012169103841813, 2.499999999999567457 ) ) ;
#579 = EDGE_CURVE ( 'NONE', #1410, #632, #507, .T. ) ;
#580 = CARTESIAN_POINT ( 'NONE',  ( 19.05187649875828271, 37.72175666664068672, -16.20484767120691316 ) ) ;
#581 = LINE ( 'NONE', #586, #966 ) ;
#582 = ORIENTED_EDGE ( 'NONE', *, *, #345, .T. ) ;
#583 = DIRECTION ( 'NONE',  ( 0.000000000000000000, -6.982962677686266711E-15, 1.000000000000000000 ) ) ;
#584 = LINE ( 'NONE', #1380, #1319 ) ;
#585 = PLANE ( 'NONE',  #420 ) ;
#586 = CARTESIAN_POINT ( 'NONE',  ( -24.87468592766563091, 27.68987830896135094, -2.499999999999896971 ) ) ;
#587 = ORIENTED_EDGE ( 'NONE', *, *, #1414, .T. ) ;
#588 = LINE ( 'NONE', #261, #1238 ) ;
#589 = AXIS2_PLACEMENT_3D ( 'NONE', #435, #540, #100 ) ;
#590 = SURFACE_STYLE_USAGE ( .BOTH. , #262 ) ;
#591 = CARTESIAN_POINT ( 'NONE',  ( -11.75274981885092274, 42.02257030251140435, 22.06631634913469497 ) ) ;
#592 = CARTESIAN_POINT ( 'NONE',  ( 2.499999999999661604, -78.72939026570023202, 38.82268957556146205 ) ) ;
#593 = ORIENTED_EDGE ( 'NONE', *, *, #687, .T. ) ;
#594 = EDGE_LOOP ( 'NONE', ( #575, #499, #3, #485 ) ) ;
#595 = ADVANCED_FACE ( 'NONE', ( #335 ), #779, .T. ) ;
#596 = ADVANCED_FACE ( 'NONE', ( #342 ), #1223, .F. ) ;
#597 =( NAMED_UNIT ( * ) PLANE_ANGLE_UNIT ( ) SI_UNIT ( $, .RADIAN. ) );
#598 = AXIS2_PLACEMENT_3D ( 'NONE', #476, #1114, #1355 ) ;
#599 = AXIS2_PLACEMENT_3D ( 'NONE', #1157, #52, #708 ) ;
#600 = PLANE ( 'NONE',  #213 ) ;
#601 = CARTESIAN_POINT ( 'NONE',  ( -37.28536199862577405, -80.53931956790081870, -2.500000000000657252 ) ) ;
#602 = CARTESIAN_POINT ( 'NONE',  ( -9.999999999999776179, 92.68987830896128344, 5.575101613440902261E-13 ) ) ;
#603 = ORIENTED_EDGE ( 'NONE', *, *, #257, .T. ) ;
#604 = DIRECTION ( 'NONE',  ( 1.000000000000000000, -3.430248998885766570E-15, -2.395330073438998748E-29 ) ) ;
#605 = EDGE_LOOP ( 'NONE', ( #1282, #865, #157, #134, #770, #1358 ) ) ;
#606 = CARTESIAN_POINT ( 'NONE',  ( -2.572686749164319035E-13, -47.31012169103858156, -4.201046135319861541E-13 ) ) ;
#607 = CARTESIAN_POINT ( 'NONE',  ( 2.499999999999613642, -96.48750159103212809, 8.824207050395719065 ) ) ;
#608 = CARTESIAN_POINT ( 'NONE',  ( 3.014209508371012536, -97.21476499968080986, 1.817742035084989549 ) ) ;
#609 = VERTEX_POINT ( 'NONE', #565 ) ;
#610 = DIRECTION ( 'NONE',  ( 3.430248998885766176E-15, 1.000000000000000000, 6.982962677686266711E-15 ) ) ;
#611 = CIRCLE ( 'NONE', #436, 50.00000000000026290 ) ;
#612 = DIRECTION ( 'NONE',  ( 3.430248998885766570E-15, 1.000000000000000000, 6.982962677686266711E-15 ) ) ;
#613 = CARTESIAN_POINT ( 'NONE',  ( 2.499999999999620304, -91.27692226390196595, 23.73137944929252896 ) ) ;
#614 = EDGE_CURVE ( 'NONE', #907, #266, #187, .T. ) ;
#615 = ORIENTED_EDGE ( 'NONE', *, *, #344, .T. ) ;
#616 = LINE ( 'NONE', #511, #569 ) ;
#617 = ORIENTED_EDGE ( 'NONE', *, *, #1090, .T. ) ;
#618 = CARTESIAN_POINT ( 'NONE',  ( 12.64942839514304573, 40.87204103448616621, 21.56979733736495319 ) ) ;
#619 = CARTESIAN_POINT ( 'NONE',  ( -38.32080659657619748, -79.33969541121223301, 2.499999999999348077 ) ) ;
#620 = AXIS2_PLACEMENT_3D ( 'NONE', #793, #243, #447 ) ;
#621 = CARTESIAN_POINT ( 'NONE',  ( -15.01081427873790197, -95.04351993506044494, -2.500000000000751399 ) ) ;
#622 = EDGE_CURVE ( 'NONE', #1284, #1392, #27, .T. ) ;
#623 = CARTESIAN_POINT ( 'NONE',  ( 48.82868361499670584, -75.18459022027271033, 29.44651009771278183 ) ) ;
#624 = CARTESIAN_POINT ( 'NONE',  ( 4.412478072883800904E-28, -47.31012169103862419, -4.201046135319864066E-13 ) ) ;
#625 = ORIENTED_EDGE ( 'NONE', *, *, #538, .F. ) ;
#626 = CARTESIAN_POINT ( 'NONE',  ( 20.00000000000007105, 47.68987830896102054, 22.91287847477972406 ) ) ;
#627 = ORIENTED_EDGE ( 'NONE', *, *, #1052, .F. ) ;
#628 = DIRECTION ( 'NONE',  ( 0.000000000000000000, -6.982962677686266711E-15, 1.000000000000000000 ) ) ;
#629 = CARTESIAN_POINT ( 'NONE',  ( -49.95757756189784260, -47.31012169103841103, 2.059233873801347592 ) ) ;
#630 = LINE ( 'NONE', #539, #533 ) ;
#631 = CARTESIAN_POINT ( 'NONE',  ( 2.499999999999642508, -88.37267424896681689, -28.42960840029353520 ) ) ;
#632 = VERTEX_POINT ( 'NONE', #1144 ) ;
#633 = CARTESIAN_POINT ( 'NONE',  ( -16.42080910447868192, 38.34749719101306908, -18.85442750627082020 ) ) ;
#634 = EDGE_LOOP ( 'NONE', ( #246, #926, #836 ) ) ;
#635 = DIRECTION ( 'NONE',  ( 3.430248998885766176E-15, 1.000000000000000000, 6.982962677686266711E-15 ) ) ;
#636 = CARTESIAN_POINT ( 'NONE',  ( -49.93746088859596455, -47.31012169103838971, -2.500000000000425882 ) ) ;
#637 = VECTOR ( 'NONE', #139, 1000.000000000000000 ) ;
#638 = CARTESIAN_POINT ( 'NONE',  ( 27.77382800646383743, -88.81913483280385435, 2.499999999999287237 ) ) ;
#639 = CARTESIAN_POINT ( 'NONE',  ( 2.499999999999725553, -62.84906164915283711, -47.46500897720405732 ) ) ;
#640 = ORIENTED_EDGE ( 'NONE', *, *, #427, .T. ) ;
#641 = EDGE_CURVE ( 'NONE', #1005, #1177, #1291, .T. ) ;
#642 = CARTESIAN_POINT ( 'NONE',  ( -18.04628363363707422, 37.86930343877529737, -17.31761082042029543 ) ) ;
#643 = ORIENTED_EDGE ( 'NONE', *, *, #579, .T. ) ;
#644 = LINE ( 'NONE', #104, #577 ) ;
#645 = FACE_OUTER_BOUND ( 'NONE', #1089, .T. ) ;
#646 = CARTESIAN_POINT ( 'NONE',  ( -2.500000000000472955, -122.3101216910387734, 2.499999999999055866 ) ) ;
#647 = CARTESIAN_POINT ( 'NONE',  ( 2.499999999999674483, -75.56686619163302510, -41.20426945856124945 ) ) ;
#648 = AXIS2_PLACEMENT_3D ( 'NONE', #1039, #1382, #1053 ) ;
#649 = ORIENTED_EDGE ( 'NONE', *, *, #556, .F. ) ;
#650 = CARTESIAN_POINT ( 'NONE',  ( 15.86511017280910885, 38.57980813708129375, 19.32435477421164549 ) ) ;
#651 = CARTESIAN_POINT ( 'NONE',  ( -10.39287060369247051, -96.17985878797017563, 2.499999999999241052 ) ) ;
#652 = PLANE ( 'NONE',  #1375 ) ;
#653 = CARTESIAN_POINT ( 'NONE',  ( 49.93746088859545296, -47.31012169103875209, 2.499999999999576783 ) ) ;
#654 = CARTESIAN_POINT ( 'NONE',  ( 2.499999999999613642, -97.18496504918877577, -2.500000000000769163 ) ) ;
#655 = VERTEX_POINT ( 'NONE', #714 ) ;
#656 = DIRECTION ( 'NONE',  ( -0.000000000000000000, 6.982962677686266711E-15, -1.000000000000000000 ) ) ;
#657 = CARTESIAN_POINT ( 'NONE',  ( -2.500000000000354827, -78.72939026570017518, 38.82268957556147626 ) ) ;
#658 = DIRECTION ( 'NONE',  ( 3.430248998885766176E-15, 1.000000000000000000, 6.982962677686266711E-15 ) ) ;
#659 = ADVANCED_FACE ( 'NONE', ( #1264 ), #390, .F. ) ;
#660 = ADVANCED_FACE ( 'NONE', ( #825 ), #153, .F. ) ;
#661 = CARTESIAN_POINT ( 'NONE',  ( 14.75202264291528564, 39.17130073913675403, -20.18638650265006973 ) ) ;
#662 = CARTESIAN_POINT ( 'NONE',  ( 23.69532883266689893, -91.29651852975788984, -2.500000000000728306 ) ) ;
#663 = VECTOR ( 'NONE', #1188, 1000.000000000000000 ) ;
#664 = ORIENTED_EDGE ( 'NONE', *, *, #754, .F. ) ;
#665 = CARTESIAN_POINT ( 'NONE',  ( 4.412478072883800904E-28, -47.31012169103860998, -2.500000000000420552 ) ) ;
#666 = CARTESIAN_POINT ( 'NONE',  ( -2.500000000000355715, -89.68492657898120513, 26.46948873493853327 ) ) ;
#667 = CARTESIAN_POINT ( 'NONE',  ( 1.470826024294600376E-28, 27.68987830896130475, -2.499999999999896971 ) ) ;
#668 = CARTESIAN_POINT ( 'NONE',  ( 48.82868361499669874, -47.31012169103852472, -29.44651009771374817 ) ) ;
#669 = EDGE_CURVE ( 'NONE', #18, #783, #557, .T. ) ;
#670 = ORIENTED_EDGE ( 'NONE', *, *, #772, .T. ) ;
#671 = VECTOR ( 'NONE', #434, 1000.000000000000000 ) ;
#672 = CIRCLE ( 'NONE', #57, 15.00000000000000000 ) ;
#673 = CARTESIAN_POINT ( 'NONE',  ( -2.500000000000355715, -86.06981105845453328, -31.64569768558090601 ) ) ;
#674 = DIRECTION ( 'NONE',  ( -1.000000000000000000, 3.430248998885766570E-15, 2.395330073438998748E-29 ) ) ;
#675 = FACE_OUTER_BOUND ( 'NONE', #30, .T. ) ;
#676 = CARTESIAN_POINT ( 'NONE',  ( 2.499999999999643396, -88.81913483280358435, -27.77382800646491745 ) ) ;
#677 = ORIENTED_EDGE ( 'NONE', *, *, #377, .F. ) ;
#678 = EDGE_CURVE ( 'NONE', #1390, #430, #584, .T. ) ;
#679 = CARTESIAN_POINT ( 'NONE',  ( -2.500000000000326850, -79.35570831343488862, -38.30744002835131568 ) ) ;
#680 = DIRECTION ( 'NONE',  ( -1.000000000000000000, 3.430248998885766570E-15, 2.395330073438998748E-29 ) ) ;
#681 = CARTESIAN_POINT ( 'NONE',  ( -9.999999999999612754, 47.68987830896112712, 22.91287847477972406 ) ) ;
#682 = CARTESIAN_POINT ( 'NONE',  ( 20.00000000000003553, 37.68987830896128344, -15.00000000000026645 ) ) ;
#683 = DIRECTION ( 'NONE',  ( -1.000000000000000000, -0.000000000000000000, 0.000000000000000000 ) ) ;
#684 = ORIENTED_EDGE ( 'NONE', *, *, #898, .T. ) ;
#685 = AXIS2_PLACEMENT_3D ( 'NONE', #362, #411, #1062 ) ;
#686 = DIRECTION ( 'NONE',  ( 3.430248998885766176E-15, 1.000000000000000000, 6.982962677686266711E-15 ) ) ;
#687 = EDGE_CURVE ( 'NONE', #1273, #151, #78, .T. ) ;
#688 = FACE_OUTER_BOUND ( 'NONE', #888, .T. ) ;
#689 = DIRECTION ( 'NONE',  ( 3.430248998885766176E-15, 1.000000000000000000, 6.982962677686266711E-15 ) ) ;
#690 = CARTESIAN_POINT ( 'NONE',  ( -24.87468592766549946, 27.68987830896140068, 2.500000000000103473 ) ) ;
#691 = ORIENTED_EDGE ( 'NONE', *, *, #241, .T. ) ;
#692 = CIRCLE ( 'NONE', #716, 25.00000000000025935 ) ;
#693 = PLANE ( 'NONE',  #848 ) ;
#694 = VECTOR ( 'NONE', #831, 1000.000000000000000 ) ;
#695 = FACE_OUTER_BOUND ( 'NONE', #1080, .T. ) ;
#696 = CARTESIAN_POINT ( 'NONE',  ( -19.99999999999996447, 37.68987830896121238, 15.00000000000061284 ) ) ;
#697 = DIRECTION ( 'NONE',  ( -3.430248998885766176E-15, -1.000000000000000000, -6.982962677686266711E-15 ) ) ;
#698 = ORIENTED_EDGE ( 'NONE', *, *, #1261, .F. ) ;
#699 = CARTESIAN_POINT ( 'NONE',  ( -49.95757756189804155, -75.18459022027212768, -2.059233873802421844 ) ) ;
#700 =( LENGTH_UNIT ( ) NAMED_UNIT ( * ) SI_UNIT ( .MILLI., .METRE. ) );
#701 = CARTESIAN_POINT ( 'NONE',  ( -9.999999999999612754, 47.68987830896112712, 22.91287847477972406 ) ) ;
#702 = CARTESIAN_POINT ( 'NONE',  ( 2.499999999999785061, -48.90393101154395339, 49.91837820237449819 ) ) ;
#703 = EDGE_CURVE ( 'NONE', #85, #458, #887, .T. ) ;
#704 = EDGE_CURVE ( 'NONE', #458, #85, #672, .T. ) ;
#705 = CARTESIAN_POINT ( 'NONE',  ( 1.272928738745424226, -95.49406556931981527, 30.88159970836951729 ) ) ;
#706 = ORIENTED_EDGE ( 'NONE', *, *, #427, .F. ) ;
#707 =( GEOMETRIC_REPRESENTATION_CONTEXT ( 3 ) GLOBAL_UNCERTAINTY_ASSIGNED_CONTEXT ( ( #391 ) ) GLOBAL_UNIT_ASSIGNED_CONTEXT ( ( #1217, #357, #1112 ) ) REPRESENTATION_CONTEXT ( 'NONE', 'WORKASPACE' ) );
#708 = DIRECTION ( 'NONE',  ( 1.000000000000000000, 0.000000000000000000, 0.000000000000000000 ) ) ;
#709 = CARTESIAN_POINT ( 'NONE',  ( -9.999999999999618083, 46.91967265896840189, 22.91287847477972406 ) ) ;
#710 = CARTESIAN_POINT ( 'NONE',  ( -9.999999999999657163, 127.6898783089611129, 22.91287847478028183 ) ) ;
#711 = CARTESIAN_POINT ( 'NONE',  ( 20.00000000000003553, 37.68987830896107738, 15.00000000000061284 ) ) ;
#712 = ADVANCED_FACE ( 'NONE', ( #695 ), #923, .F. ) ;
#713 = EDGE_LOOP ( 'NONE', ( #304, #1290, #283, #823, #63 ) ) ;
#714 = CARTESIAN_POINT ( 'NONE',  ( -2.500000000000233591, -47.31012169103890130, 49.93746088859529664 ) ) ;
#715 = ORIENTED_EDGE ( 'NONE', *, *, #1261, .T. ) ;
#716 = AXIS2_PLACEMENT_3D ( 'NONE', #62, #277, #68 ) ;
#717 = DIRECTION ( 'NONE',  ( 3.430248998885766176E-15, 1.000000000000000000, 6.982962677686266711E-15 ) ) ;
#718 = CARTESIAN_POINT ( 'NONE',  ( -42.88867731750044499, -72.93789730510972902, -2.500000000000587974 ) ) ;
#719 = EDGE_LOOP ( 'NONE', ( #997, #188, #1096, #233 ) ) ;
#720 = ORIENTED_EDGE ( 'NONE', *, *, #156, .T. ) ;
#721 = EDGE_CURVE ( 'NONE', #412, #1275, #500, .T. ) ;
#722 = FILL_AREA_STYLE ('',( #812 ) ) ;
#723 = B_SPLINE_CURVE_WITH_KNOTS ( 'NONE', 3,
 ( #221, #452, #1103, #117, #466, #1110, #909, #999, #1331, #341, #784, #11, #446, #1222, #679, #25, #1345, #234, #673, #890, #1119, #1339, #1324, #334, #229, #130, #564, #459, #349, #792, #1038, #915, #1174, #152 ),
 .UNSPECIFIED., .F., .F.,
 ( 4, 2, 2, 2, 2, 2, 2, 2, 2, 2, 2, 2, 2, 2, 2, 2, 4 ),
 ( 0.000000000000000000, 0.009440086100413023693, 0.01416012915061952253, 0.01652015067572277021, 0.01888017220082601616, 0.02832025830123894444, 0.03304030135144542940, 0.03540032287654865800, 0.03776034440165187966, 0.04720043050206469692, 0.04956045202716791859, 0.05192047355227114025, 0.05664051660247758357, 0.06608060270289047022, 0.06844062422799368495, 0.07080064575309689967, 0.07552068880330332912 ),
 .UNSPECIFIED. ) ;
#724 = CARTESIAN_POINT ( 'NONE',  ( -14.75202264291520571, 39.17130073913656219, 20.18638650265042145 ) ) ;
#725 = CARTESIAN_POINT ( 'NONE',  ( 2.499999999999707345, -68.75097643860395635, 45.10735008994147677 ) ) ;
#726 = ORIENTED_EDGE ( 'NONE', *, *, #839, .F. ) ;
#727 = LINE ( 'NONE', #1166, #228 ) ;
#728 = ORIENTED_EDGE ( 'NONE', *, *, #721, .F. ) ;
#729 = CARTESIAN_POINT ( 'NONE',  ( -13.93689095809866174, 39.73026701127591309, -20.75723747140095554 ) ) ;
#730 = VECTOR ( 'NONE', #1237, 1000.000000000000000 ) ;
#731 = EDGE_CURVE ( 'NONE', #510, #504, #1227, .T. ) ;
#732 = MANIFOLD_SOLID_BREP ( 'Body-Move/Copy1', #372 ) ;
#733 = CARTESIAN_POINT ( 'NONE',  ( -40.28151676638476175, -76.86745684811998558, 2.499999999999375166 ) ) ;
#734 = CARTESIAN_POINT ( 'NONE',  ( 2.499999999999611866, -96.94947654772796852, 5.675894053645946791 ) ) ;
#735 = ORIENTED_EDGE ( 'NONE', *, *, #1192, .T. ) ;
#736 = DIRECTION ( 'NONE',  ( 3.430248998885766176E-15, 1.000000000000000000, 6.982962677686266711E-15 ) ) ;
#737 = ORIENTED_EDGE ( 'NONE', *, *, #985, .F. ) ;
#738 = CARTESIAN_POINT ( 'NONE',  ( 10.00000000000006928, 47.68987830896104896, 22.91287847477972406 ) ) ;
#739 = VERTEX_POINT ( 'NONE', #494 ) ;
#740 = CARTESIAN_POINT ( 'NONE',  ( -22.31100207509629740, -92.01451072808018239, 2.499999999999275246 ) ) ;
#741 = AXIS2_PLACEMENT_3D ( 'NONE', #1009, #899, #1336 ) ;
#742 = LINE ( 'NONE', #1404, #1105 ) ;
#743 = AXIS2_PLACEMENT_3D ( 'NONE', #1018, #355, #1230 ) ;
#744 = LINE ( 'NONE', #1078, #1092 ) ;
#745 = CARTESIAN_POINT ( 'NONE',  ( 46.66677822977158030, -65.10311417244354004, -2.500000000000545786 ) ) ;
#746 = ORIENTED_EDGE ( 'NONE', *, *, #641, .F. ) ;
#747 = CARTESIAN_POINT ( 'NONE',  ( -9.999999999999925393, 46.91834179395462456, -22.91287847477910944 ) ) ;
#748 = ORIENTED_EDGE ( 'NONE', *, *, #405, .T. ) ;
#749 = CARTESIAN_POINT ( 'NONE',  ( -49.78482002937025896, -51.29182111840654557, 2.499999999999544809 ) ) ;
#750 = CARTESIAN_POINT ( 'NONE',  ( -49.78482002937027318, -51.29182111840649583, -2.500000000000460076 ) ) ;
#751 = CARTESIAN_POINT ( 'NONE',  ( 34.01924272470454014, -84.00360833998556132, 2.499999999999307221 ) ) ;
#752 = CARTESIAN_POINT ( 'NONE',  ( 26.43666868615841992, -89.68330003435109177, -2.500000000000711431 ) ) ;
#753 = EDGE_CURVE ( 'NONE', #1005, #1177, #1138, .T. ) ;
#754 = EDGE_CURVE ( 'NONE', #936, #360, #489, .T. ) ;
#755 = ORIENTED_EDGE ( 'NONE', *, *, #1228, .T. ) ;
#756 = DIRECTION ( 'NONE',  ( 3.430248998885766176E-15, 1.000000000000000000, 6.982962677686266711E-15 ) ) ;
#757 = ORIENTED_EDGE ( 'NONE', *, *, #361, .T. ) ;
#758 = CARTESIAN_POINT ( 'NONE',  ( -23.73137944929375820, -91.27692226390171015, 2.499999999999270806 ) ) ;
#759 = CARTESIAN_POINT ( 'NONE',  ( -47.55153095458361179, -62.88769403798158208, -2.500000000000485390 ) ) ;
#760 = VECTOR ( 'NONE', #172, 1000.000000000000000 ) ;
#761 = CARTESIAN_POINT ( 'NONE',  ( 8.037704840444323651, -96.60289511741174806, 2.499999999999222400 ) ) ;
#762 = CARTESIAN_POINT ( 'NONE',  ( 2.499999999999720224, -64.35645806280106740, -46.94473504588847135 ) ) ;
#763 = ORIENTED_EDGE ( 'NONE', *, *, #889, .T. ) ;
#764 = CARTESIAN_POINT ( 'NONE',  ( 10.71099896338739654, 43.96751502401112788, 22.58968930936060815 ) ) ;
#765 = DIRECTION ( 'NONE',  ( 0.000000000000000000, -6.982962677686266711E-15, 1.000000000000000000 ) ) ;
#766 = CARTESIAN_POINT ( 'NONE',  ( 2.499999999999527489, -122.3101216910387734, 2.499999999999055866 ) ) ;
#767 = VECTOR ( 'NONE', #525, 1000.000000000000000 ) ;
#768 = CARTESIAN_POINT ( 'NONE',  ( -5.145373498328649177E-13, -122.3101216910387166, -2.500000000000944134 ) ) ;
#769 = DIRECTION ( 'NONE',  ( 3.430248998885766176E-15, 1.000000000000000000, 6.982962677686266711E-15 ) ) ;
#770 = ORIENTED_EDGE ( 'NONE', *, *, #257, .F. ) ;
#771 = CARTESIAN_POINT ( 'NONE',  ( 2.500000000000041744, 27.68987830896124080, 1.036175872944826122E-13 ) ) ;
#772 = EDGE_CURVE ( 'NONE', #174, #1400, #855, .T. ) ;
#773 = DIRECTION ( 'NONE',  ( 3.430248998885766176E-15, 1.000000000000000000, 6.982962677686266711E-15 ) ) ;
#774 = CARTESIAN_POINT ( 'NONE',  ( -49.55681567230389817, -53.66629689062885689, -2.500000000000475620 ) ) ;
#775 = CARTESIAN_POINT ( 'NONE',  ( 46.66677822977157319, -65.10311417244356846, 2.499999999999436895 ) ) ;
#776 = CARTESIAN_POINT ( 'NONE',  ( 15.02723617137708167, -95.03910465698881183, -2.500000000000758948 ) ) ;
#777 = EDGE_LOOP ( 'NONE', ( #294, #553, #809, #1011 ) ) ;
#778 = CARTESIAN_POINT ( 'NONE',  ( 10.00000000000017231, 77.68987830896121238, 4.527657211787957963E-13 ) ) ;
#779 = PLANE ( 'NONE',  #12 ) ;
#780 = EDGE_CURVE ( 'NONE', #115, #174, #932, .T. ) ;
#781 = PLANE ( 'NONE',  #741 ) ;
#782 = CARTESIAN_POINT ( 'NONE',  ( 2.059233873801578962, -47.31012169103822629, -49.95757756189801313 ) ) ;
#783 = VERTEX_POINT ( 'NONE', #1185 ) ;
#784 = CARTESIAN_POINT ( 'NONE',  ( -2.500000000000319744, -71.58389340100865184, -43.75472240243848887 ) ) ;
#785 = CARTESIAN_POINT ( 'NONE',  ( -2.500000000000311751, -75.58487886045944038, 41.19174227900641938 ) ) ;
#786 = SHAPE_DEFINITION_REPRESENTATION ( #378, #542 ) ;
#787 = CARTESIAN_POINT ( 'NONE',  ( 17.51173008777517381, 37.98763665329711614, -17.85739381281545946 ) ) ;
#788 = CARTESIAN_POINT ( 'NONE',  ( 2.499999999999613642, -97.18496504918877577, -2.500000000000769163 ) ) ;
#789 = B_SPLINE_CURVE_WITH_KNOTS ( 'NONE', 3,
 ( #1342, #119, #126, #1122, #132, #470, #1134, #22, #244, #16, #148, #337, #807, #912, #36, #661, #456, #28, #352, #787, #918, #580, #1232, #682 ),
 .UNSPECIFIED., .F., .F.,
 ( 4, 2, 2, 2, 2, 2, 2, 2, 2, 2, 2, 4 ),
 ( 0.000000000000000000, 0.002277627136900184715, 0.003416440705350276639, 0.004555254273800368563, 0.005694067842250460053, 0.006832881410700551543, 0.009110508547600737125, 0.01024932211605082862, 0.01138813568450091837, 0.01366576282140111176, 0.01594338995830130515, 0.01822101709520149507 ),
 .UNSPECIFIED. ) ;
#790 = ORIENTED_EDGE ( 'NONE', *, *, #437, .T. ) ;
#791 = CIRCLE ( 'NONE', #1317, 50.00000000000026290 ) ;
#792 = CARTESIAN_POINT ( 'NONE',  ( -2.500000000000392575, -96.46863696263551446, -8.821827560900837639 ) ) ;
#793 = CARTESIAN_POINT ( 'NONE',  ( 3.430248998885765781E-14, 37.68987830896124791, 1.734472140713453551E-13 ) ) ;
#794 = DIRECTION ( 'NONE',  ( 1.000000000000000000, -3.469446951953577112E-15, -2.415886522239322870E-29 ) ) ;
#795 = CARTESIAN_POINT ( 'NONE',  ( 1.817742035085332830, -97.21476499968073881, -3.014209508372208024 ) ) ;
#796 = ORIENTED_EDGE ( 'NONE', *, *, #1147, .T. ) ;
#797 = EDGE_CURVE ( 'NONE', #18, #191, #482, .T. ) ;
#798 = DIRECTION ( 'NONE',  ( -1.000000000000000000, 3.430248998885765387E-15, 2.395330073438998188E-29 ) ) ;
#799 = CARTESIAN_POINT ( 'NONE',  ( -2.500000000000259348, -62.88769403798208657, 47.55153095458278756 ) ) ;
#800 = LINE ( 'NONE', #1107, #256 ) ;
#801 = CARTESIAN_POINT ( 'NONE',  ( -2.572686749164319035E-13, -47.31012169103858156, -4.201046135319861541E-13 ) ) ;
#802 = ORIENTED_EDGE ( 'NONE', *, *, #495, .F. ) ;
#803 = VECTOR ( 'NONE', #697, 1000.000000000000000 ) ;
#804 = ADVANCED_FACE ( 'NONE', ( #965 ), #70, .F. ) ;
#805 = CARTESIAN_POINT ( 'NONE',  ( 10.00000000000004619, 37.68987830896137581, -22.91287847477931194 ) ) ;
#806 = DIRECTION ( 'NONE',  ( -3.430248998885766176E-15, -1.000000000000000000, -6.982962677686266711E-15 ) ) ;
#807 = CARTESIAN_POINT ( 'NONE',  ( 13.13841407584979493, 40.38317116322288314, -21.27870237959125177 ) ) ;
#808 = CARTESIAN_POINT ( 'NONE',  ( -5.145373498328649177E-13, -122.3101216910387166, -2.500000000000944134 ) ) ;
#809 = ORIENTED_EDGE ( 'NONE', *, *, #1325, .T. ) ;
#810 = CARTESIAN_POINT ( 'NONE',  ( -2.059233873802105652, -75.18459022027198557, -49.95757756189831156 ) ) ;
#811 = VECTOR ( 'NONE', #957, 1000.000000000000000 ) ;
#812 = FILL_AREA_STYLE_COLOUR ( '', #1250 ) ;
#813 = UNCERTAINTY_MEASURE_WITH_UNIT (LENGTH_MEASURE( 1.000000000000000082E-05 ), #700, 'distance_accuracy_value', 'NONE');
#814 = EDGE_CURVE ( 'NONE', #266, #907, #189, .T. ) ;
#815 = EDGE_CURVE ( 'NONE', #609, #1158, #1365, .T. ) ;
#816 = CARTESIAN_POINT ( 'NONE',  ( -16.42524151127981114, 38.33327197715944124, 18.86156530485237326 ) ) ;
#817 = CARTESIAN_POINT ( 'NONE',  ( 2.499999999999619416, -95.04351993506064389, 15.01081427873663365 ) ) ;
#818 = CARTESIAN_POINT ( 'NONE',  ( 29.44651009771307315, -75.18459022027276717, 48.82868361499644294 ) ) ;
#819 = EDGE_CURVE ( 'NONE', #504, #115, #247, .T. ) ;
#820 = CARTESIAN_POINT ( 'NONE',  ( -24.87468592766601816, -47.31012169103856735, -2.500000000000420552 ) ) ;
#821 = CARTESIAN_POINT ( 'NONE',  ( -34.00782169760243079, -84.01663372087739390, -2.500000000000664802 ) ) ;
#822 = CARTESIAN_POINT ( 'NONE',  ( -9.999999999999657163, 127.6898783089611129, 22.91287847478028183 ) ) ;
#823 = ORIENTED_EDGE ( 'NONE', *, *, #839, .T. ) ;
#824 = PRODUCT_DEFINITION_FORMATION_WITH_SPECIFIED_SOURCE ( 'ANY', '', #874, .NOT_KNOWN. ) ;
#825 = FACE_OUTER_BOUND ( 'NONE', #605, .T. ) ;
#826 = CARTESIAN_POINT ( 'NONE',  ( -11.96765633125978567, 41.72236398316660910, 21.95089266265187433 ) ) ;
#827 = CARTESIAN_POINT ( 'NONE',  ( 2.499999999999668265, -76.86745684812044033, 40.28151676638375989 ) ) ;
#828 = DIRECTION ( 'NONE',  ( -1.000000000000000000, 3.430248998885766176E-15, 2.395330073438998468E-29 ) ) ;
#829 = EDGE_CURVE ( 'NONE', #1381, #174, #5, .T. ) ;
#830 = VERTEX_POINT ( 'NONE', #549 ) ;
#831 = DIRECTION ( 'NONE',  ( 3.430248998885766176E-15, 1.000000000000000000, 6.982962677686266711E-15 ) ) ;
#832 = ORIENTED_EDGE ( 'NONE', *, *, #669, .T. ) ;
#833 = CIRCLE ( 'NONE', #858, 25.00000000000025935 ) ;
#834 = CARTESIAN_POINT ( 'NONE',  ( -11.17802233047715887, 42.96648232863502415, 22.36257499133424531 ) ) ;
#835 = CARTESIAN_POINT ( 'NONE',  ( 2.499999999999638955, -92.01451072808039555, 22.31100207509506106 ) ) ;
#836 = ORIENTED_EDGE ( 'NONE', *, *, #819, .T. ) ;
#837 = CARTESIAN_POINT ( 'NONE',  ( 10.00000000000022382, 92.68987830896121238, 5.575101613440897212E-13 ) ) ;
#838 = ORIENTED_EDGE ( 'NONE', *, *, #1393, .F. ) ;
#839 = EDGE_CURVE ( 'NONE', #38, #311, #1006, .T. ) ;
#840 = CARTESIAN_POINT ( 'NONE',  ( -9.999999999999930722, 47.68987830896113422, 22.91287847477972406 ) ) ;
#841 = CARTESIAN_POINT ( 'NONE',  ( 25.00000000000013145, 27.68987830896115909, 1.036175872944820695E-13 ) ) ;
#842 = DIRECTION ( 'NONE',  ( 0.000000000000000000, -6.982962677686266711E-15, 1.000000000000000000 ) ) ;
#843 = CARTESIAN_POINT ( 'NONE',  ( 0.1271171340864629962, -97.21476499968079565, 3.083896475472234222 ) ) ;
#844 = DIRECTION ( 'NONE',  ( -1.000000000000000000, 3.430248998885766176E-15, 2.395330073438998468E-29 ) ) ;
#845 = ORIENTED_EDGE ( 'NONE', *, *, #1172, .F. ) ;
#846 = ADVANCED_FACE ( 'NONE', ( #570 ), #1214, .F. ) ;
#847 = CARTESIAN_POINT ( 'NONE',  ( -15.03353059810905457, 39.00469302886943979, -19.97787803032758447 ) ) ;
#848 = AXIS2_PLACEMENT_3D ( 'NONE', #624, #1399, #844 ) ;
#849 = ORIENTED_EDGE ( 'NONE', *, *, #1268, .T. ) ;
#850 = CARTESIAN_POINT ( 'NONE',  ( -45.10735008994238626, -68.75097643860345897, 2.499999999999433342 ) ) ;
#851 = CARTESIAN_POINT ( 'NONE',  ( 2.499999999999527489, -122.3101216910387450, -9.438268143584573439E-13 ) ) ;
#852 = CARTESIAN_POINT ( 'NONE',  ( 43.75472240243755095, -71.58389340100913500, 2.499999999999416023 ) ) ;
#853 = DIRECTION ( 'NONE',  ( 1.000000000000000000, -3.430248998885765387E-15, -2.395330073438998188E-29 ) ) ;
#854 = ORIENTED_EDGE ( 'NONE', *, *, #437, .F. ) ;
#855 = LINE ( 'NONE', #840, #811 ) ;
#856 = ORIENTED_EDGE ( 'NONE', *, *, #904, .F. ) ;
#857 = CARTESIAN_POINT ( 'NONE',  ( 3.430248998885765781E-14, 37.68987830896124791, 1.734472140713453551E-13 ) ) ;
#858 = AXIS2_PLACEMENT_3D ( 'NONE', #259, #379, #1046 ) ;
#859 = FACE_OUTER_BOUND ( 'NONE', #634, .T. ) ;
#860 = ADVANCED_FACE ( 'NONE', ( #109 ), #1208, .F. ) ;
#861 = AXIS2_PLACEMENT_3D ( 'NONE', #1193, #756, #1310 ) ;
#862 = CARTESIAN_POINT ( 'NONE',  ( 38.30744002835032092, -79.35570831343528653, 2.499999999999340528 ) ) ;
#863 =( BOUNDED_SURFACE ( )  B_SPLINE_SURFACE ( 3, 3, ( 
 ( #143, #576, #1359, #369 ),
 ( #810, #1024, #1251, #699 ),
 ( #402, #158, #486, #1070 ),
 ( #75, #376, #1274, #284 ) ),
 .UNSPECIFIED., .F., .F., .F. ) 
 B_SPLINE_SURFACE_WITH_KNOTS ( ( 4, 4 ),
 ( 4, 4 ),
 ( 0.000000000000000000, 1.000000000000000000 ),
 ( 0.000000000000000000, 1.000000000000000000 ),
 .UNSPECIFIED. ) 
 GEOMETRIC_REPRESENTATION_ITEM ( )  RATIONAL_B_SPLINE_SURFACE ( (
 ( 1.000000000000000000, 0.8237525346917972113, 0.8237525346917972113, 1.000000000000000000),
 ( 0.8190699571006432311, 0.6747109532515565000, 0.6747109532515565000, 0.8190699571006432311),
 ( 0.8190699571006432311, 0.6747109532515565000, 0.6747109532515565000, 0.8190699571006432311),
 ( 1.000000000000000000, 0.8237525346917972113, 0.8237525346917972113, 1.000000000000000000) ) ) 
 REPRESENTATION_ITEM ( '' )  SURFACE ( )  );
#864 = CARTESIAN_POINT ( 'NONE',  ( 8.037704840444314769, -96.60289511741170543, -2.500000000000760281 ) ) ;
#865 = ORIENTED_EDGE ( 'NONE', *, *, #453, .F. ) ;
#866 = CARTESIAN_POINT ( 'NONE',  ( 13.14329927628807049, 40.37875881586278126, 21.27564410828042440 ) ) ;
#867 = VERTEX_POINT ( 'NONE', #881 ) ;
#868 = CARTESIAN_POINT ( 'NONE',  ( -9.999999999999880984, 62.68987830896129054, 3.461843108147811218E-13 ) ) ;
#869 = PLANE ( 'NONE',  #1333 ) ;
#870 = CARTESIAN_POINT ( 'NONE',  ( 22.29293092970163670, -92.02314905156723057, 2.499999999999272138 ) ) ;
#871 = CARTESIAN_POINT ( 'NONE',  ( 2.499999999999752642, -53.64248376059831003, -49.63423530813804518 ) ) ;
#872 = VERTEX_POINT ( 'NONE', #1012 ) ;
#873 = CARTESIAN_POINT ( 'NONE',  ( 15.58725087264783404, 38.71068531579636840, 19.54891974181905567 ) ) ;
#874 = PRODUCT ( 'N604_structure', 'N604_structure', '', ( #343 ) ) ;
#875 = LINE ( 'NONE', #1179, #1203 ) ;
#876 = AXIS2_PLACEMENT_3D ( 'NONE', #961, #686, #1366 ) ;
#877 = DIRECTION ( 'NONE',  ( -1.000000000000000000, 3.430248998885766570E-15, 2.395330073438998748E-29 ) ) ;
#878 = CARTESIAN_POINT ( 'NONE',  ( 10.38491247047119614, -96.16232592178687355, 2.499999999999240607 ) ) ;
#879 = CARTESIAN_POINT ( 'NONE',  ( 28.42960840029247294, -88.37267424896704426, -2.500000000000707878 ) ) ;
#880 = ORIENTED_EDGE ( 'NONE', *, *, #904, .T. ) ;
#881 = CARTESIAN_POINT ( 'NONE',  ( 10.00000000000034284, 127.6898783089613971, -22.91287847477868311 ) ) ;
#882 = LINE ( 'NONE', #1346, #949 ) ;
#883 = DIRECTION ( 'NONE',  ( 1.000000000000000000, -3.430248998885766176E-15, -2.395330073438998468E-29 ) ) ;
#884 = VECTOR ( 'NONE', #167, 1000.000000000000000 ) ;
#885 = DIRECTION ( 'NONE',  ( -3.430248998885766176E-15, -1.000000000000000000, -6.982962677686266711E-15 ) ) ;
#886 = CARTESIAN_POINT ( 'NONE',  ( 22.29293092970163670, -92.02314905156720215, -2.500000000000734968 ) ) ;
#887 = CIRCLE ( 'NONE', #509, 15.00000000000000000 ) ;
#888 = EDGE_LOOP ( 'NONE', ( #691, #901, #24, #975, #1262, #1186, #1075, #424, #403, #128, #1385, #1194, #207, #664 ) ) ;
#889 = EDGE_CURVE ( 'NONE', #1109, #1273, #558, .T. ) ;
#890 = CARTESIAN_POINT ( 'NONE',  ( -2.500000000000364153, -88.37267424896680268, -28.42960840029354230 ) ) ;
#891 = CARTESIAN_POINT ( 'NONE',  ( -2.500000000000272227, -66.56934798600482850, 46.08102517350365446 ) ) ;
#892 = CARTESIAN_POINT ( 'NONE',  ( -2.500000000000215383, -47.31012169103847498, -24.87468592766618514 ) ) ;
#893 = DIRECTION ( 'NONE',  ( -1.000000000000000000, 3.430248998885766570E-15, 2.395330073438998748E-29 ) ) ;
#894 = CARTESIAN_POINT ( 'NONE',  ( -2.572686749164321559E-13, -47.31012169103866682, -4.201046135319867095E-13 ) ) ;
#895 = ORIENTED_EDGE ( 'NONE', *, *, #964, .F. ) ;
#896 = DIRECTION ( 'NONE',  ( -1.000000000000000000, 3.430248998885766570E-15, 2.395330073438998748E-29 ) ) ;
#897 = CARTESIAN_POINT ( 'NONE',  ( -2.500000000000315303, -67.30281406314794879, 45.76762541531884665 ) ) ;
#898 = EDGE_CURVE ( 'NONE', #1175, #473, #20, .T. ) ;
#899 = DIRECTION ( 'NONE',  ( -3.430248998885766176E-15, -1.000000000000000000, -6.982962677686266711E-15 ) ) ;
#900 = CARTESIAN_POINT ( 'NONE',  ( 29.44651009771308381, -75.18459022027208505, -48.82868361499764376 ) ) ;
#901 = ORIENTED_EDGE ( 'NONE', *, *, #964, .T. ) ;
#902 = DIRECTION ( 'NONE',  ( 2.029491997795871344E-45, 6.982962677686267499E-15, -1.000000000000000000 ) ) ;
#903 = CARTESIAN_POINT ( 'NONE',  ( -2.500000000000321076, -68.75097643860394214, 45.10735008994149098 ) ) ;
#904 = EDGE_CURVE ( 'NONE', #1284, #412, #723, .T. ) ;
#905 = DIRECTION ( 'NONE',  ( -1.000000000000000000, 3.430248998885765387E-15, 2.395330073438998188E-29 ) ) ;
#906 = DIRECTION ( 'NONE',  ( 3.430248998885766176E-15, 1.000000000000000000, 6.982962677686266711E-15 ) ) ;
#907 = VERTEX_POINT ( 'NONE', #837 ) ;
#908 = CIRCLE ( 'NONE', #276, 50.00000000000026290 ) ;
#909 = CARTESIAN_POINT ( 'NONE',  ( -2.500000000000260680, -62.84906164915283000, -47.46500897720406442 ) ) ;
#910 = CARTESIAN_POINT ( 'NONE',  ( 2.499999999999613642, -97.18496504918877577, -2.500000000000769163 ) ) ;
#911 = CARTESIAN_POINT ( 'NONE',  ( 10.00000000000004619, 37.68987830896137581, -22.91287847477931194 ) ) ;
#912 = CARTESIAN_POINT ( 'NONE',  ( 13.93383493758906688, 39.73255626491882708, -20.75929957341888965 ) ) ;
#913 = DIRECTION ( 'NONE',  ( 0.000000000000000000, -6.982962677686266711E-15, 1.000000000000000000 ) ) ;
#914 = EDGE_LOOP ( 'NONE', ( #880, #715, #56 ) ) ;
#915 = CARTESIAN_POINT ( 'NONE',  ( -2.500000000000381473, -96.94925265665689551, -5.677633454318656625 ) ) ;
#916 =( BOUNDED_SURFACE ( )  B_SPLINE_SURFACE ( 3, 3, ( 
 ( #1337, #668, #1141, #782 ),
 ( #567, #1115, #900, #457 ),
 ( #347, #1016, #29, #353 ),
 ( #1349, #149, #795, #1233 ) ),
 .UNSPECIFIED., .F., .F., .F. ) 
 B_SPLINE_SURFACE_WITH_KNOTS ( ( 4, 4 ),
 ( 4, 4 ),
 ( 0.000000000000000000, 1.000000000000000000 ),
 ( 0.000000000000000000, 1.000000000000000000 ),
 .UNSPECIFIED. ) 
 GEOMETRIC_REPRESENTATION_ITEM ( )  RATIONAL_B_SPLINE_SURFACE ( (
 ( 1.000000000000000000, 0.8237525346917973224, 0.8237525346917973224, 1.000000000000000000),
 ( 0.8190699571006432311, 0.6747109532515566110, 0.6747109532515566110, 0.8190699571006432311),
 ( 0.8190699571006432311, 0.6747109532515566110, 0.6747109532515566110, 0.8190699571006432311),
 ( 1.000000000000000000, 0.8237525346917973224, 0.8237525346917973224, 1.000000000000000000) ) ) 
 REPRESENTATION_ITEM ( '' )  SURFACE ( )  );
#917 = CARTESIAN_POINT ( 'NONE',  ( -9.999999999999827693, 77.68987830896129765, 4.527657211787962507E-13 ) ) ;
#918 = CARTESIAN_POINT ( 'NONE',  ( 18.03830236948222066, 37.87080861493592465, -17.32601321129850547 ) ) ;
#919 = DIRECTION ( 'NONE',  ( -3.430248998885766176E-15, -1.000000000000000000, -6.982962677686266711E-15 ) ) ;
#920 = ORIENTED_EDGE ( 'NONE', *, *, #145, .F. ) ;
#921 = EDGE_CURVE ( 'NONE', #1234, #1087, #588, .T. ) ;
#922 = FACE_OUTER_BOUND ( 'NONE', #914, .T. ) ;
#923 = PLANE ( 'NONE',  #1044 ) ;
#924 = PLANE ( 'NONE',  #648 ) ;
#925 = CARTESIAN_POINT ( 'NONE',  ( -38.32080659657619748, -79.33969541121219038, -2.500000000000648370 ) ) ;
#926 = ORIENTED_EDGE ( 'NONE', *, *, #731, .T. ) ;
#927 = VECTOR ( 'NONE', #1368, 1000.000000000000000 ) ;
#928 = VECTOR ( 'NONE', #990, 1000.000000000000000 ) ;
#929 = EDGE_CURVE ( 'NONE', #273, #1300, #51, .T. ) ;
#930 = DIRECTION ( 'NONE',  ( 1.000000000000000000, -3.330669073875434123E-15, -2.366582715663010193E-29 ) ) ;
#931 = PRODUCT_DEFINITION_CONTEXT ( 'detailed design', #462, 'design' ) ;
#932 = B_SPLINE_CURVE_WITH_KNOTS ( 'NONE', 3,
 ( #950, #1409, #206, #642, #319, #406, #633, #1081, #423, #847, #1169, #1401, #729, #214, #182, #1088, #1074, #303, #1283, #293, #1176, #103, #1387, #413, #747, #398 ),
 .UNSPECIFIED., .F., .F.,
 ( 4, 2, 2, 2, 2, 2, 2, 2, 2, 2, 2, 2, 4 ),
 ( 0.000000000000000000, 0.002271251611878858084, 0.004542503223757716167, 0.005678129029697141089, 0.006813754835636566011, 0.007949380641575990933, 0.009085006447515414987, 0.01135625805939428218, 0.01249188386533371491, 0.01362750967127314590, 0.01476313547721258036, 0.01589876128315201309, 0.01817001289503089936 ),
 .UNSPECIFIED. ) ;
#933 = CARTESIAN_POINT ( 'NONE',  ( -2.572686749164319035E-13, -47.31012169103858156, -4.201046135319861541E-13 ) ) ;
#934 = CARTESIAN_POINT ( 'NONE',  ( 2.499999999999613642, -97.18496504918881840, 2.499999999999231282 ) ) ;
#935 = CARTESIAN_POINT ( 'NONE',  ( 49.93746088859545296, -47.31012169103872367, -2.500000000000420552 ) ) ;
#936 = VERTEX_POINT ( 'NONE', #1143 ) ;
#937 = CARTESIAN_POINT ( 'NONE',  ( -9.999999999999966249, 37.68987830896142555, -22.91287847477931194 ) ) ;
#938 = DIRECTION ( 'NONE',  ( 0.000000000000000000, -6.982962677686266711E-15, 1.000000000000000000 ) ) ;
#939 = CARTESIAN_POINT ( 'NONE',  ( 2.499999999999607425, -97.10513700973112350, 4.092564385416258332 ) ) ;
#940 = CARTESIAN_POINT ( 'NONE',  ( -49.93746088859596455, -47.31012169103838971, -2.500000000000425882 ) ) ;
#941 = ORIENTED_EDGE ( 'NONE', *, *, #1325, .F. ) ;
#942 = AXIS2_PLACEMENT_3D ( 'NONE', #808, #913, #683 ) ;
#943 = CARTESIAN_POINT ( 'NONE',  ( -9.999999999999827693, 77.68987830896129765, 4.527657211787962507E-13 ) ) ;
#944 = FACE_OUTER_BOUND ( 'NONE', #518, .T. ) ;
#945 = CARTESIAN_POINT ( 'NONE',  ( -4.092564385417494677, -97.10513700973106666, -2.500000000000761169 ) ) ;
#946 = ADVANCED_FACE ( 'NONE', ( #44 ), #1352, .T. ) ;
#947 = ORIENTED_EDGE ( 'NONE', *, *, #1260, .T. ) ;
#948 = ORIENTED_EDGE ( 'NONE', *, *, #641, .T. ) ;
#949 = VECTOR ( 'NONE', #773, 1000.000000000000000 ) ;
#950 = CARTESIAN_POINT ( 'NONE',  ( -19.99999999999996447, 37.68987830896142555, -15.00000000000026645 ) ) ;
#951 = AXIS2_PLACEMENT_3D ( 'NONE', #1316, #328, #798 ) ;
#952 = CARTESIAN_POINT ( 'NONE',  ( -2.500000000000386358, -97.18496504918876155, -2.500000000000769163 ) ) ;
#953 = CARTESIAN_POINT ( 'NONE',  ( -17.99035267988820763, -94.00219876556563747, -2.500000000000746958 ) ) ;
#954 = CARTESIAN_POINT ( 'NONE',  ( 48.82868361499669874, -47.31012169103892973, 29.44651009771291328 ) ) ;
#955 = LINE ( 'NONE', #480, #547 ) ;
#956 = ORIENTED_EDGE ( 'NONE', *, *, #731, .F. ) ;
#957 = DIRECTION ( 'NONE',  ( 0.000000000000000000, -6.982962677686266711E-15, 1.000000000000000000 ) ) ;
#958 = CARTESIAN_POINT ( 'NONE',  ( -49.55681567230388396, -53.66629689062888531, 2.499999999999527489 ) ) ;
#959 = LINE ( 'NONE', #1397, #663 ) ;
#960 = CARTESIAN_POINT ( 'NONE',  ( -19.99999999999996447, 37.68987830896142555, -15.00000000000026645 ) ) ;
#961 = CARTESIAN_POINT ( 'NONE',  ( -2.572686749164321559E-13, -47.31012169103866682, -4.201046135319867095E-13 ) ) ;
#962 = ORIENTED_EDGE ( 'NONE', *, *, #1156, .F. ) ;
#963 = ADVANCED_FACE ( 'NONE', ( #1242 ), #693, .F. ) ;
#964 = EDGE_CURVE ( 'NONE', #1275, #151, #955, .T. ) ;
#965 = FACE_OUTER_BOUND ( 'NONE', #1314, .T. ) ;
#966 = VECTOR ( 'NONE', #1123, 1000.000000000000000 ) ;
#967 = ORIENTED_EDGE ( 'NONE', *, *, #297, .T. ) ;
#968 = CARTESIAN_POINT ( 'NONE',  ( -9.999999999999966249, 37.68987830896143976, -22.91287847477931550 ) ) ;
#969 = CARTESIAN_POINT ( 'NONE',  ( 3.430248998885765781E-14, 37.68987830896124791, 1.734472140713453551E-13 ) ) ;
#970 = CARTESIAN_POINT ( 'NONE',  ( 47.70607810869731935, -62.09211613515881822, 2.499999999999390266 ) ) ;
#971 = CARTESIAN_POINT ( 'NONE',  ( 25.75542838702290283, -90.10075544933108915, -2.500000000000719869 ) ) ;
#972 =( BOUNDED_SURFACE ( )  B_SPLINE_SURFACE ( 3, 3, ( 
 ( #503, #1061, #954, #1364 ),
 ( #74, #818, #623, #1153 ),
 ( #705, #401, #1376, #1148 ),
 ( #843, #49, #608, #162 ) ),
 .UNSPECIFIED., .F., .F., .F. ) 
 B_SPLINE_SURFACE_WITH_KNOTS ( ( 4, 4 ),
 ( 4, 4 ),
 ( 0.000000000000000000, 1.000000000000000000 ),
 ( 0.000000000000000000, 1.000000000000000000 ),
 .UNSPECIFIED. ) 
 GEOMETRIC_REPRESENTATION_ITEM ( )  RATIONAL_B_SPLINE_SURFACE ( (
 ( 1.000000000000000000, 0.8237525346917973224, 0.8237525346917973224, 1.000000000000000000),
 ( 0.8190699571006432311, 0.6747109532515566110, 0.6747109532515566110, 0.8190699571006432311),
 ( 0.8190699571006432311, 0.6747109532515566110, 0.6747109532515566110, 0.8190699571006432311),
 ( 1.000000000000000000, 0.8237525346917973224, 0.8237525346917973224, 1.000000000000000000) ) ) 
 REPRESENTATION_ITEM ( '' )  SURFACE ( )  );
#973 = ORIENTED_EDGE ( 'NONE', *, *, #929, .F. ) ;
#974 = CARTESIAN_POINT ( 'NONE',  ( 13.93689095809874345, 39.73026701127551519, 20.75723747140132858 ) ) ;
#975 = ORIENTED_EDGE ( 'NONE', *, *, #889, .F. ) ;
#976 = CARTESIAN_POINT ( 'NONE',  ( -5.145373498328649177E-13, -122.3101216910387734, 2.499999999999055866 ) ) ;
#977 = VECTOR ( 'NONE', #635, 1000.000000000000000 ) ;
#978 = DIRECTION ( 'NONE',  ( 1.000000000000000000, -3.430248998885766176E-15, -2.395330073438998468E-29 ) ) ;
#979 = CARTESIAN_POINT ( 'NONE',  ( 26.43666868615841992, -89.68330003435106335, 2.499999999999280575 ) ) ;
#980 = CARTESIAN_POINT ( 'NONE',  ( 47.70607810869731935, -62.09211613515878270, -2.500000000000467626 ) ) ;
#981 = ORIENTED_EDGE ( 'NONE', *, *, #370, .F. ) ;
#982 = CARTESIAN_POINT ( 'NONE',  ( 18.04628363363714882, 37.86930343877492788, 17.31761082042064714 ) ) ;
#983 = FACE_OUTER_BOUND ( 'NONE', #164, .T. ) ;
#984 = CARTESIAN_POINT ( 'NONE',  ( 2.499999999999771738, -47.31012169103891551, 49.93746088859528953 ) ) ;
#985 = EDGE_CURVE ( 'NONE', #179, #1269, #517, .T. ) ;
#986 = CARTESIAN_POINT ( 'NONE',  ( 4.093999309771133355, -97.10506508347238253, 2.499999999999233058 ) ) ;
#987 = CARTESIAN_POINT ( 'NONE',  ( 48.74336208377959423, -58.27876717580323174, -2.500000000000495159 ) ) ;
#988 = ORIENTED_EDGE ( 'NONE', *, *, #1037, .F. ) ;
#989 = B_SPLINE_CURVE_WITH_KNOTS ( 'NONE', 3,
 ( #653, #1205, #1415, #1288, #545, #970, #299, #1182, #775, #1, #852, #1405, #307, #418, #862, #1298, #1211, #751, #531, #203, #638, #979, #1094, #428, #870, #1305, #314, #1101, #878, #994, #761, #106, #986, #8 ),
 .UNSPECIFIED., .F., .F.,
 ( 4, 2, 2, 2, 2, 2, 2, 2, 2, 2, 2, 2, 2, 2, 2, 2, 4 ),
 ( 0.000000000000000000, 0.009440086100413015019, 0.01416012915061952079, 0.01652015067572277715, 0.01888017220082603351, 0.02832025830123899648, 0.03304030135144547797, 0.03540032287654872739, 0.03776034440165197681, 0.04720043050206489121, 0.04956045202716809900, 0.05192047355227130678, 0.05664051660247770154, 0.06608060270289048410, 0.06844062422799368495, 0.07080064575309688579, 0.07552068880330325973 ),
 .UNSPECIFIED. ) ;
#990 = DIRECTION ( 'NONE',  ( -3.430248998885766570E-15, -1.000000000000000000, -6.982962677686266711E-15 ) ) ;
#991 = DIRECTION ( 'NONE',  ( -1.000000000000000000, 3.430248998885766176E-15, 2.395330073438998468E-29 ) ) ;
#992 = VECTOR ( 'NONE', #508, 1000.000000000000000 ) ;
#993 = CARTESIAN_POINT ( 'NONE',  ( -46.08102517350452842, -66.56934798600434533, -2.500000000000510259 ) ) ;
#994 = CARTESIAN_POINT ( 'NONE',  ( 8.821827560899681231, -96.46863696263559973, 2.499999999999238387 ) ) ;
#995 = CARTESIAN_POINT ( 'NONE',  ( 49.93746088859546006, -50.50212282141061593, -2.500000000000442757 ) ) ;
#996 = EDGE_CURVE ( 'NONE', #273, #317, #1216, .T. ) ;
#997 = ORIENTED_EDGE ( 'NONE', *, *, #405, .F. ) ;
#998 = B_SPLINE_CURVE_WITH_KNOTS ( 'NONE', 3,
 ( #1412, #200, #183, #440, #651, #1403, #1170, #740, #758, #1195, #287, #1091, #1083, #1187, #1419, #619, #1098, #733, #1067, #1076, #1202, #80, #850, #522, #514, #408, #1396, #6, #958, #749, #1286, #416, #208, #432 ),
 .UNSPECIFIED., .F., .F.,
 ( 4, 2, 2, 2, 2, 2, 2, 2, 2, 2, 2, 2, 2, 2, 2, 2, 4 ),
 ( 7.885959240060925792E-17, 0.004771606103980956075, 0.009543212207961832352, 0.01908642441592357797, 0.02385803051990445858, 0.02862963662388533920, 0.03817284883184709349, 0.04055865188383753900, 0.04294445493582798451, 0.04771606103980889635, 0.05248766714378980819, 0.05487347019578026758, 0.05725927324777072003, 0.06680248545573254371, 0.07157409155971344861, 0.07395989461170389412, 0.07634569766369435351 ),
 .UNSPECIFIED. ) ;
#999 = CARTESIAN_POINT ( 'NONE',  ( -2.500000000000266898, -64.35645806280108161, -46.94473504588849977 ) ) ;
#1000 = CARTESIAN_POINT ( 'NONE',  ( 0.000000000000000000, 27.68987830896124791, 1.036175872944826753E-13 ) ) ;
#1001 = AXIS2_PLACEMENT_3D ( 'NONE', #236, #674, #131 ) ;
#1002 = DIRECTION ( 'NONE',  ( 3.430248998885766176E-15, 1.000000000000000000, 6.982962677686266711E-15 ) ) ;
#1003 = CARTESIAN_POINT ( 'NONE',  ( 2.499999999999669598, -79.35570831343491705, -38.30744002835130857 ) ) ;
#1004 = AXIS2_PLACEMENT_3D ( 'NONE', #626, #86, #520 ) ;
#1005 = VERTEX_POINT ( 'NONE', #805 ) ;
#1006 = LINE ( 'NONE', #665, #1411 ) ;
#1007 = DIRECTION ( 'NONE',  ( -3.430248998885765387E-15, -1.000000000000000000, -6.982962677686266711E-15 ) ) ;
#1008 = CARTESIAN_POINT ( 'NONE',  ( 2.500000000000041744, 27.68987830896106317, 24.87468592766573039 ) ) ;
#1009 = CARTESIAN_POINT ( 'NONE',  ( 4.412478072883800904E-28, -47.31012169103862419, -4.201046135319864066E-13 ) ) ;
#1010 = CARTESIAN_POINT ( 'NONE',  ( 24.87468592766549946, 27.68987830896126567, -2.499999999999896971 ) ) ;
#1011 = ORIENTED_EDGE ( 'NONE', *, *, #703, .T. ) ;
#1012 = CARTESIAN_POINT ( 'NONE',  ( 2.500000000000041744, 27.68987830896114843, 24.87468592766560249 ) ) ;
#1013 = ADVANCED_FACE ( 'NONE', ( #1131 ), #1391, .T. ) ;
#1014 = CARTESIAN_POINT ( 'NONE',  ( 10.00000000000017231, 77.68987830896121238, 4.527657211787957963E-13 ) ) ;
#1015 = CARTESIAN_POINT ( 'NONE',  ( 0.000000000000000000, 27.68987830896124791, 1.036175872944826753E-13 ) ) ;
#1016 = CARTESIAN_POINT ( 'NONE',  ( 30.18376661311631182, -95.49406556931957368, -18.20255068451647773 ) ) ;
#1017 = ORIENTED_EDGE ( 'NONE', *, *, #985, .T. ) ;
#1018 = CARTESIAN_POINT ( 'NONE',  ( 0.000000000000000000, 27.68987830896124791, 1.036175872944826753E-13 ) ) ;
#1019 = CARTESIAN_POINT ( 'NONE',  ( -2.500000000000258904, -55.23048236745785289, 49.33048653668115691 ) ) ;
#1020 = CARTESIAN_POINT ( 'NONE',  ( 10.00000000000012079, 62.68987830896120528, 3.461843108147807179E-13 ) ) ;
#1021 = FACE_OUTER_BOUND ( 'NONE', #594, .T. ) ;
#1022 = ORIENTED_EDGE ( 'NONE', *, *, #1100, .F. ) ;
#1023 = CIRCLE ( 'NONE', #123, 25.00000000000026645 ) ;
#1024 = CARTESIAN_POINT ( 'NONE',  ( -29.44651009771373040, -75.18459022027190031, -48.82868361499770771 ) ) ;
#1025 = CARTESIAN_POINT ( 'NONE',  ( -2.500000000000386358, -96.48750159103214230, 8.824207050395751040 ) ) ;
#1026 = APPLICATION_PROTOCOL_DEFINITION ( 'draft international standard', 'automotive_design', 1998, #462 ) ;
#1027 = PLANE ( 'NONE',  #598 ) ;
#1028 = CARTESIAN_POINT ( 'NONE',  ( -19.99999999999993250, 47.68987830896116265, 22.91287847477972406 ) ) ;
#1029 = ADVANCED_FACE ( 'NONE', ( #922 ), #863, .T. ) ;
#1030 = ORIENTED_EDGE ( 'NONE', *, *, #94, .F. ) ;
#1031 = CARTESIAN_POINT ( 'NONE',  ( -2.499999999999958256, 27.68987830896108093, 24.87468592766574105 ) ) ;
#1032 = CARTESIAN_POINT ( 'NONE',  ( 0.000000000000000000, 27.68987830896124791, 1.036175872944826753E-13 ) ) ;
#1033 = DIRECTION ( 'NONE',  ( 1.000000000000000000, -3.469446951953596045E-15, -2.366582715663023085E-29 ) ) ;
#1034 = CARTESIAN_POINT ( 'NONE',  ( 3.430248998885765781E-14, 37.68987830896124791, 1.734472140713453551E-13 ) ) ;
#1035 = EDGE_LOOP ( 'NONE', ( #375, #1173, #69, #1402 ) ) ;
#1036 = VECTOR ( 'NONE', #33, 1000.000000000000000 ) ;
#1037 = EDGE_CURVE ( 'NONE', #197, #317, #727, .T. ) ;
#1038 = CARTESIAN_POINT ( 'NONE',  ( -2.500000000000381029, -96.60289511741167701, -8.037704840445480059 ) ) ;
#1039 = CARTESIAN_POINT ( 'NONE',  ( -2.500000000000472955, -122.3101216910387450, -9.438268143584573439E-13 ) ) ;
#1040 = CARTESIAN_POINT ( 'NONE',  ( 2.499999999999718447, -71.57349531729468595, 43.67538922819302627 ) ) ;
#1041 = ORIENTED_EDGE ( 'NONE', *, *, #538, .T. ) ;
#1042 = ORIENTED_EDGE ( 'NONE', *, *, #579, .F. ) ;
#1043 = AXIS2_PLACEMENT_3D ( 'NONE', #976, #765, #312 ) ;
#1044 = AXIS2_PLACEMENT_3D ( 'NONE', #475, #1050, #64 ) ;
#1045 = DIRECTION ( 'NONE',  ( 0.000000000000000000, -6.982962677686266711E-15, 1.000000000000000000 ) ) ;
#1046 = DIRECTION ( 'NONE',  ( 1.000000000000000000, -3.330669073875434911E-15, -2.366582715663010753E-29 ) ) ;
#1047 = CARTESIAN_POINT ( 'NONE',  ( -38.82268957556250655, -78.72939026569974885, -2.500000000000630607 ) ) ;
#1048 = LINE ( 'NONE', #1370, #147 ) ;
#1049 = EDGE_LOOP ( 'NONE', ( #421, #562, #1063, #755, #973 ) ) ;
#1050 = DIRECTION ( 'NONE',  ( 0.000000000000000000, -6.982962677686266711E-15, 1.000000000000000000 ) ) ;
#1051 = EDGE_LOOP ( 'NONE', ( #1330, #988, #1417, #1384, #414 ) ) ;
#1052 = EDGE_CURVE ( 'NONE', #1269, #473, #616, .T. ) ;
#1053 = DIRECTION ( 'NONE',  ( -3.430248998885766176E-15, -1.000000000000000000, -6.982962677686266711E-15 ) ) ;
#1054 = CARTESIAN_POINT ( 'NONE',  ( -43.67538922819396419, -71.57349531729417436, -2.500000000000595524 ) ) ;
#1055 = DIRECTION ( 'NONE',  ( -0.000000000000000000, -6.982962677686266711E-15, 1.000000000000000000 ) ) ;
#1056 = ORIENTED_EDGE ( 'NONE', *, *, #753, .T. ) ;
#1057 = AXIS2_PLACEMENT_3D ( 'NONE', #254, #1137, #186 ) ;
#1058 = DIRECTION ( 'NONE',  ( -1.000000000000000000, 3.430248998885766570E-15, 2.395330073438998748E-29 ) ) ;
#1059 = CARTESIAN_POINT ( 'NONE',  ( -25.00000000000013145, 27.68987830896133318, 1.005559702966148772E-13 ) ) ;
#1060 = CARTESIAN_POINT ( 'NONE',  ( 2.499999999999746869, -55.23048236745786710, 49.33048653668116401 ) ) ;
#1061 = CARTESIAN_POINT ( 'NONE',  ( 29.44651009771310157, -47.31012169103900078, 48.82868361499653531 ) ) ;
#1062 = DIRECTION ( 'NONE',  ( 1.000000000000000000, -3.469446951953596045E-15, -2.415886522239336042E-29 ) ) ;
#1063 = ORIENTED_EDGE ( 'NONE', *, *, #1335, .F. ) ;
#1064 = VECTOR ( 'NONE', #828, 1000.000000000000000 ) ;
#1065 = CARTESIAN_POINT ( 'NONE',  ( 10.85647049756305549, 43.62369575003243938, 22.52043955241075679 ) ) ;
#1066 = MECHANICAL_DESIGN_GEOMETRIC_PRESENTATION_REPRESENTATION (  '', ( #258 ), #1116 ) ;
#1067 = CARTESIAN_POINT ( 'NONE',  ( -41.19174227900742125, -75.58487886045899984, 2.499999999999383604 ) ) ;
#1068 = CARTESIAN_POINT ( 'NONE',  ( 2.499999999999724665, -72.93789730511024061, 42.88867731749947865 ) ) ;
#1069 = CARTESIAN_POINT ( 'NONE',  ( -9.999999999999657163, 127.6898783089614398, -22.91287847477868311 ) ) ;
#1070 = CARTESIAN_POINT ( 'NONE',  ( -30.88159970837068968, -95.49406556931948842, -1.272928738746599731 ) ) ;
#1071 = EDGE_CURVE ( 'NONE', #115, #510, #340, .T. ) ;
#1072 = ADVANCED_FACE ( 'NONE', ( #1108 ), #532, .T. ) ;
#1073 = ORIENTED_EDGE ( 'NONE', *, *, #704, .T. ) ;
#1074 = CARTESIAN_POINT ( 'NONE',  ( -11.76290598202790783, 42.00764529487183552, -22.06092635451064865 ) ) ;
#1075 = ORIENTED_EDGE ( 'NONE', *, *, #196, .F. ) ;
#1076 = CARTESIAN_POINT ( 'NONE',  ( -42.88867731750044499, -72.93789730510978586, 2.499999999999403144 ) ) ;
#1077 = CARTESIAN_POINT ( 'NONE',  ( -49.33048653668193140, -55.23048236745734840, -2.500000000000484501 ) ) ;
#1078 = CARTESIAN_POINT ( 'NONE',  ( 10.00000000000006928, 47.68987830896104896, 22.91287847477972406 ) ) ;
#1079 = CARTESIAN_POINT ( 'NONE',  ( 2.499999999999672262, -78.73955742447269301, -38.81462694712088535 ) ) ;
#1080 = EDGE_LOOP ( 'NONE', ( #849, #1241, #1056, #1136, #382, #512 ) ) ;
#1081 = CARTESIAN_POINT ( 'NONE',  ( -15.86511017280902891, 38.57980813708166323, -19.32435477421129733 ) ) ;
#1082 = EDGE_LOOP ( 'NONE', ( #603, #720, #534, #838 ) ) ;
#1083 = CARTESIAN_POINT ( 'NONE',  ( -34.00782169760244500, -84.01663372087749337, 2.499999999999324540 ) ) ;
#1084 = CARTESIAN_POINT ( 'NONE',  ( -2.499999999999958256, 27.68987830896108093, 24.87468592766561315 ) ) ;
#1085 = CARTESIAN_POINT ( 'NONE',  ( 10.00000000000017231, 77.68987830896121238, 4.527657211787957963E-13 ) ) ;
#1086 = CARTESIAN_POINT ( 'NONE',  ( 48.37322329338493176, -59.81173203710293507, -2.500000000000452083 ) ) ;
#1087 = VERTEX_POINT ( 'NONE', #107 ) ;
#1088 = CARTESIAN_POINT ( 'NONE',  ( -11.97647981198256772, 41.71061616407143191, -21.94606981415757474 ) ) ;
#1089 = EDGE_LOOP ( 'NONE', ( #220, #1229, #290, #1221, #763 ) ) ;
#1090 = EDGE_CURVE ( 'NONE', #38, #568, #1379, .T. ) ;
#1091 = CARTESIAN_POINT ( 'NONE',  ( -31.62851839845535906, -86.08224934988047039, 2.499999999999312550 ) ) ;
#1092 = VECTOR ( 'NONE', #90, 1000.000000000000000 ) ;
#1093 = DIRECTION ( 'NONE',  ( -3.430248998885766176E-15, -1.000000000000000000, -6.982962677686266711E-15 ) ) ;
#1094 = CARTESIAN_POINT ( 'NONE',  ( 25.75542838702289572, -90.10075544933111757, 2.499999999999287681 ) ) ;
#1095 = CARTESIAN_POINT ( 'NONE',  ( 2.499999999999664269, -80.55656844063031485, -37.27000619836007900 ) ) ;
#1096 = ORIENTED_EDGE ( 'NONE', *, *, #94, .T. ) ;
#1097 = CARTESIAN_POINT ( 'NONE',  ( 4.412478072883800904E-28, -47.31012169103862419, -4.201046135319864066E-13 ) ) ;
#1098 = CARTESIAN_POINT ( 'NONE',  ( -38.82268957556250655, -78.72939026569979148, 2.499999999999362288 ) ) ;
#1099 = FACE_OUTER_BOUND ( 'NONE', #1184, .T. ) ;
#1100 = EDGE_CURVE ( 'NONE', #311, #830, #1149, .T. ) ;
#1101 = CARTESIAN_POINT ( 'NONE',  ( 11.16534080582828992, -95.98986996801068017, 2.499999999999252598 ) ) ;
#1102 = CARTESIAN_POINT ( 'NONE',  ( 2.499999999999678479, -76.85834974442690282, -40.28884462440792191 ) ) ;
#1103 = CARTESIAN_POINT ( 'NONE',  ( -2.500000000000233591, -53.64248376059827450, -49.63423530813803808 ) ) ;
#1104 = CARTESIAN_POINT ( 'NONE',  ( -2.500000000000302869, -72.93789730511021219, 42.88867731749946444 ) ) ;
#1105 = VECTOR ( 'NONE', #223, 1000.000000000000000 ) ;
#1106 = CARTESIAN_POINT ( 'NONE',  ( -2.499999999999958256, 27.68987830896127278, -2.499999999999896971 ) ) ;
#1107 = CARTESIAN_POINT ( 'NONE',  ( 10.00000000000034284, 127.6898783089610561, 22.91287847478028183 ) ) ;
#1108 = FACE_OUTER_BOUND ( 'NONE', #240, .T. ) ;
#1109 = VERTEX_POINT ( 'NONE', #308 ) ;
#1110 = CARTESIAN_POINT ( 'NONE',  ( -2.500000000000206501, -62.09211613515830663, -47.70607810869815779 ) ) ;
#1111 = PLANE ( 'NONE',  #1386 ) ;
#1112 =( NAMED_UNIT ( * ) SI_UNIT ( $, .STERADIAN. ) SOLID_ANGLE_UNIT ( ) );
#1113 = AXIS2_PLACEMENT_3D ( 'NONE', #1014, #680, #1126 ) ;
#1114 = DIRECTION ( 'NONE',  ( 0.000000000000000000, -6.982962677686266711E-15, 1.000000000000000000 ) ) ;
#1115 = CARTESIAN_POINT ( 'NONE',  ( 48.82868361499670584, -75.18459022027229821, -29.44651009771401107 ) ) ;
#1116 =( GEOMETRIC_REPRESENTATION_CONTEXT ( 3 ) GLOBAL_UNCERTAINTY_ASSIGNED_CONTEXT ( ( #813 ) ) GLOBAL_UNIT_ASSIGNED_CONTEXT ( ( #700, #597, #1257 ) ) REPRESENTATION_CONTEXT ( 'NONE', 'WORKASPACE' ) );
#1117 = EDGE_LOOP ( 'NONE', ( #1395, #981, #1263 ) ) ;
#1118 = EDGE_CURVE ( 'NONE', #348, #568, #472, .T. ) ;
#1119 = CARTESIAN_POINT ( 'NONE',  ( -2.500000000000354383, -88.81913483280358435, -27.77382800646492456 ) ) ;
#1120 = CARTESIAN_POINT ( 'NONE',  ( -2.500000000000371703, -92.01451072808043818, 22.31100207509507882 ) ) ;
#1121 = APPLICATION_PROTOCOL_DEFINITION ( 'draft international standard', 'automotive_design', 1998, #26 ) ;
#1122 = CARTESIAN_POINT ( 'NONE',  ( 10.34494073580756357, 45.05864795971331205, -22.75941639119796989 ) ) ;
#1123 = DIRECTION ( 'NONE',  ( 3.430248998885766176E-15, 1.000000000000000000, 6.982962677686266711E-15 ) ) ;
#1124 = ORIENTED_EDGE ( 'NONE', *, *, #704, .F. ) ;
#1125 = CARTESIAN_POINT ( 'NONE',  ( -19.99999999999996447, 37.68987830896131896, 1.734472140713458347E-13 ) ) ;
#1126 = DIRECTION ( 'NONE',  ( 3.469446951953614189E-15, 1.000000000000000000, 6.982962677686264344E-15 ) ) ;
#1127 = VECTOR ( 'NONE', #583, 1000.000000000000000 ) ;
#1128 = LINE ( 'NONE', #667, #102 ) ;
#1129 = CARTESIAN_POINT ( 'NONE',  ( 2.499999999999634959, -90.10075544933086178, -25.75542838702397574 ) ) ;
#1130 = EDGE_LOOP ( 'NONE', ( #168, #1124 ) ) ;
#1131 = FACE_OUTER_BOUND ( 'NONE', #1308, .T. ) ;
#1132 = CARTESIAN_POINT ( 'NONE',  ( -2.500000000000336620, -79.33969541121260249, 38.32080659657516009 ) ) ;
#1133 = DIRECTION ( 'NONE',  ( 0.000000000000000000, 0.000000000000000000, 1.000000000000000000 ) ) ;
#1134 = CARTESIAN_POINT ( 'NONE',  ( 10.85215055985095844, 43.63345005138262422, -22.52251699277866592 ) ) ;
#1135 = PLANE ( 'NONE',  #942 ) ;
#1136 = ORIENTED_EDGE ( 'NONE', *, *, #495, .T. ) ;
#1137 = DIRECTION ( 'NONE',  ( 3.430248998885766176E-15, 1.000000000000000000, 6.982962677686266711E-15 ) ) ;
#1138 = LINE ( 'NONE', #937, #14 ) ;
#1139 = ADVANCED_FACE ( 'NONE', ( #1356 ), #561, .T. ) ;
#1140 = CARTESIAN_POINT ( 'NONE',  ( -19.54035209404349871, 37.68987830896121238, 15.61286387460898872 ) ) ;
#1141 = CARTESIAN_POINT ( 'NONE',  ( 29.44651009771311934, -47.31012169103832576, -48.82868361499735954 ) ) ;
#1142 = EDGE_LOOP ( 'NONE', ( #677, #1302, #1407, #451, #1017, #757, #354, #270, #845, #493, #582, #142, #392, #1371, #1042, #1161, #615, #956 ) ) ;
#1143 = CARTESIAN_POINT ( 'NONE',  ( -24.87468592766549946, 27.68987830896135094, -2.499999999999896971 ) ) ;
#1144 = CARTESIAN_POINT ( 'NONE',  ( 10.00000000000003553, 37.68987830896107027, 22.91287847477965300 ) ) ;
#1145 = CARTESIAN_POINT ( 'NONE',  ( 0.000000000000000000, 27.68987830896124791, 1.036175872944826753E-13 ) ) ;
#1146 = CARTESIAN_POINT ( 'NONE',  ( -2.499999999999958256, 27.68987830896142910, -24.87468592766553144 ) ) ;
#1147 = EDGE_CURVE ( 'NONE', #1284, #87, #611, .T. ) ;
#1148 = CARTESIAN_POINT ( 'NONE',  ( 30.88159970836984769, -95.49406556931971579, 1.272928738745075616 ) ) ;
#1149 = CIRCLE ( 'NONE', #248, 25.00000000000025935 ) ;
#1150 = ORIENTED_EDGE ( 'NONE', *, *, #797, .F. ) ;
#1151 = DIRECTION ( 'NONE',  ( 1.000000000000000000, -3.469446951953596045E-15, -2.366582715663023085E-29 ) ) ;
#1152 = CARTESIAN_POINT ( 'NONE',  ( -2.500000000000386358, -97.18496504918876155, -2.500000000000769163 ) ) ;
#1153 = CARTESIAN_POINT ( 'NONE',  ( 49.95757756189734522, -75.18459022027252558, 2.059233873801176173 ) ) ;
#1154 = ORIENTED_EDGE ( 'NONE', *, *, #929, .T. ) ;
#1155 = CIRCLE ( 'NONE', #1341, 50.00000000000026290 ) ;
#1156 = EDGE_CURVE ( 'NONE', #396, #936, #581, .T. ) ;
#1157 = CARTESIAN_POINT ( 'NONE',  ( -9.999999999999657163, 127.6898783089611129, 22.91287847478028183 ) ) ;
#1158 = VERTEX_POINT ( 'NONE', #1010 ) ;
#1159 = CARTESIAN_POINT ( 'NONE',  ( -15.02800557802875758, 39.00782476880034011, 19.98204773229122821 ) ) ;
#1160 = CARTESIAN_POINT ( 'NONE',  ( 2.499999999999779732, -50.49548015005506585, 49.84213279939974939 ) ) ;
#1161 = ORIENTED_EDGE ( 'NONE', *, *, #453, .T. ) ;
#1162 = ORIENTED_EDGE ( 'NONE', *, *, #121, .T. ) ;
#1163 = EDGE_CURVE ( 'NONE', #872, #1390, #464, .T. ) ;
#1164 = CARTESIAN_POINT ( 'NONE',  ( -19.05187649875822231, 37.72175666664062277, 16.20484767120727199 ) ) ;
#1165 = CARTESIAN_POINT ( 'NONE',  ( 2.499999999999771738, -47.31012169103891551, 49.93746088859528953 ) ) ;
#1166 = CARTESIAN_POINT ( 'NONE',  ( 4.412478072883800904E-28, -47.31012169103863840, 2.499999999999579448 ) ) ;
#1167 = ORIENTED_EDGE ( 'NONE', *, *, #224, .T. ) ;
#1168 = VECTOR ( 'NONE', #877, 1000.000000000000000 ) ;
#1169 = CARTESIAN_POINT ( 'NONE',  ( -14.75766441274072882, 39.16781278941373046, -20.18227221730228038 ) ) ;
#1170 = CARTESIAN_POINT ( 'NONE',  ( -17.99035267988820763, -94.00219876556568011, 2.499999999999261480 ) ) ;
#1171 = CARTESIAN_POINT ( 'NONE',  ( 2.499999999999630962, -88.82857444133669844, 27.79282004475248868 ) ) ;
#1172 = EDGE_CURVE ( 'NONE', #430, #317, #141, .T. ) ;
#1173 = ORIENTED_EDGE ( 'NONE', *, *, #176, .T. ) ;
#1174 = CARTESIAN_POINT ( 'NONE',  ( -2.500000000000382805, -97.10506508347228305, -4.093999309772369699 ) ) ;
#1175 = VERTEX_POINT ( 'NONE', #690 ) ;
#1176 = CARTESIAN_POINT ( 'NONE',  ( -10.71099896338728108, 43.96751502401152578, -22.58968930936018538 ) ) ;
#1177 = VERTEX_POINT ( 'NONE', #23 ) ;
#1178 = AXIS2_PLACEMENT_3D ( 'NONE', #778, #896, #541 ) ;
#1179 = CARTESIAN_POINT ( 'NONE',  ( -9.999999999999984013, 37.68987830896112712, 22.91287847477965300 ) ) ;
#1180 = CARTESIAN_POINT ( 'NONE',  ( -30.88159970837068968, -95.49406556931948842, 1.272928738745064958 ) ) ;
#1181 = ADVANCED_FACE ( 'NONE', ( #1329 ), #1135, .T. ) ;
#1182 = CARTESIAN_POINT ( 'NONE',  ( 46.94473504588762580, -64.35645806280153636, 2.499999999999465317 ) ) ;
#1183 = CARTESIAN_POINT ( 'NONE',  ( 36.73861411736837823, -81.14275992856430264, -2.500000000000656808 ) ) ;
#1184 = EDGE_LOOP ( 'NONE', ( #438, #948 ) ) ;
#1185 = CARTESIAN_POINT ( 'NONE',  ( 25.00000000000029488, 37.68987830896116265, -8.642374197875181781E-14 ) ) ;
#1186 = ORIENTED_EDGE ( 'NONE', *, *, #815, .F. ) ;
#1187 = CARTESIAN_POINT ( 'NONE',  ( -36.75087913375092796, -81.12960210576800080, 2.499999999999344080 ) ) ;
#1188 = DIRECTION ( 'NONE',  ( -3.430248998885766570E-15, -1.000000000000000000, -6.982962677686266711E-15 ) ) ;
#1189 = LINE ( 'NONE', #218, #767 ) ;
#1190 = CARTESIAN_POINT ( 'NONE',  ( 27.77382800646383743, -88.81913483280382593, -2.500000000000705214 ) ) ;
#1191 = ORIENTED_EDGE ( 'NONE', *, *, #224, .F. ) ;
#1192 = EDGE_CURVE ( 'NONE', #1158, #311, #48, .T. ) ;
#1193 = CARTESIAN_POINT ( 'NONE',  ( 0.000000000000000000, 27.68987830896124791, 1.036175872944826753E-13 ) ) ;
#1194 = ORIENTED_EDGE ( 'NONE', *, *, #898, .F. ) ;
#1195 = CARTESIAN_POINT ( 'NONE',  ( -26.46948873493971277, -89.68492657898092091, 2.499999999999281464 ) ) ;
#1196 = CARTESIAN_POINT ( 'NONE',  ( -29.44651009771358119, -47.31012169103880183, 48.82868361499655663 ) ) ;
#1197 = DIRECTION ( 'NONE',  ( 3.430248998885766176E-15, 1.000000000000000000, 6.982962677686266711E-15 ) ) ;
#1198 = CARTESIAN_POINT ( 'NONE',  ( 2.499999999999718003, -65.10311417244305687, -46.66677822977242585 ) ) ;
#1199 = EDGE_LOOP ( 'NONE', ( #1162, #389, #1022, #726 ) ) ;
#1200 = ADVANCED_FACE ( 'NONE', ( #133 ), #916, .T. ) ;
#1201 = CARTESIAN_POINT ( 'NONE',  ( 10.08812750137408720, 46.16016761416918257, 22.87501038207046733 ) ) ;
#1202 = CARTESIAN_POINT ( 'NONE',  ( -43.67538922819398550, -71.57349531729423120, 2.499999999999400480 ) ) ;
#1203 = VECTOR ( 'NONE', #110, 1000.000000000000000 ) ;
#1204 = CARTESIAN_POINT ( 'NONE',  ( 3.430248998885765781E-14, 37.68987830896124791, 1.734472140713453551E-13 ) ) ;
#1205 = CARTESIAN_POINT ( 'NONE',  ( 49.93746088859544585, -50.50212282141063014, 2.499999999999554579 ) ) ;
#1206 = CARTESIAN_POINT ( 'NONE',  ( 2.499999999999693578, -59.81173203710248032, -48.37322329338574178 ) ) ;
#1207 = ORIENTED_EDGE ( 'NONE', *, *, #461, .F. ) ;
#1208 = PLANE ( 'NONE',  #1309 ) ;
#1209 = DIRECTION ( 'NONE',  ( -0.000000000000000000, -6.982962677686266711E-15, 1.000000000000000000 ) ) ;
#1210 = CARTESIAN_POINT ( 'NONE',  ( -2.059233873801995518, -47.31012169103890841, 49.95757756189716048 ) ) ;
#1211 = CARTESIAN_POINT ( 'NONE',  ( 36.73861411736837823, -81.14275992856435948, 2.499999999999327205 ) ) ;
#1212 = CARTESIAN_POINT ( 'NONE',  ( 38.81462694711989769, -78.73955742447309092, -2.500000000000638156 ) ) ;
#1213 = VERTEX_POINT ( 'NONE', #574 ) ;
#1214 = PLANE ( 'NONE',  #951 ) ;
#1215 = CARTESIAN_POINT ( 'NONE',  ( -2.500000000000270450, -69.46442729992075726, 44.76116591397739342 ) ) ;
#1216 = CIRCLE ( 'NONE', #876, 25.00000000000025935 ) ;
#1217 =( LENGTH_UNIT ( ) NAMED_UNIT ( * ) SI_UNIT ( .MILLI., .METRE. ) );
#1218 = ADVANCED_FACE ( 'NONE', ( #1021 ), #359, .F. ) ;
#1219 = CARTESIAN_POINT ( 'NONE',  ( 10.00000000000006928, 47.68987830896104896, 22.91287847477972406 ) ) ;
#1220 = CARTESIAN_POINT ( 'NONE',  ( 24.87468592766563091, 27.68987830896117686, -2.499999999999896971 ) ) ;
#1221 = ORIENTED_EDGE ( 'NONE', *, *, #555, .T. ) ;
#1222 = CARTESIAN_POINT ( 'NONE',  ( -2.500000000000313527, -78.73955742447270723, -38.81462694712089956 ) ) ;
#1223 = CYLINDRICAL_SURFACE ( 'NONE', #1001, 15.00000000000000000 ) ;
#1224 = CIRCLE ( 'NONE', #325, 25.00000000000026645 ) ;
#1225 = FACE_OUTER_BOUND ( 'NONE', #1051, .T. ) ;
#1226 = DIRECTION ( 'NONE',  ( 0.000000000000000000, 6.982962677686266711E-15, -1.000000000000000000 ) ) ;
#1227 = CIRCLE ( 'NONE', #422, 25.00000000000026645 ) ;
#1228 = EDGE_CURVE ( 'NONE', #1213, #1300, #1315, .T. ) ;
#1229 = ORIENTED_EDGE ( 'NONE', *, *, #479, .F. ) ;
#1230 = DIRECTION ( 'NONE',  ( 1.000000000000000000, -3.469446951953577112E-15, -2.415886522239322870E-29 ) ) ;
#1231 = CARTESIAN_POINT ( 'NONE',  ( -2.500000000000242473, -48.90393101154391786, 49.91837820237449108 ) ) ;
#1232 = CARTESIAN_POINT ( 'NONE',  ( 19.54035209404356976, 37.68987830896130475, -15.61286387460865299 ) ) ;
#1233 = CARTESIAN_POINT ( 'NONE',  ( 0.1271171340864647448, -97.21476499968073881, -3.083896475473771659 ) ) ;
#1234 = VERTEX_POINT ( 'NONE', #710 ) ;
#1235 = DIRECTION ( 'NONE',  ( -1.000000000000000000, 3.430248998885766176E-15, 2.395330073438998468E-29 ) ) ;
#1236 = DIRECTION ( 'NONE',  ( -1.000000000000000000, 3.430248998885765387E-15, 2.395330073438998188E-29 ) ) ;
#1237 = DIRECTION ( 'NONE',  ( 3.430248998885766176E-15, 1.000000000000000000, 6.982962677686266711E-15 ) ) ;
#1238 = VECTOR ( 'NONE', #853, 1000.000000000000000 ) ;
#1239 = DIRECTION ( 'NONE',  ( -3.430248998885766570E-15, -1.000000000000000000, -6.982962677686266711E-15 ) ) ;
#1240 = CARTESIAN_POINT ( 'NONE',  ( 2.499999999999629186, -92.02314905156707425, -22.29293092970273804 ) ) ;
#1241 = ORIENTED_EDGE ( 'NONE', *, *, #1414, .F. ) ;
#1242 = FACE_OUTER_BOUND ( 'NONE', #407, .T. ) ;
#1243 = EDGE_CURVE ( 'NONE', #1109, #1158, #497, .T. ) ;
#1244 = CARTESIAN_POINT ( 'NONE',  ( 3.430248998885765781E-14, 37.68987830896124791, 1.734472140713453551E-13 ) ) ;
#1245 = DIRECTION ( 'NONE',  ( 3.430248998885766176E-15, 1.000000000000000000, 6.982962677686266711E-15 ) ) ;
#1246 = DIRECTION ( 'NONE',  ( 1.000000000000000000, -3.469446951953577112E-15, -2.415886522239322870E-29 ) ) ;
#1247 = CARTESIAN_POINT ( 'NONE',  ( 2.499999999999603428, -97.10506508347236831, -4.093999309772364370 ) ) ;
#1248 = VECTOR ( 'NONE', #938, 1000.000000000000000 ) ;
#1249 = ORIENTED_EDGE ( 'NONE', *, *, #622, .F. ) ;
#1250 = COLOUR_RGB ( '',0.7921568627450980005, 0.8196078431372548767, 0.9333333333333333481 ) ;
#1251 = CARTESIAN_POINT ( 'NONE',  ( -48.82868361499740928, -75.18459022027194294, -29.44651009771404659 ) ) ;
#1252 = SURFACE_STYLE_FILL_AREA ( #722 ) ;
#1253 = CARTESIAN_POINT ( 'NONE',  ( 2.499999999999785949, -47.31012169103822629, -49.93746088859612087 ) ) ;
#1254 = CARTESIAN_POINT ( 'NONE',  ( 2.499999999999692690, -66.56934798600485692, 46.08102517350366867 ) ) ;
#1255 = EDGE_LOOP ( 'NONE', ( #58, #492 ) ) ;
#1256 = EDGE_LOOP ( 'NONE', ( #920, #643 ) ) ;
#1257 =( NAMED_UNIT ( * ) SI_UNIT ( $, .STERADIAN. ) SOLID_ANGLE_UNIT ( ) );
#1258 = CARTESIAN_POINT ( 'NONE',  ( -18.03830236948215671, 37.87080861493581097, 17.32601321129885008 ) ) ;
#1259 = CARTESIAN_POINT ( 'NONE',  ( 2.499999999999640732, -86.08224934988083987, 31.62851839845420798 ) ) ;
#1260 = EDGE_CURVE ( 'NONE', #151, #1392, #1374, .T. ) ;
#1261 = EDGE_CURVE ( 'NONE', #412, #87, #150, .T. ) ;
#1262 = ORIENTED_EDGE ( 'NONE', *, *, #1243, .T. ) ;
#1263 = ORIENTED_EDGE ( 'NONE', *, *, #1228, .F. ) ;
#1264 = FACE_OUTER_BOUND ( 'NONE', #1049, .T. ) ;
#1265 = CARTESIAN_POINT ( 'NONE',  ( -12.64297035140169712, 40.87862270408920295, 21.57362388879437987 ) ) ;
#1266 = CARTESIAN_POINT ( 'NONE',  ( 2.499999999999800160, -51.29182111840705005, 49.78482002936953421 ) ) ;
#1267 = ORIENTED_EDGE ( 'NONE', *, *, #345, .F. ) ;
#1268 = EDGE_CURVE ( 'NONE', #867, #397, #959, .T. ) ;
#1269 = VERTEX_POINT ( 'NONE', #1084 ) ;
#1270 = AXIS2_PLACEMENT_3D ( 'NONE', #1145, #53, #490 ) ;
#1271 = CARTESIAN_POINT ( 'NONE',  ( -17.51173008777509565, 37.98763665329698824, 17.85739381281581473 ) ) ;
#1272 = CARTESIAN_POINT ( 'NONE',  ( 2.499999999999696687, -80.53931956790127344, 37.28536199862471534 ) ) ;
#1273 = VERTEX_POINT ( 'NONE', #89 ) ;
#1274 = CARTESIAN_POINT ( 'NONE',  ( -3.014209508371869628, -97.21476499968073881, -1.817742035086529206 ) ) ;
#1275 = VERTEX_POINT ( 'NONE', #1106 ) ;
#1276 = EDGE_CURVE ( 'NONE', #632, #191, #742, .T. ) ;
#1277 = CARTESIAN_POINT ( 'NONE',  ( 16.42080910447876718, 38.34749719101269960, 18.85442750627117903 ) ) ;
#1278 = CARTESIAN_POINT ( 'NONE',  ( -2.499999999999958256, 27.68987830896123725, 2.500000000000103473 ) ) ;
#1279 = CARTESIAN_POINT ( 'NONE',  ( 2.499999999999731326, -59.86830558994246587, 48.43509138963561611 ) ) ;
#1280 = ORIENTED_EDGE ( 'NONE', *, *, #137, .T. ) ;
#1281 = DIRECTION ( 'NONE',  ( 0.000000000000000000, 6.982962677686266711E-15, -1.000000000000000000 ) ) ;
#1282 = ORIENTED_EDGE ( 'NONE', *, *, #73, .T. ) ;
#1283 = CARTESIAN_POINT ( 'NONE',  ( -11.18332432234079832, 42.95657054805632669, -22.35992858663826865 ) ) ;
#1284 = VERTEX_POINT ( 'NONE', #530 ) ;
#1285 = ADVANCED_FACE ( 'NONE', ( #645 ), #869, .F. ) ;
#1286 = CARTESIAN_POINT ( 'NONE',  ( -49.84213279940045283, -50.49548015005454005, 2.499999999999561684 ) ) ;
#1287 = CARTESIAN_POINT ( 'NONE',  ( -49.84213279940046704, -50.49548015005451163, -2.500000000000429878 ) ) ;
#1288 = CARTESIAN_POINT ( 'NONE',  ( 48.74336208377958712, -58.27876717580326726, 2.499999999999476863 ) ) ;
#1289 = DIRECTION ( 'NONE',  ( 2.029491997795871344E-45, 6.982962677686267499E-15, -1.000000000000000000 ) ) ;
#1290 = ORIENTED_EDGE ( 'NONE', *, *, #555, .F. ) ;
#1291 = CIRCLE ( 'NONE', #55, 25.00000000000026645 ) ;
#1292 = CARTESIAN_POINT ( 'NONE',  ( 16.69979692697528151, 38.24578892308842626, 18.60793477367435145 ) ) ;
#1293 = ORIENTED_EDGE ( 'NONE', *, *, #996, .F. ) ;
#1294 = AXIS2_PLACEMENT_3D ( 'NONE', #1032, #610, #364 ) ;
#1295 = ADVANCED_FACE ( 'NONE', ( #296 ), #1357, .T. ) ;
#1296 = DIRECTION ( 'NONE',  ( 1.000000000000000000, -3.330669073875434123E-15, -2.366582715663010193E-29 ) ) ;
#1297 = CARTESIAN_POINT ( 'NONE',  ( -3.014209508371870072, -97.21476499968076723, 1.817742035084990881 ) ) ;
#1298 = CARTESIAN_POINT ( 'NONE',  ( 37.27000619835908424, -80.55656844063071276, 2.499999999999332090 ) ) ;
#1299 = CARTESIAN_POINT ( 'NONE',  ( 5.677633454317491335, -96.94925265665695235, -2.500000000000763389 ) ) ;
#1300 = VERTEX_POINT ( 'NONE', #984 ) ;
#1301 = CARTESIAN_POINT ( 'NONE',  ( 11.97647981198267075, 41.71061616407104111, 21.94606981415797620 ) ) ;
#1302 = ORIENTED_EDGE ( 'NONE', *, *, #215, .T. ) ;
#1303 = LINE ( 'NONE', #192, #301 ) ;
#1304 = CARTESIAN_POINT ( 'NONE',  ( -1.272928738746226029, -95.49406556931980106, 30.88159970836951729 ) ) ;
#1305 = CARTESIAN_POINT ( 'NONE',  ( 18.00091371185353495, -93.99668770587513222, 2.499999999999258815 ) ) ;
#1306 = CARTESIAN_POINT ( 'NONE',  ( 49.63423530813728490, -53.64248376059877899, -2.500000000000463185 ) ) ;
#1307 = ADVANCED_FACE ( 'NONE', ( #1099 ), #523, .T. ) ;
#1308 = EDGE_LOOP ( 'NONE', ( #205, #478, #285, #101, #802, #746, #587, #1167, #854, #1267, #528, #735, #292, #181, #593, #947, #324, #253 ) ) ;
#1309 = AXIS2_PLACEMENT_3D ( 'NONE', #1097, #439, #122 ) ;
#1310 = DIRECTION ( 'NONE',  ( 1.000000000000000000, -3.469446951953577112E-15, -2.415886522239322870E-29 ) ) ;
#1311 = CARTESIAN_POINT ( 'NONE',  ( -2.500000000000386358, -97.18496504918878998, 2.499999999999231282 ) ) ;
#1312 = PLANE ( 'NONE',  #467 ) ;
#1313 = CARTESIAN_POINT ( 'NONE',  ( 2.499999999999785949, -47.31012169103822629, -49.93746088859612087 ) ) ;
#1314 = EDGE_LOOP ( 'NONE', ( #1150, #96, #1191, #1338 ) ) ;
#1315 = B_SPLINE_CURVE_WITH_KNOTS ( 'NONE', 3,
 ( #934, #939, #734, #607, #282, #817, #374, #835, #613, #178, #1171, #1259, #66, #502, #1272, #269, #592, #827, #161, #1068, #1040, #1383, #725, #1389, #1254, #1362, #1279, #1060, #265, #1266, #1160, #702, #288, #1165 ),
 .UNSPECIFIED., .F., .F.,
 ( 4, 2, 2, 2, 2, 2, 2, 2, 2, 2, 2, 2, 2, 2, 2, 2, 4 ),
 ( 6.938893903907228378E-18, 0.004771606103980859798, 0.009543212207961710922, 0.01908642441592340103, 0.02385803051990425389, 0.02862963662388510674, 0.03817284883184682287, 0.04055865188383727532, 0.04294445493582772083, 0.04771606103980867430, 0.05248766714378961390, 0.05487347019578009411, 0.05725927324777056737, 0.06680248545573247432, 0.07157409155971342085, 0.07395989461170393575, 0.07634569766369439514 ),
 .UNSPECIFIED. ) ;
#1316 = CARTESIAN_POINT ( 'NONE',  ( 3.430248998885766791E-13, 127.6898783089612550, 8.019138550631092833E-13 ) ) ;
#1317 = AXIS2_PLACEMENT_3D ( 'NONE', #606, #483, #1033 ) ;
#1318 = CARTESIAN_POINT ( 'NONE',  ( -2.500000000000344169, -84.01663372087782022, 34.00782169760135787 ) ) ;
#1319 = VECTOR ( 'NONE', #604, 1000.000000000000000 ) ;
#1320 = LINE ( 'NONE', #1008, #46 ) ;
#1321 = DIRECTION ( 'NONE',  ( -1.000000000000000000, -0.000000000000000000, 0.000000000000000000 ) ) ;
#1322 = CARTESIAN_POINT ( 'NONE',  ( 2.499999999999651390, -86.06981105845454749, -31.64569768558088469 ) ) ;
#1323 = ORIENTED_EDGE ( 'NONE', *, *, #814, .F. ) ;
#1324 = CARTESIAN_POINT ( 'NONE',  ( -2.500000000000357936, -90.10075544933086178, -25.75542838702399351 ) ) ;
#1325 = EDGE_CURVE ( 'NONE', #907, #85, #1420, .T. ) ;
#1326 = CARTESIAN_POINT ( 'NONE',  ( -2.500000000000205613, -53.66629689062939690, 49.55681567230317341 ) ) ;
#1327 = LINE ( 'NONE', #911, #730 ) ;
#1328 = FACE_OUTER_BOUND ( 'NONE', #719, .T. ) ;
#1329 = FACE_OUTER_BOUND ( 'NONE', #271, .T. ) ;
#1330 = ORIENTED_EDGE ( 'NONE', *, *, #1172, .T. ) ;
#1331 = CARTESIAN_POINT ( 'NONE',  ( -2.500000000000269118, -65.10311417244307108, -46.66677822977245427 ) ) ;
#1332 = DIRECTION ( 'NONE',  ( 3.430248998885766176E-15, 1.000000000000000000, 6.982962677686266711E-15 ) ) ;
#1333 = AXIS2_PLACEMENT_3D ( 'NONE', #851, #978, #1093 ) ;
#1334 = CARTESIAN_POINT ( 'NONE',  ( 0.000000000000000000, 0.000000000000000000, 0.000000000000000000 ) ) ;
#1335 = EDGE_CURVE ( 'NONE', #1213, #1390, #321, .T. ) ;
#1336 = DIRECTION ( 'NONE',  ( -1.000000000000000000, 3.430248998885766176E-15, 2.395330073438998468E-29 ) ) ;
#1337 = CARTESIAN_POINT ( 'NONE',  ( 49.95757756189733101, -47.31012169103872367, -2.059233873802210901 ) ) ;
#1338 = ORIENTED_EDGE ( 'NONE', *, *, #156, .F. ) ;
#1339 = CARTESIAN_POINT ( 'NONE',  ( -2.500000000000356604, -89.68330003435083597, -26.43666868615952481 ) ) ;
#1340 = CARTESIAN_POINT ( 'NONE',  ( -2.500000000000248246, -50.49548015005503032, 49.84213279939973518 ) ) ;
#1341 = AXIS2_PLACEMENT_3D ( 'NONE', #99, #1197, #113 ) ;
#1342 = CARTESIAN_POINT ( 'NONE',  ( 9.999999999999747757, 47.68987830896137581, -22.91287847477924089 ) ) ;
#1343 = CARTESIAN_POINT ( 'NONE',  ( 2.499999999999616751, -96.46863696263551446, -8.821827560900818099 ) ) ;
#1344 = ORIENTED_EDGE ( 'NONE', *, *, #327, .F. ) ;
#1345 = CARTESIAN_POINT ( 'NONE',  ( -2.500000000000313083, -81.14275992856391895, -36.73861411736936589 ) ) ;
#1346 = CARTESIAN_POINT ( 'NONE',  ( 2.499999999999527489, -122.3101216910387166, -2.500000000000944134 ) ) ;
#1347 = LINE ( 'NONE', #250, #637 ) ;
#1348 = CARTESIAN_POINT ( 'NONE',  ( 49.93746088859545296, -47.31012169103875209, 2.499999999999576783 ) ) ;
#1349 = CARTESIAN_POINT ( 'NONE',  ( 3.083896475472573950, -97.21476499968076723, -0.1271171340876589284 ) ) ;
#1350 = ORIENTED_EDGE ( 'NONE', *, *, #121, .F. ) ;
#1351 = ADVANCED_FACE ( 'NONE', ( #859 ), #652, .T. ) ;
#1352 = CYLINDRICAL_SURFACE ( 'NONE', #685, 25.00000000000013145 ) ;
#1353 = DIRECTION ( 'NONE',  ( -1.000000000000000000, 3.430248998885766570E-15, 2.395330073438998748E-29 ) ) ;
#1354 = VECTOR ( 'NONE', #658, 1000.000000000000000 ) ;
#1355 = DIRECTION ( 'NONE',  ( -1.000000000000000000, -0.000000000000000000, 0.000000000000000000 ) ) ;
#1356 = FACE_OUTER_BOUND ( 'NONE', #465, .T. ) ;
#1357 =( BOUNDED_SURFACE ( )  B_SPLINE_SURFACE ( 3, 3, ( 
 ( #629, #515, #1196, #1210 ),
 ( #7, #209, #98, #1413 ),
 ( #1180, #417, #426, #1304 ),
 ( #544, #1297, #537, #193 ) ),
 .UNSPECIFIED., .F., .F., .F. ) 
 B_SPLINE_SURFACE_WITH_KNOTS ( ( 4, 4 ),
 ( 4, 4 ),
 ( 0.000000000000000000, 1.000000000000000000 ),
 ( 0.000000000000000000, 1.000000000000000000 ),
 .UNSPECIFIED. ) 
 GEOMETRIC_REPRESENTATION_ITEM ( )  RATIONAL_B_SPLINE_SURFACE ( (
 ( 1.000000000000000000, 0.8237525346917968783, 0.8237525346917968783, 1.000000000000000000),
 ( 0.8190699571006432311, 0.6747109532515561670, 0.6747109532515561670, 0.8190699571006432311),
 ( 0.8190699571006432311, 0.6747109532515561670, 0.6747109532515561670, 0.8190699571006432311),
 ( 1.000000000000000000, 0.8237525346917968783, 0.8237525346917968783, 1.000000000000000000) ) ) 
 REPRESENTATION_ITEM ( '' )  SURFACE ( )  );
#1358 = ORIENTED_EDGE ( 'NONE', *, *, #921, .F. ) ;
#1359 = CARTESIAN_POINT ( 'NONE',  ( -48.82868361499721743, -47.31012169103820497, -29.44651009771379080 ) ) ;
#1360 = CARTESIAN_POINT ( 'NONE',  ( 3.430248998885765781E-14, 37.68987830896124791, 1.734472140713453551E-13 ) ) ;
#1361 = CARTESIAN_POINT ( 'NONE',  ( 24.87468592766550302, -47.31012169103876630, 2.499999999999579448 ) ) ;
#1362 = CARTESIAN_POINT ( 'NONE',  ( 2.499999999999705569, -62.88769403798207236, 47.55153095458278756 ) ) ;
#1363 = VECTOR ( 'NONE', #905, 1000.000000000000000 ) ;
#1364 = CARTESIAN_POINT ( 'NONE',  ( 49.95757756189733101, -47.31012169103874498, 2.059233873801366244 ) ) ;
#1365 = CIRCLE ( 'NONE', #743, 25.00000000000026645 ) ;
#1366 = DIRECTION ( 'NONE',  ( 1.000000000000000000, -3.330669073875434911E-15, -2.366582715663010753E-29 ) ) ;
#1367 = EDGE_CURVE ( 'NONE', #273, #872, #1320, .T. ) ;
#1368 = DIRECTION ( 'NONE',  ( 3.430248998885766176E-15, 1.000000000000000000, 6.982962677686266711E-15 ) ) ;
#1369 = CARTESIAN_POINT ( 'NONE',  ( -8.824207050397012253, -96.48750159103204282, -2.500000000000759393 ) ) ;
#1370 = CARTESIAN_POINT ( 'NONE',  ( 20.00000000000003553, 37.68987830896117686, 1.734472140713448502E-13 ) ) ;
#1371 = ORIENTED_EDGE ( 'NONE', *, *, #1276, .F. ) ;
#1372 = DIRECTION ( 'NONE',  ( -1.000000000000000000, 3.430248998885766176E-15, 2.395330073438998468E-29 ) ) ;
#1373 = FACE_OUTER_BOUND ( 'NONE', #1199, .T. ) ;
#1374 = LINE ( 'NONE', #1146, #992 ) ;
#1375 = AXIS2_PLACEMENT_3D ( 'NONE', #1204, #111, #883 ) ;
#1376 = CARTESIAN_POINT ( 'NONE',  ( 30.18376661311632247, -95.49406556931982948, 18.20255068451497138 ) ) ;
#1377 = AXIS2_PLACEMENT_3D ( 'NONE', #969, #217, #441 ) ;
#1378 = ORIENTED_EDGE ( 'NONE', *, *, #1421, .T. ) ;
#1379 = B_SPLINE_CURVE_WITH_KNOTS ( 'NONE', 3,
 ( #1406, #995, #1306, #987, #1086, #980, #1416, #9, #745, #450, #429, #552, #91, #1212, #211, #526, #1183, #443, #332, #879, #1190, #752, #971, #662, #886, #2, #776, #419, #226, #204, #864, #1299, #17, #654 ),
 .UNSPECIFIED., .F., .F.,
 ( 4, 2, 2, 2, 2, 2, 2, 2, 2, 2, 2, 2, 2, 2, 2, 2, 4 ),
 ( 0.000000000000000000, 0.009440086100412988998, 0.01416012915061948436, 0.01652015067572273552, 0.01888017220082598494, 0.02832025830123888546, 0.03304030135144536001, 0.03540032287654860943, 0.03776034440165185191, 0.04720043050206479407, 0.04956045202716800879, 0.05192047355227122352, 0.05664051660247763215, 0.06608060270289044247, 0.06844062422799365719, 0.07080064575309685804, 0.07552068880330324585 ),
 .UNSPECIFIED. ) ;
#1380 = CARTESIAN_POINT ( 'NONE',  ( 1.777291836105945188E-43, 27.68987830896123015, 2.500000000000103473 ) ) ;
#1381 = VERTEX_POINT ( 'NONE', #455 ) ;
#1382 = DIRECTION ( 'NONE',  ( 1.000000000000000000, -3.430248998885766176E-15, -2.395330073438998468E-29 ) ) ;
#1383 = CARTESIAN_POINT ( 'NONE',  ( 2.499999999999726441, -69.46442729992075726, 44.76116591397737920 ) ) ;
#1384 = ORIENTED_EDGE ( 'NONE', *, *, #1335, .T. ) ;
#1385 = ORIENTED_EDGE ( 'NONE', *, *, #1052, .T. ) ;
#1386 = AXIS2_PLACEMENT_3D ( 'NONE', #1000, #1007, #1236 ) ;
#1387 = CARTESIAN_POINT ( 'NONE',  ( -10.34914623737132722, 45.04274222215900636, -22.75751032677885277 ) ) ;
#1388 = CARTESIAN_POINT ( 'NONE',  ( -10.08781882418726639, 46.16579349460248238, 22.87512283139932379 ) ) ;
#1389 = CARTESIAN_POINT ( 'NONE',  ( 2.499999999999712674, -67.30281406314794879, 45.76762541531884665 ) ) ;
#1390 = VERTEX_POINT ( 'NONE', #336 ) ;
#1391 = CYLINDRICAL_SURFACE ( 'NONE', #1057, 25.00000000000013145 ) ;
#1392 = VERTEX_POINT ( 'NONE', #892 ) ;
#1393 = EDGE_CURVE ( 'NONE', #1087, #867, #15, .T. ) ;
#1394 = CARTESIAN_POINT ( 'NONE',  ( 14.21023912480552021, 39.52983222226671955, 20.57138485343729073 ) ) ;
#1395 = ORIENTED_EDGE ( 'NONE', *, *, #163, .F. ) ;
#1396 = CARTESIAN_POINT ( 'NONE',  ( -48.43509138963641902, -59.86830558994193296, 2.499999999999483968 ) ) ;
#1397 = CARTESIAN_POINT ( 'NONE',  ( 10.00000000000034284, 127.6898783089613971, -22.91287847477868311 ) ) ;
#1398 = CYLINDRICAL_SURFACE ( 'NONE', #554, 15.00000000000000000 ) ;
#1399 = DIRECTION ( 'NONE',  ( -3.430248998885766176E-15, -1.000000000000000000, -6.982962677686266711E-15 ) ) ;
#1400 = VERTEX_POINT ( 'NONE', #681 ) ;
#1401 = CARTESIAN_POINT ( 'NONE',  ( -14.21023912480543316, 39.52983222226712456, -20.57138485343693546 ) ) ;
#1402 = ORIENTED_EDGE ( 'NONE', *, *, #921, .T. ) ;
#1403 = CARTESIAN_POINT ( 'NONE',  ( -15.01081427873791618, -95.04351993506047336, 2.499999999999249489 ) ) ;
#1404 = CARTESIAN_POINT ( 'NONE',  ( 10.00000000000003553, 37.68987830896107027, 22.91287847477965300 ) ) ;
#1405 = CARTESIAN_POINT ( 'NONE',  ( 41.20426945856027601, -75.56686619163347984, 2.499999999999386713 ) ) ;
#1406 = CARTESIAN_POINT ( 'NONE',  ( 49.93746088859545296, -47.31012169103872367, -2.500000000000420552 ) ) ;
#1407 = ORIENTED_EDGE ( 'NONE', *, *, #1421, .F. ) ;
#1408 = CIRCLE ( 'NONE', #1270, 25.00000000000026645 ) ;
#1409 = CARTESIAN_POINT ( 'NONE',  ( -19.54022503649315823, 37.68987830896142555, -15.61303328467599094 ) ) ;
#1410 = VERTEX_POINT ( 'NONE', #448 ) ;
#1411 = VECTOR ( 'NONE', #1235, 1000.000000000000000 ) ;
#1412 = CARTESIAN_POINT ( 'NONE',  ( -2.500000000000386358, -97.18496504918878998, 2.499999999999231282 ) ) ;
#1413 = CARTESIAN_POINT ( 'NONE',  ( -2.059233873802095438, -75.18459022027268190, 49.95757756189708942 ) ) ;
#1414 = EDGE_CURVE ( 'NONE', #1005, #397, #1327, .T. ) ;
#1415 = CARTESIAN_POINT ( 'NONE',  ( 49.63423530813729911, -53.64248376059880741, 2.499999999999510170 ) ) ;
#1416 = CARTESIAN_POINT ( 'NONE',  ( 47.46500897720322598, -62.84906164915332738, -2.500000000000529354 ) ) ;
#1417 = ORIENTED_EDGE ( 'NONE', *, *, #163, .T. ) ;
#1418 = CARTESIAN_POINT ( 'NONE',  ( 11.18332432234090845, 42.95657054805590036, 22.35992858663867722 ) ) ;
#1419 = CARTESIAN_POINT ( 'NONE',  ( -37.28536199862576694, -80.53931956790084712, 2.499999999999340083 ) ) ;
#1420 = LINE ( 'NONE', #433, #1168 ) ;
#1421 = EDGE_CURVE ( 'NONE', #199, #1175, #1347, .T. ) ;
ENDSEC;
END-ISO-10303-21;
